PROVIDER;DESCRIPTION;ACCOUNTID;REGION;ASSESSMENTDATE;REQUIREMENTS_ID;REQUIREMENTS_DESCRIPTION;REQUIREMENTS_ATTRIBUTES_NAME;REQUIREMENTS_ATTRIBUTES_WELLARCHITECTEDQUESTIONID;REQUIREMENTS_ATTRIBUTES_WELLARCHITECTEDPRACTICEID;REQUIREMENTS_ATTRIBUTES_SECTION;REQUIREMENTS_ATTRIBUTES_SUBSECTION;REQUIREMENTS_ATTRIBUTES_LEVELOFRISK;REQUIREMENTS_ATTRIBUTES_ASSESSMENTMETHOD;REQUIREMENTS_ATTRIBUTES_DESCRIPTION;REQUIREMENTS_ATTRIBUTES_IMPLEMENTATIONGUIDANCEURL;STATUS;STATUSEXTENDED;RESOURCEID;CHECKID;MUTED;RESOURCENAME;FRAMEWORK;NAME
aws;Best Practices for AWS Well-Architected Framework Security Pillar. The focus of this framework is the security pillar of the AWS Well-Architected Framework. It provides guidance to help you apply best practices, current recommendations in the design, delivery, and maintenance of secure AWS workloads.;481665130730;ap-northeast-2;2026-05-18 12:36:20.224133;SEC08-BP02;You should ensure that the only way to store data is by using encryption. AWS Key Management Service (AWS KMS) integrates seamlessly with many AWS services to make it easier for you to encrypt all your data at rest. For example, in Amazon Simple Storage Service (Amazon S3), you can set default encryption on a bucket so that all new objects are automatically encrypted. Additionally, Amazon Elastic Compute Cloud (Amazon EC2) and Amazon S3 support the enforcement of encryption by setting default encryption. You can use AWS Config Rules to check automatically that you are using encryption, for example, for Amazon Elastic Block Store (Amazon EBS) volumes, Amazon Relational Database Service (Amazon RDS) instances, and Amazon S3 buckets.;SEC08-BP02 Enforce encryption at rest;protect-data-rest;sec_protect_data_rest_encrypt;Data protection;Protecting data at rest;High;Automated;You should ensure that the only way to store data is by using encryption. AWS Key Management Service (AWS KMS) integrates seamlessly with many AWS services to make it easier for you to encrypt all your data at rest. For example, in Amazon Simple Storage Service (Amazon S3), you can set default encryption on a bucket so that all new objects are automatically encrypted. Additionally, Amazon Elastic Compute Cloud (Amazon EC2) and Amazon S3 support the enforcement of encryption by setting default encryption. You can use AWS Config Rules to check automatically that you are using encryption, for example, for Amazon Elastic Block Store (Amazon EBS) volumes, Amazon Relational Database Service (Amazon RDS) instances, and Amazon S3 buckets.;https://docs.aws.amazon.com/wellarchitected/latest/security-pillar/sec_protect_data_rest_encrypt.html#implementation-guidance.;PASS;EBS Snapshot vol-0a4fa51cdb3678bc3 is encrypted.;arn:aws:ec2:ap-northeast-2:481665130730:volume/vol-0a4fa51cdb3678bc3;ec2_ebs_volume_encryption;False;vol-0a4fa51cdb3678bc3;AWS-Well-Architected-Framework-Security-Pillar;AWS Well-Architected Framework Security Pillar
aws;Best Practices for AWS Well-Architected Framework Security Pillar. The focus of this framework is the security pillar of the AWS Well-Architected Framework. It provides guidance to help you apply best practices, current recommendations in the design, delivery, and maintenance of secure AWS workloads.;481665130730;ap-northeast-2;2026-05-18 12:36:20.224133;SEC08-BP02;You should ensure that the only way to store data is by using encryption. AWS Key Management Service (AWS KMS) integrates seamlessly with many AWS services to make it easier for you to encrypt all your data at rest. For example, in Amazon Simple Storage Service (Amazon S3), you can set default encryption on a bucket so that all new objects are automatically encrypted. Additionally, Amazon Elastic Compute Cloud (Amazon EC2) and Amazon S3 support the enforcement of encryption by setting default encryption. You can use AWS Config Rules to check automatically that you are using encryption, for example, for Amazon Elastic Block Store (Amazon EBS) volumes, Amazon Relational Database Service (Amazon RDS) instances, and Amazon S3 buckets.;SEC08-BP02 Enforce encryption at rest;protect-data-rest;sec_protect_data_rest_encrypt;Data protection;Protecting data at rest;High;Automated;You should ensure that the only way to store data is by using encryption. AWS Key Management Service (AWS KMS) integrates seamlessly with many AWS services to make it easier for you to encrypt all your data at rest. For example, in Amazon Simple Storage Service (Amazon S3), you can set default encryption on a bucket so that all new objects are automatically encrypted. Additionally, Amazon Elastic Compute Cloud (Amazon EC2) and Amazon S3 support the enforcement of encryption by setting default encryption. You can use AWS Config Rules to check automatically that you are using encryption, for example, for Amazon Elastic Block Store (Amazon EBS) volumes, Amazon Relational Database Service (Amazon RDS) instances, and Amazon S3 buckets.;https://docs.aws.amazon.com/wellarchitected/latest/security-pillar/sec_protect_data_rest_encrypt.html#implementation-guidance.;PASS;EBS Snapshot vol-08ee6c849022903b8 is encrypted.;arn:aws:ec2:ap-northeast-2:481665130730:volume/vol-08ee6c849022903b8;ec2_ebs_volume_encryption;False;vol-08ee6c849022903b8;AWS-Well-Architected-Framework-Security-Pillar;AWS Well-Architected Framework Security Pillar
aws;Best Practices for AWS Well-Architected Framework Security Pillar. The focus of this framework is the security pillar of the AWS Well-Architected Framework. It provides guidance to help you apply best practices, current recommendations in the design, delivery, and maintenance of secure AWS workloads.;481665130730;ap-northeast-2;2026-05-18 12:36:20.224133;SEC08-BP02;You should ensure that the only way to store data is by using encryption. AWS Key Management Service (AWS KMS) integrates seamlessly with many AWS services to make it easier for you to encrypt all your data at rest. For example, in Amazon Simple Storage Service (Amazon S3), you can set default encryption on a bucket so that all new objects are automatically encrypted. Additionally, Amazon Elastic Compute Cloud (Amazon EC2) and Amazon S3 support the enforcement of encryption by setting default encryption. You can use AWS Config Rules to check automatically that you are using encryption, for example, for Amazon Elastic Block Store (Amazon EBS) volumes, Amazon Relational Database Service (Amazon RDS) instances, and Amazon S3 buckets.;SEC08-BP02 Enforce encryption at rest;protect-data-rest;sec_protect_data_rest_encrypt;Data protection;Protecting data at rest;High;Automated;You should ensure that the only way to store data is by using encryption. AWS Key Management Service (AWS KMS) integrates seamlessly with many AWS services to make it easier for you to encrypt all your data at rest. For example, in Amazon Simple Storage Service (Amazon S3), you can set default encryption on a bucket so that all new objects are automatically encrypted. Additionally, Amazon Elastic Compute Cloud (Amazon EC2) and Amazon S3 support the enforcement of encryption by setting default encryption. You can use AWS Config Rules to check automatically that you are using encryption, for example, for Amazon Elastic Block Store (Amazon EBS) volumes, Amazon Relational Database Service (Amazon RDS) instances, and Amazon S3 buckets.;https://docs.aws.amazon.com/wellarchitected/latest/security-pillar/sec_protect_data_rest_encrypt.html#implementation-guidance.;PASS;EBS Snapshot vol-0c14a118e89adeb02 is encrypted.;arn:aws:ec2:ap-northeast-2:481665130730:volume/vol-0c14a118e89adeb02;ec2_ebs_volume_encryption;False;vol-0c14a118e89adeb02;AWS-Well-Architected-Framework-Security-Pillar;AWS Well-Architected Framework Security Pillar
aws;Best Practices for AWS Well-Architected Framework Security Pillar. The focus of this framework is the security pillar of the AWS Well-Architected Framework. It provides guidance to help you apply best practices, current recommendations in the design, delivery, and maintenance of secure AWS workloads.;481665130730;ap-northeast-2;2026-05-18 12:36:20.224133;SEC03-BP01;Each component or resource of your workload needs to be accessed by administrators, end users, or other components. Have a clear definition of who or what should have access to each component, choose the appropriate identity type and method of authentication and authorization.;SEC03-BP01 Define access requirements;permissions;sec_permissions_define;Identity and access management;Permissions management;High;Automated;Each component or resource of your workload needs to be accessed by administrators, end users, or other components. Have a clear definition of who or what should have access to each component, choose the appropriate identity type and method of authentication and authorization.;https://docs.aws.amazon.com/wellarchitected/latest/security-pillar/sec_permissions_define.html#implementation-guidance.;FAIL;EC2 Instance i-07bceee289ca15f66 has IMDSv2 disabled or not required.;arn:aws:ec2:ap-northeast-2:481665130730:instance/i-07bceee289ca15f66;ec2_instance_imdsv2_enabled;False;i-07bceee289ca15f66;AWS-Well-Architected-Framework-Security-Pillar;AWS Well-Architected Framework Security Pillar
aws;Best Practices for AWS Well-Architected Framework Security Pillar. The focus of this framework is the security pillar of the AWS Well-Architected Framework. It provides guidance to help you apply best practices, current recommendations in the design, delivery, and maintenance of secure AWS workloads.;481665130730;ap-northeast-2;2026-05-18 12:36:20.224133;SEC06-BP01;Frequently scan and patch for vulnerabilities in your code, dependencies, and in your infrastructure to help protect against new threats. Starting with the configuration of your compute infrastructure, you can automate creating and updating resources using AWS CloudFormation. CloudFormation allows you to create templates written in YAML or JSON, either using AWS examples or by writing your own. This allows you to create secure-by-default infrastructure templates that you can verify with CloudFormation Guard, to save you time and reduce the risk of configuration error. You can build your infrastructure and deploy your applications using continuous delivery, for example with AWS CodePipeline, to automate the building, testing, and release. You are responsible for patch management for your AWS resources, including Amazon Elastic Compute Cloud(Amazon EC2) instances, Amazon Machine Images (AMIs), and many other compute resources. For Amazon EC2 instances, AWS Systems Manager Patch Manager automates the process of patching managed instances with both security related and other types of updates. You can use Patch Manager to apply patches for both operating systems and applications. (On Windows Server, application support is limited to updates for Microsoft applications.) You can use Patch Manager to install Service Packs on Windows instances and perform minor version upgrades on Linux instances. You can patch fleets of Amazon EC2 instances or your on-premises servers and virtual machines (VMs) by operating system type. This includes supported versions of Windows Server, Amazon Linux, Amazon Linux 2, CentOS, Debian Server, Oracle Linux, Red Hat Enterprise Linux (RHEL), SUSE Linux Enterprise Server (SLES), and Ubuntu Server. You can scan instances to see only a report of missing patches, or you can scan and automatically install all missing patches.;SEC06-BP01 Perform vulnerability management;protect-compute;sec_protect_compute_vulnerability_management;Infrastructure protection;Protecting compute;High;Automated;Frequently scan and patch for vulnerabilities in your code, dependencies, and in your infrastructure to help protect against new threats. Starting with the configuration of your compute infrastructure, you can automate creating and updating resources using AWS CloudFormation. CloudFormation allows you to create templates written in YAML or JSON, either using AWS examples or by writing your own. This allows you to create secure-by-default infrastructure templates that you can verify with CloudFormation Guard, to save you time and reduce the risk of configuration error. You can build your infrastructure and deploy your applications using continuous delivery, for example with AWS CodePipeline, to automate the building, testing, and release. You are responsible for patch management for your AWS resources, including Amazon Elastic Compute Cloud(Amazon EC2) instances, Amazon Machine Images (AMIs), and many other compute resources. For Amazon EC2 instances, AWS Systems Manager Patch Manager automates the process of patching managed instances with both security related and other types of updates. You can use Patch Manager to apply patches for both operating systems and applications. (On Windows Server, application support is limited to updates for Microsoft applications.) You can use Patch Manager to install Service Packs on Windows instances and perform minor version upgrades on Linux instances. You can patch fleets of Amazon EC2 instances or your on-premises servers and virtual machines (VMs) by operating system type. This includes supported versions of Windows Server, Amazon Linux, Amazon Linux 2, CentOS, Debian Server, Oracle Linux, Red Hat Enterprise Linux (RHEL), SUSE Linux Enterprise Server (SLES), and Ubuntu Server. You can scan instances to see only a report of missing patches, or you can scan and automatically install all missing patches.;https://docs.aws.amazon.com/wellarchitected/latest/security-pillar/sec_network_protection_inspection.html#implementation-guidance.;FAIL;EC2 Instance i-07bceee289ca15f66 has IMDSv2 disabled or not required.;arn:aws:ec2:ap-northeast-2:481665130730:instance/i-07bceee289ca15f66;ec2_instance_imdsv2_enabled;False;i-07bceee289ca15f66;AWS-Well-Architected-Framework-Security-Pillar;AWS Well-Architected Framework Security Pillar
aws;Best Practices for AWS Well-Architected Framework Security Pillar. The focus of this framework is the security pillar of the AWS Well-Architected Framework. It provides guidance to help you apply best practices, current recommendations in the design, delivery, and maintenance of secure AWS workloads.;481665130730;ap-northeast-2;2026-05-18 12:36:20.224133;SEC03-BP01;Each component or resource of your workload needs to be accessed by administrators, end users, or other components. Have a clear definition of who or what should have access to each component, choose the appropriate identity type and method of authentication and authorization.;SEC03-BP01 Define access requirements;permissions;sec_permissions_define;Identity and access management;Permissions management;High;Automated;Each component or resource of your workload needs to be accessed by administrators, end users, or other components. Have a clear definition of who or what should have access to each component, choose the appropriate identity type and method of authentication and authorization.;https://docs.aws.amazon.com/wellarchitected/latest/security-pillar/sec_permissions_define.html#implementation-guidance.;FAIL;EC2 Instance i-02cd85c618c8ca45d has IMDSv2 disabled or not required.;arn:aws:ec2:ap-northeast-2:481665130730:instance/i-02cd85c618c8ca45d;ec2_instance_imdsv2_enabled;False;i-02cd85c618c8ca45d;AWS-Well-Architected-Framework-Security-Pillar;AWS Well-Architected Framework Security Pillar
aws;Best Practices for AWS Well-Architected Framework Security Pillar. The focus of this framework is the security pillar of the AWS Well-Architected Framework. It provides guidance to help you apply best practices, current recommendations in the design, delivery, and maintenance of secure AWS workloads.;481665130730;ap-northeast-2;2026-05-18 12:36:20.224133;SEC06-BP01;Frequently scan and patch for vulnerabilities in your code, dependencies, and in your infrastructure to help protect against new threats. Starting with the configuration of your compute infrastructure, you can automate creating and updating resources using AWS CloudFormation. CloudFormation allows you to create templates written in YAML or JSON, either using AWS examples or by writing your own. This allows you to create secure-by-default infrastructure templates that you can verify with CloudFormation Guard, to save you time and reduce the risk of configuration error. You can build your infrastructure and deploy your applications using continuous delivery, for example with AWS CodePipeline, to automate the building, testing, and release. You are responsible for patch management for your AWS resources, including Amazon Elastic Compute Cloud(Amazon EC2) instances, Amazon Machine Images (AMIs), and many other compute resources. For Amazon EC2 instances, AWS Systems Manager Patch Manager automates the process of patching managed instances with both security related and other types of updates. You can use Patch Manager to apply patches for both operating systems and applications. (On Windows Server, application support is limited to updates for Microsoft applications.) You can use Patch Manager to install Service Packs on Windows instances and perform minor version upgrades on Linux instances. You can patch fleets of Amazon EC2 instances or your on-premises servers and virtual machines (VMs) by operating system type. This includes supported versions of Windows Server, Amazon Linux, Amazon Linux 2, CentOS, Debian Server, Oracle Linux, Red Hat Enterprise Linux (RHEL), SUSE Linux Enterprise Server (SLES), and Ubuntu Server. You can scan instances to see only a report of missing patches, or you can scan and automatically install all missing patches.;SEC06-BP01 Perform vulnerability management;protect-compute;sec_protect_compute_vulnerability_management;Infrastructure protection;Protecting compute;High;Automated;Frequently scan and patch for vulnerabilities in your code, dependencies, and in your infrastructure to help protect against new threats. Starting with the configuration of your compute infrastructure, you can automate creating and updating resources using AWS CloudFormation. CloudFormation allows you to create templates written in YAML or JSON, either using AWS examples or by writing your own. This allows you to create secure-by-default infrastructure templates that you can verify with CloudFormation Guard, to save you time and reduce the risk of configuration error. You can build your infrastructure and deploy your applications using continuous delivery, for example with AWS CodePipeline, to automate the building, testing, and release. You are responsible for patch management for your AWS resources, including Amazon Elastic Compute Cloud(Amazon EC2) instances, Amazon Machine Images (AMIs), and many other compute resources. For Amazon EC2 instances, AWS Systems Manager Patch Manager automates the process of patching managed instances with both security related and other types of updates. You can use Patch Manager to apply patches for both operating systems and applications. (On Windows Server, application support is limited to updates for Microsoft applications.) You can use Patch Manager to install Service Packs on Windows instances and perform minor version upgrades on Linux instances. You can patch fleets of Amazon EC2 instances or your on-premises servers and virtual machines (VMs) by operating system type. This includes supported versions of Windows Server, Amazon Linux, Amazon Linux 2, CentOS, Debian Server, Oracle Linux, Red Hat Enterprise Linux (RHEL), SUSE Linux Enterprise Server (SLES), and Ubuntu Server. You can scan instances to see only a report of missing patches, or you can scan and automatically install all missing patches.;https://docs.aws.amazon.com/wellarchitected/latest/security-pillar/sec_network_protection_inspection.html#implementation-guidance.;FAIL;EC2 Instance i-02cd85c618c8ca45d has IMDSv2 disabled or not required.;arn:aws:ec2:ap-northeast-2:481665130730:instance/i-02cd85c618c8ca45d;ec2_instance_imdsv2_enabled;False;i-02cd85c618c8ca45d;AWS-Well-Architected-Framework-Security-Pillar;AWS Well-Architected Framework Security Pillar
aws;Best Practices for AWS Well-Architected Framework Security Pillar. The focus of this framework is the security pillar of the AWS Well-Architected Framework. It provides guidance to help you apply best practices, current recommendations in the design, delivery, and maintenance of secure AWS workloads.;481665130730;ap-northeast-2;2026-05-18 12:36:20.224133;SEC03-BP01;Each component or resource of your workload needs to be accessed by administrators, end users, or other components. Have a clear definition of who or what should have access to each component, choose the appropriate identity type and method of authentication and authorization.;SEC03-BP01 Define access requirements;permissions;sec_permissions_define;Identity and access management;Permissions management;High;Automated;Each component or resource of your workload needs to be accessed by administrators, end users, or other components. Have a clear definition of who or what should have access to each component, choose the appropriate identity type and method of authentication and authorization.;https://docs.aws.amazon.com/wellarchitected/latest/security-pillar/sec_permissions_define.html#implementation-guidance.;FAIL;EC2 Instance i-00eee3ea558971b12 has IMDSv2 disabled or not required.;arn:aws:ec2:ap-northeast-2:481665130730:instance/i-00eee3ea558971b12;ec2_instance_imdsv2_enabled;False;i-00eee3ea558971b12;AWS-Well-Architected-Framework-Security-Pillar;AWS Well-Architected Framework Security Pillar
aws;Best Practices for AWS Well-Architected Framework Security Pillar. The focus of this framework is the security pillar of the AWS Well-Architected Framework. It provides guidance to help you apply best practices, current recommendations in the design, delivery, and maintenance of secure AWS workloads.;481665130730;ap-northeast-2;2026-05-18 12:36:20.224133;SEC06-BP01;Frequently scan and patch for vulnerabilities in your code, dependencies, and in your infrastructure to help protect against new threats. Starting with the configuration of your compute infrastructure, you can automate creating and updating resources using AWS CloudFormation. CloudFormation allows you to create templates written in YAML or JSON, either using AWS examples or by writing your own. This allows you to create secure-by-default infrastructure templates that you can verify with CloudFormation Guard, to save you time and reduce the risk of configuration error. You can build your infrastructure and deploy your applications using continuous delivery, for example with AWS CodePipeline, to automate the building, testing, and release. You are responsible for patch management for your AWS resources, including Amazon Elastic Compute Cloud(Amazon EC2) instances, Amazon Machine Images (AMIs), and many other compute resources. For Amazon EC2 instances, AWS Systems Manager Patch Manager automates the process of patching managed instances with both security related and other types of updates. You can use Patch Manager to apply patches for both operating systems and applications. (On Windows Server, application support is limited to updates for Microsoft applications.) You can use Patch Manager to install Service Packs on Windows instances and perform minor version upgrades on Linux instances. You can patch fleets of Amazon EC2 instances or your on-premises servers and virtual machines (VMs) by operating system type. This includes supported versions of Windows Server, Amazon Linux, Amazon Linux 2, CentOS, Debian Server, Oracle Linux, Red Hat Enterprise Linux (RHEL), SUSE Linux Enterprise Server (SLES), and Ubuntu Server. You can scan instances to see only a report of missing patches, or you can scan and automatically install all missing patches.;SEC06-BP01 Perform vulnerability management;protect-compute;sec_protect_compute_vulnerability_management;Infrastructure protection;Protecting compute;High;Automated;Frequently scan and patch for vulnerabilities in your code, dependencies, and in your infrastructure to help protect against new threats. Starting with the configuration of your compute infrastructure, you can automate creating and updating resources using AWS CloudFormation. CloudFormation allows you to create templates written in YAML or JSON, either using AWS examples or by writing your own. This allows you to create secure-by-default infrastructure templates that you can verify with CloudFormation Guard, to save you time and reduce the risk of configuration error. You can build your infrastructure and deploy your applications using continuous delivery, for example with AWS CodePipeline, to automate the building, testing, and release. You are responsible for patch management for your AWS resources, including Amazon Elastic Compute Cloud(Amazon EC2) instances, Amazon Machine Images (AMIs), and many other compute resources. For Amazon EC2 instances, AWS Systems Manager Patch Manager automates the process of patching managed instances with both security related and other types of updates. You can use Patch Manager to apply patches for both operating systems and applications. (On Windows Server, application support is limited to updates for Microsoft applications.) You can use Patch Manager to install Service Packs on Windows instances and perform minor version upgrades on Linux instances. You can patch fleets of Amazon EC2 instances or your on-premises servers and virtual machines (VMs) by operating system type. This includes supported versions of Windows Server, Amazon Linux, Amazon Linux 2, CentOS, Debian Server, Oracle Linux, Red Hat Enterprise Linux (RHEL), SUSE Linux Enterprise Server (SLES), and Ubuntu Server. You can scan instances to see only a report of missing patches, or you can scan and automatically install all missing patches.;https://docs.aws.amazon.com/wellarchitected/latest/security-pillar/sec_network_protection_inspection.html#implementation-guidance.;FAIL;EC2 Instance i-00eee3ea558971b12 has IMDSv2 disabled or not required.;arn:aws:ec2:ap-northeast-2:481665130730:instance/i-00eee3ea558971b12;ec2_instance_imdsv2_enabled;False;i-00eee3ea558971b12;AWS-Well-Architected-Framework-Security-Pillar;AWS Well-Architected Framework Security Pillar
aws;Best Practices for AWS Well-Architected Framework Security Pillar. The focus of this framework is the security pillar of the AWS Well-Architected Framework. It provides guidance to help you apply best practices, current recommendations in the design, delivery, and maintenance of secure AWS workloads.;481665130730;ap-northeast-2;2026-05-18 12:36:20.224133;SEC06-BP01;Frequently scan and patch for vulnerabilities in your code, dependencies, and in your infrastructure to help protect against new threats. Starting with the configuration of your compute infrastructure, you can automate creating and updating resources using AWS CloudFormation. CloudFormation allows you to create templates written in YAML or JSON, either using AWS examples or by writing your own. This allows you to create secure-by-default infrastructure templates that you can verify with CloudFormation Guard, to save you time and reduce the risk of configuration error. You can build your infrastructure and deploy your applications using continuous delivery, for example with AWS CodePipeline, to automate the building, testing, and release. You are responsible for patch management for your AWS resources, including Amazon Elastic Compute Cloud(Amazon EC2) instances, Amazon Machine Images (AMIs), and many other compute resources. For Amazon EC2 instances, AWS Systems Manager Patch Manager automates the process of patching managed instances with both security related and other types of updates. You can use Patch Manager to apply patches for both operating systems and applications. (On Windows Server, application support is limited to updates for Microsoft applications.) You can use Patch Manager to install Service Packs on Windows instances and perform minor version upgrades on Linux instances. You can patch fleets of Amazon EC2 instances or your on-premises servers and virtual machines (VMs) by operating system type. This includes supported versions of Windows Server, Amazon Linux, Amazon Linux 2, CentOS, Debian Server, Oracle Linux, Red Hat Enterprise Linux (RHEL), SUSE Linux Enterprise Server (SLES), and Ubuntu Server. You can scan instances to see only a report of missing patches, or you can scan and automatically install all missing patches.;SEC06-BP01 Perform vulnerability management;protect-compute;sec_protect_compute_vulnerability_management;Infrastructure protection;Protecting compute;High;Automated;Frequently scan and patch for vulnerabilities in your code, dependencies, and in your infrastructure to help protect against new threats. Starting with the configuration of your compute infrastructure, you can automate creating and updating resources using AWS CloudFormation. CloudFormation allows you to create templates written in YAML or JSON, either using AWS examples or by writing your own. This allows you to create secure-by-default infrastructure templates that you can verify with CloudFormation Guard, to save you time and reduce the risk of configuration error. You can build your infrastructure and deploy your applications using continuous delivery, for example with AWS CodePipeline, to automate the building, testing, and release. You are responsible for patch management for your AWS resources, including Amazon Elastic Compute Cloud(Amazon EC2) instances, Amazon Machine Images (AMIs), and many other compute resources. For Amazon EC2 instances, AWS Systems Manager Patch Manager automates the process of patching managed instances with both security related and other types of updates. You can use Patch Manager to apply patches for both operating systems and applications. (On Windows Server, application support is limited to updates for Microsoft applications.) You can use Patch Manager to install Service Packs on Windows instances and perform minor version upgrades on Linux instances. You can patch fleets of Amazon EC2 instances or your on-premises servers and virtual machines (VMs) by operating system type. This includes supported versions of Windows Server, Amazon Linux, Amazon Linux 2, CentOS, Debian Server, Oracle Linux, Red Hat Enterprise Linux (RHEL), SUSE Linux Enterprise Server (SLES), and Ubuntu Server. You can scan instances to see only a report of missing patches, or you can scan and automatically install all missing patches.;https://docs.aws.amazon.com/wellarchitected/latest/security-pillar/sec_network_protection_inspection.html#implementation-guidance.;FAIL;EC2 Instance i-07bceee289ca15f66 at IP 3.39.189.196 is internet-facing with Instance Profile arn:aws:iam::481665130730:instance-profile/acme-prod-ec2-ssm-profile.;arn:aws:ec2:ap-northeast-2:481665130730:instance/i-07bceee289ca15f66;ec2_instance_internet_facing_with_instance_profile;False;i-07bceee289ca15f66;AWS-Well-Architected-Framework-Security-Pillar;AWS Well-Architected Framework Security Pillar
aws;Best Practices for AWS Well-Architected Framework Security Pillar. The focus of this framework is the security pillar of the AWS Well-Architected Framework. It provides guidance to help you apply best practices, current recommendations in the design, delivery, and maintenance of secure AWS workloads.;481665130730;ap-northeast-2;2026-05-18 12:36:20.224133;SEC06-BP01;Frequently scan and patch for vulnerabilities in your code, dependencies, and in your infrastructure to help protect against new threats. Starting with the configuration of your compute infrastructure, you can automate creating and updating resources using AWS CloudFormation. CloudFormation allows you to create templates written in YAML or JSON, either using AWS examples or by writing your own. This allows you to create secure-by-default infrastructure templates that you can verify with CloudFormation Guard, to save you time and reduce the risk of configuration error. You can build your infrastructure and deploy your applications using continuous delivery, for example with AWS CodePipeline, to automate the building, testing, and release. You are responsible for patch management for your AWS resources, including Amazon Elastic Compute Cloud(Amazon EC2) instances, Amazon Machine Images (AMIs), and many other compute resources. For Amazon EC2 instances, AWS Systems Manager Patch Manager automates the process of patching managed instances with both security related and other types of updates. You can use Patch Manager to apply patches for both operating systems and applications. (On Windows Server, application support is limited to updates for Microsoft applications.) You can use Patch Manager to install Service Packs on Windows instances and perform minor version upgrades on Linux instances. You can patch fleets of Amazon EC2 instances or your on-premises servers and virtual machines (VMs) by operating system type. This includes supported versions of Windows Server, Amazon Linux, Amazon Linux 2, CentOS, Debian Server, Oracle Linux, Red Hat Enterprise Linux (RHEL), SUSE Linux Enterprise Server (SLES), and Ubuntu Server. You can scan instances to see only a report of missing patches, or you can scan and automatically install all missing patches.;SEC06-BP01 Perform vulnerability management;protect-compute;sec_protect_compute_vulnerability_management;Infrastructure protection;Protecting compute;High;Automated;Frequently scan and patch for vulnerabilities in your code, dependencies, and in your infrastructure to help protect against new threats. Starting with the configuration of your compute infrastructure, you can automate creating and updating resources using AWS CloudFormation. CloudFormation allows you to create templates written in YAML or JSON, either using AWS examples or by writing your own. This allows you to create secure-by-default infrastructure templates that you can verify with CloudFormation Guard, to save you time and reduce the risk of configuration error. You can build your infrastructure and deploy your applications using continuous delivery, for example with AWS CodePipeline, to automate the building, testing, and release. You are responsible for patch management for your AWS resources, including Amazon Elastic Compute Cloud(Amazon EC2) instances, Amazon Machine Images (AMIs), and many other compute resources. For Amazon EC2 instances, AWS Systems Manager Patch Manager automates the process of patching managed instances with both security related and other types of updates. You can use Patch Manager to apply patches for both operating systems and applications. (On Windows Server, application support is limited to updates for Microsoft applications.) You can use Patch Manager to install Service Packs on Windows instances and perform minor version upgrades on Linux instances. You can patch fleets of Amazon EC2 instances or your on-premises servers and virtual machines (VMs) by operating system type. This includes supported versions of Windows Server, Amazon Linux, Amazon Linux 2, CentOS, Debian Server, Oracle Linux, Red Hat Enterprise Linux (RHEL), SUSE Linux Enterprise Server (SLES), and Ubuntu Server. You can scan instances to see only a report of missing patches, or you can scan and automatically install all missing patches.;https://docs.aws.amazon.com/wellarchitected/latest/security-pillar/sec_network_protection_inspection.html#implementation-guidance.;FAIL;EC2 Instance i-02cd85c618c8ca45d at IP 43.203.124.181 is internet-facing with Instance Profile arn:aws:iam::481665130730:instance-profile/acme-prod-ec2-ssm-profile.;arn:aws:ec2:ap-northeast-2:481665130730:instance/i-02cd85c618c8ca45d;ec2_instance_internet_facing_with_instance_profile;False;i-02cd85c618c8ca45d;AWS-Well-Architected-Framework-Security-Pillar;AWS Well-Architected Framework Security Pillar
aws;Best Practices for AWS Well-Architected Framework Security Pillar. The focus of this framework is the security pillar of the AWS Well-Architected Framework. It provides guidance to help you apply best practices, current recommendations in the design, delivery, and maintenance of secure AWS workloads.;481665130730;ap-northeast-2;2026-05-18 12:36:20.224133;SEC06-BP01;Frequently scan and patch for vulnerabilities in your code, dependencies, and in your infrastructure to help protect against new threats. Starting with the configuration of your compute infrastructure, you can automate creating and updating resources using AWS CloudFormation. CloudFormation allows you to create templates written in YAML or JSON, either using AWS examples or by writing your own. This allows you to create secure-by-default infrastructure templates that you can verify with CloudFormation Guard, to save you time and reduce the risk of configuration error. You can build your infrastructure and deploy your applications using continuous delivery, for example with AWS CodePipeline, to automate the building, testing, and release. You are responsible for patch management for your AWS resources, including Amazon Elastic Compute Cloud(Amazon EC2) instances, Amazon Machine Images (AMIs), and many other compute resources. For Amazon EC2 instances, AWS Systems Manager Patch Manager automates the process of patching managed instances with both security related and other types of updates. You can use Patch Manager to apply patches for both operating systems and applications. (On Windows Server, application support is limited to updates for Microsoft applications.) You can use Patch Manager to install Service Packs on Windows instances and perform minor version upgrades on Linux instances. You can patch fleets of Amazon EC2 instances or your on-premises servers and virtual machines (VMs) by operating system type. This includes supported versions of Windows Server, Amazon Linux, Amazon Linux 2, CentOS, Debian Server, Oracle Linux, Red Hat Enterprise Linux (RHEL), SUSE Linux Enterprise Server (SLES), and Ubuntu Server. You can scan instances to see only a report of missing patches, or you can scan and automatically install all missing patches.;SEC06-BP01 Perform vulnerability management;protect-compute;sec_protect_compute_vulnerability_management;Infrastructure protection;Protecting compute;High;Automated;Frequently scan and patch for vulnerabilities in your code, dependencies, and in your infrastructure to help protect against new threats. Starting with the configuration of your compute infrastructure, you can automate creating and updating resources using AWS CloudFormation. CloudFormation allows you to create templates written in YAML or JSON, either using AWS examples or by writing your own. This allows you to create secure-by-default infrastructure templates that you can verify with CloudFormation Guard, to save you time and reduce the risk of configuration error. You can build your infrastructure and deploy your applications using continuous delivery, for example with AWS CodePipeline, to automate the building, testing, and release. You are responsible for patch management for your AWS resources, including Amazon Elastic Compute Cloud(Amazon EC2) instances, Amazon Machine Images (AMIs), and many other compute resources. For Amazon EC2 instances, AWS Systems Manager Patch Manager automates the process of patching managed instances with both security related and other types of updates. You can use Patch Manager to apply patches for both operating systems and applications. (On Windows Server, application support is limited to updates for Microsoft applications.) You can use Patch Manager to install Service Packs on Windows instances and perform minor version upgrades on Linux instances. You can patch fleets of Amazon EC2 instances or your on-premises servers and virtual machines (VMs) by operating system type. This includes supported versions of Windows Server, Amazon Linux, Amazon Linux 2, CentOS, Debian Server, Oracle Linux, Red Hat Enterprise Linux (RHEL), SUSE Linux Enterprise Server (SLES), and Ubuntu Server. You can scan instances to see only a report of missing patches, or you can scan and automatically install all missing patches.;https://docs.aws.amazon.com/wellarchitected/latest/security-pillar/sec_network_protection_inspection.html#implementation-guidance.;PASS;EC2 Instance i-00eee3ea558971b12 is not internet facing with an instance profile.;arn:aws:ec2:ap-northeast-2:481665130730:instance/i-00eee3ea558971b12;ec2_instance_internet_facing_with_instance_profile;False;i-00eee3ea558971b12;AWS-Well-Architected-Framework-Security-Pillar;AWS Well-Architected Framework Security Pillar
aws;Best Practices for AWS Well-Architected Framework Security Pillar. The focus of this framework is the security pillar of the AWS Well-Architected Framework. It provides guidance to help you apply best practices, current recommendations in the design, delivery, and maintenance of secure AWS workloads.;481665130730;ap-northeast-2;2026-05-18 12:36:20.224133;SEC01-BP06;Establish secure baselines and templates for security mechanisms that are tested and validated as part of your build, pipelines, and processes. Use tools and automation to test and validate all security controls continuously. For example, scan items such as machine images and infrastructure-as-code templates for security vulnerabilities, irregularities, and drift from an established baseline at each stage. AWS CloudFormation Guard can help you verify that CloudFormation templates are safe, save you time, and reduce the risk of configuration error.Reducing the number of security misconfigurations introduced into a production environment is critical—the more quality control and reduction of defects you can perform in the build process, the better. Design continuous integration and continuous deployment (CI/CD) pipelines to test for security issues whenever possible. CI/CD pipelines offer the opportunity to enhance security at each stage of build and delivery. CI/CD security tooling must also be kept updated to mitigate evolving threats.Track changes to your workload configuration to help with compliance auditing, change management, and investigations that may apply to you. You can use AWS Config to record and evaluate your AWS and third-party resources. It allows you to continuously audit and assess the overall compliance with rules and conformance packs, which are collections of rules with remediation actions.Change tracking should include planned changes, which are part of your organization's change control process (sometimes referred to as MACD—Move, Add, Change, Delete), unplanned changes, and unexpected changes, such as incidents. Changes might occur on the infrastructure, but they might also be related to other categories, such as changes in code repositories, machine images and application inventory changes, process and policy changes, or documentation changes.;SEC01-BP06 Automate testing and validation of security controls in pipelines;securely-operate;sec_securely_operate_test_validate_pipeline;Security foundations;Operating your workloads securely;Medium;Automated;Establish secure baselines and templates for security mechanisms that are tested and validated as part of your build, pipelines, and processes. Use tools and automation to test and validate all security controls continuously. For example, scan items such as machine images and infrastructure-as-code templates for security vulnerabilities, irregularities, and drift from an established baseline at each stage. AWS CloudFormation Guard can help you verify that CloudFormation templates are safe, save you time, and reduce the risk of configuration error.Reducing the number of security misconfigurations introduced into a production environment is critical—the more quality control and reduction of defects you can perform in the build process, the better. Design continuous integration and continuous deployment (CI/CD) pipelines to test for security issues whenever possible. CI/CD pipelines offer the opportunity to enhance security at each stage of build and delivery. CI/CD security tooling must also be kept updated to mitigate evolving threats.Track changes to your workload configuration to help with compliance auditing, change management, and investigations that may apply to you. You can use AWS Config to record and evaluate your AWS and third-party resources. It allows you to continuously audit and assess the overall compliance with rules and conformance packs, which are collections of rules with remediation actions.Change tracking should include planned changes, which are part of your organization's change control process (sometimes referred to as MACD—Move, Add, Change, Delete), unplanned changes, and unexpected changes, such as incidents. Changes might occur on the infrastructure, but they might also be related to other categories, such as changes in code repositories, machine images and application inventory changes, process and policy changes, or documentation changes.;https://docs.aws.amazon.com/wellarchitected/latest/security-pillar/sec_securely_operate_test_validate_pipeline.html#implementation-guidance.;PASS;EC2 Instance i-07bceee289ca15f66 is managed by Systems Manager.;arn:aws:ec2:ap-northeast-2:481665130730:instance/i-07bceee289ca15f66;ec2_instance_managed_by_ssm;False;i-07bceee289ca15f66;AWS-Well-Architected-Framework-Security-Pillar;AWS Well-Architected Framework Security Pillar
aws;Best Practices for AWS Well-Architected Framework Security Pillar. The focus of this framework is the security pillar of the AWS Well-Architected Framework. It provides guidance to help you apply best practices, current recommendations in the design, delivery, and maintenance of secure AWS workloads.;481665130730;ap-northeast-2;2026-05-18 12:36:20.224133;SEC06-BP04;Automate your protective compute mechanisms including vulnerability management, reduction in attack surface, and management of resources. The automation will help you invest time in securing other aspects of your workload, and reduce the risk of human error.;SEC06-BP04 Automate compute protection;protect-compute;sec_protect_compute_auto_protection;Infrastructure protection;Protecting compute;Medium;Automated;Automate your protective compute mechanisms including vulnerability management, reduction in attack surface, and management of resources. The automation will help you invest time in securing other aspects of your workload, and reduce the risk of human error.;https://docs.aws.amazon.com/wellarchitected/latest/security-pillar/sec_protect_compute_auto_protection.html#implementation-guidance.;PASS;EC2 Instance i-07bceee289ca15f66 is managed by Systems Manager.;arn:aws:ec2:ap-northeast-2:481665130730:instance/i-07bceee289ca15f66;ec2_instance_managed_by_ssm;False;i-07bceee289ca15f66;AWS-Well-Architected-Framework-Security-Pillar;AWS Well-Architected Framework Security Pillar
aws;Best Practices for AWS Well-Architected Framework Security Pillar. The focus of this framework is the security pillar of the AWS Well-Architected Framework. It provides guidance to help you apply best practices, current recommendations in the design, delivery, and maintenance of secure AWS workloads.;481665130730;ap-northeast-2;2026-05-18 12:36:20.224133;SEC06-BP05;Removing the ability for interactive access reduces the risk of human error, and the potential for manual configuration or management. For example, use a change management workflow to deploy Amazon Elastic Compute Cloud (Amazon EC2) instances using infrastructure-as-code, then manage Amazon EC2 instances using tools such as AWS Systems Manager instead of allowing direct access or through a bastion host. AWS Systems Manager can automate a variety of maintenance and deployment tasks, using features including automation workflows, documents (playbooks), and the run command. AWS CloudFormation stacks build from pipelines and can automate your infrastructure deployment and management tasks without using the AWS Management Console or APIs directly.;SEC06-BP05 Enable people to perform actions at a distance;protect-compute;sec_protect_compute_actions_distance;Infrastructure protection;Protecting compute;Low;Automated;Removing the ability for interactive access reduces the risk of human error, and the potential for manual configuration or management. For example, use a change management workflow to deploy Amazon Elastic Compute Cloud (Amazon EC2) instances using infrastructure-as-code, then manage Amazon EC2 instances using tools such as AWS Systems Manager instead of allowing direct access or through a bastion host. AWS Systems Manager can automate a variety of maintenance and deployment tasks, using features including automation workflows, documents (playbooks), and the run command. AWS CloudFormation stacks build from pipelines and can automate your infrastructure deployment and management tasks without using the AWS Management Console or APIs directly.;https://docs.aws.amazon.com/wellarchitected/latest/security-pillar/sec_protect_compute_actions_distance.html#implementation-guidance.;PASS;EC2 Instance i-07bceee289ca15f66 is managed by Systems Manager.;arn:aws:ec2:ap-northeast-2:481665130730:instance/i-07bceee289ca15f66;ec2_instance_managed_by_ssm;False;i-07bceee289ca15f66;AWS-Well-Architected-Framework-Security-Pillar;AWS Well-Architected Framework Security Pillar
aws;Best Practices for AWS Well-Architected Framework Security Pillar. The focus of this framework is the security pillar of the AWS Well-Architected Framework. It provides guidance to help you apply best practices, current recommendations in the design, delivery, and maintenance of secure AWS workloads.;481665130730;ap-northeast-2;2026-05-18 12:36:20.224133;SEC01-BP06;Establish secure baselines and templates for security mechanisms that are tested and validated as part of your build, pipelines, and processes. Use tools and automation to test and validate all security controls continuously. For example, scan items such as machine images and infrastructure-as-code templates for security vulnerabilities, irregularities, and drift from an established baseline at each stage. AWS CloudFormation Guard can help you verify that CloudFormation templates are safe, save you time, and reduce the risk of configuration error.Reducing the number of security misconfigurations introduced into a production environment is critical—the more quality control and reduction of defects you can perform in the build process, the better. Design continuous integration and continuous deployment (CI/CD) pipelines to test for security issues whenever possible. CI/CD pipelines offer the opportunity to enhance security at each stage of build and delivery. CI/CD security tooling must also be kept updated to mitigate evolving threats.Track changes to your workload configuration to help with compliance auditing, change management, and investigations that may apply to you. You can use AWS Config to record and evaluate your AWS and third-party resources. It allows you to continuously audit and assess the overall compliance with rules and conformance packs, which are collections of rules with remediation actions.Change tracking should include planned changes, which are part of your organization's change control process (sometimes referred to as MACD—Move, Add, Change, Delete), unplanned changes, and unexpected changes, such as incidents. Changes might occur on the infrastructure, but they might also be related to other categories, such as changes in code repositories, machine images and application inventory changes, process and policy changes, or documentation changes.;SEC01-BP06 Automate testing and validation of security controls in pipelines;securely-operate;sec_securely_operate_test_validate_pipeline;Security foundations;Operating your workloads securely;Medium;Automated;Establish secure baselines and templates for security mechanisms that are tested and validated as part of your build, pipelines, and processes. Use tools and automation to test and validate all security controls continuously. For example, scan items such as machine images and infrastructure-as-code templates for security vulnerabilities, irregularities, and drift from an established baseline at each stage. AWS CloudFormation Guard can help you verify that CloudFormation templates are safe, save you time, and reduce the risk of configuration error.Reducing the number of security misconfigurations introduced into a production environment is critical—the more quality control and reduction of defects you can perform in the build process, the better. Design continuous integration and continuous deployment (CI/CD) pipelines to test for security issues whenever possible. CI/CD pipelines offer the opportunity to enhance security at each stage of build and delivery. CI/CD security tooling must also be kept updated to mitigate evolving threats.Track changes to your workload configuration to help with compliance auditing, change management, and investigations that may apply to you. You can use AWS Config to record and evaluate your AWS and third-party resources. It allows you to continuously audit and assess the overall compliance with rules and conformance packs, which are collections of rules with remediation actions.Change tracking should include planned changes, which are part of your organization's change control process (sometimes referred to as MACD—Move, Add, Change, Delete), unplanned changes, and unexpected changes, such as incidents. Changes might occur on the infrastructure, but they might also be related to other categories, such as changes in code repositories, machine images and application inventory changes, process and policy changes, or documentation changes.;https://docs.aws.amazon.com/wellarchitected/latest/security-pillar/sec_securely_operate_test_validate_pipeline.html#implementation-guidance.;PASS;EC2 Instance i-02cd85c618c8ca45d is managed by Systems Manager.;arn:aws:ec2:ap-northeast-2:481665130730:instance/i-02cd85c618c8ca45d;ec2_instance_managed_by_ssm;False;i-02cd85c618c8ca45d;AWS-Well-Architected-Framework-Security-Pillar;AWS Well-Architected Framework Security Pillar
aws;Best Practices for AWS Well-Architected Framework Security Pillar. The focus of this framework is the security pillar of the AWS Well-Architected Framework. It provides guidance to help you apply best practices, current recommendations in the design, delivery, and maintenance of secure AWS workloads.;481665130730;ap-northeast-2;2026-05-18 12:36:20.224133;SEC06-BP04;Automate your protective compute mechanisms including vulnerability management, reduction in attack surface, and management of resources. The automation will help you invest time in securing other aspects of your workload, and reduce the risk of human error.;SEC06-BP04 Automate compute protection;protect-compute;sec_protect_compute_auto_protection;Infrastructure protection;Protecting compute;Medium;Automated;Automate your protective compute mechanisms including vulnerability management, reduction in attack surface, and management of resources. The automation will help you invest time in securing other aspects of your workload, and reduce the risk of human error.;https://docs.aws.amazon.com/wellarchitected/latest/security-pillar/sec_protect_compute_auto_protection.html#implementation-guidance.;PASS;EC2 Instance i-02cd85c618c8ca45d is managed by Systems Manager.;arn:aws:ec2:ap-northeast-2:481665130730:instance/i-02cd85c618c8ca45d;ec2_instance_managed_by_ssm;False;i-02cd85c618c8ca45d;AWS-Well-Architected-Framework-Security-Pillar;AWS Well-Architected Framework Security Pillar
aws;Best Practices for AWS Well-Architected Framework Security Pillar. The focus of this framework is the security pillar of the AWS Well-Architected Framework. It provides guidance to help you apply best practices, current recommendations in the design, delivery, and maintenance of secure AWS workloads.;481665130730;ap-northeast-2;2026-05-18 12:36:20.224133;SEC06-BP05;Removing the ability for interactive access reduces the risk of human error, and the potential for manual configuration or management. For example, use a change management workflow to deploy Amazon Elastic Compute Cloud (Amazon EC2) instances using infrastructure-as-code, then manage Amazon EC2 instances using tools such as AWS Systems Manager instead of allowing direct access or through a bastion host. AWS Systems Manager can automate a variety of maintenance and deployment tasks, using features including automation workflows, documents (playbooks), and the run command. AWS CloudFormation stacks build from pipelines and can automate your infrastructure deployment and management tasks without using the AWS Management Console or APIs directly.;SEC06-BP05 Enable people to perform actions at a distance;protect-compute;sec_protect_compute_actions_distance;Infrastructure protection;Protecting compute;Low;Automated;Removing the ability for interactive access reduces the risk of human error, and the potential for manual configuration or management. For example, use a change management workflow to deploy Amazon Elastic Compute Cloud (Amazon EC2) instances using infrastructure-as-code, then manage Amazon EC2 instances using tools such as AWS Systems Manager instead of allowing direct access or through a bastion host. AWS Systems Manager can automate a variety of maintenance and deployment tasks, using features including automation workflows, documents (playbooks), and the run command. AWS CloudFormation stacks build from pipelines and can automate your infrastructure deployment and management tasks without using the AWS Management Console or APIs directly.;https://docs.aws.amazon.com/wellarchitected/latest/security-pillar/sec_protect_compute_actions_distance.html#implementation-guidance.;PASS;EC2 Instance i-02cd85c618c8ca45d is managed by Systems Manager.;arn:aws:ec2:ap-northeast-2:481665130730:instance/i-02cd85c618c8ca45d;ec2_instance_managed_by_ssm;False;i-02cd85c618c8ca45d;AWS-Well-Architected-Framework-Security-Pillar;AWS Well-Architected Framework Security Pillar
aws;Best Practices for AWS Well-Architected Framework Security Pillar. The focus of this framework is the security pillar of the AWS Well-Architected Framework. It provides guidance to help you apply best practices, current recommendations in the design, delivery, and maintenance of secure AWS workloads.;481665130730;ap-northeast-2;2026-05-18 12:36:20.224133;SEC01-BP06;Establish secure baselines and templates for security mechanisms that are tested and validated as part of your build, pipelines, and processes. Use tools and automation to test and validate all security controls continuously. For example, scan items such as machine images and infrastructure-as-code templates for security vulnerabilities, irregularities, and drift from an established baseline at each stage. AWS CloudFormation Guard can help you verify that CloudFormation templates are safe, save you time, and reduce the risk of configuration error.Reducing the number of security misconfigurations introduced into a production environment is critical—the more quality control and reduction of defects you can perform in the build process, the better. Design continuous integration and continuous deployment (CI/CD) pipelines to test for security issues whenever possible. CI/CD pipelines offer the opportunity to enhance security at each stage of build and delivery. CI/CD security tooling must also be kept updated to mitigate evolving threats.Track changes to your workload configuration to help with compliance auditing, change management, and investigations that may apply to you. You can use AWS Config to record and evaluate your AWS and third-party resources. It allows you to continuously audit and assess the overall compliance with rules and conformance packs, which are collections of rules with remediation actions.Change tracking should include planned changes, which are part of your organization's change control process (sometimes referred to as MACD—Move, Add, Change, Delete), unplanned changes, and unexpected changes, such as incidents. Changes might occur on the infrastructure, but they might also be related to other categories, such as changes in code repositories, machine images and application inventory changes, process and policy changes, or documentation changes.;SEC01-BP06 Automate testing and validation of security controls in pipelines;securely-operate;sec_securely_operate_test_validate_pipeline;Security foundations;Operating your workloads securely;Medium;Automated;Establish secure baselines and templates for security mechanisms that are tested and validated as part of your build, pipelines, and processes. Use tools and automation to test and validate all security controls continuously. For example, scan items such as machine images and infrastructure-as-code templates for security vulnerabilities, irregularities, and drift from an established baseline at each stage. AWS CloudFormation Guard can help you verify that CloudFormation templates are safe, save you time, and reduce the risk of configuration error.Reducing the number of security misconfigurations introduced into a production environment is critical—the more quality control and reduction of defects you can perform in the build process, the better. Design continuous integration and continuous deployment (CI/CD) pipelines to test for security issues whenever possible. CI/CD pipelines offer the opportunity to enhance security at each stage of build and delivery. CI/CD security tooling must also be kept updated to mitigate evolving threats.Track changes to your workload configuration to help with compliance auditing, change management, and investigations that may apply to you. You can use AWS Config to record and evaluate your AWS and third-party resources. It allows you to continuously audit and assess the overall compliance with rules and conformance packs, which are collections of rules with remediation actions.Change tracking should include planned changes, which are part of your organization's change control process (sometimes referred to as MACD—Move, Add, Change, Delete), unplanned changes, and unexpected changes, such as incidents. Changes might occur on the infrastructure, but they might also be related to other categories, such as changes in code repositories, machine images and application inventory changes, process and policy changes, or documentation changes.;https://docs.aws.amazon.com/wellarchitected/latest/security-pillar/sec_securely_operate_test_validate_pipeline.html#implementation-guidance.;FAIL;EC2 Instance i-00eee3ea558971b12 is not managed by Systems Manager.;arn:aws:ec2:ap-northeast-2:481665130730:instance/i-00eee3ea558971b12;ec2_instance_managed_by_ssm;False;i-00eee3ea558971b12;AWS-Well-Architected-Framework-Security-Pillar;AWS Well-Architected Framework Security Pillar
aws;Best Practices for AWS Well-Architected Framework Security Pillar. The focus of this framework is the security pillar of the AWS Well-Architected Framework. It provides guidance to help you apply best practices, current recommendations in the design, delivery, and maintenance of secure AWS workloads.;481665130730;ap-northeast-2;2026-05-18 12:36:20.224133;SEC06-BP04;Automate your protective compute mechanisms including vulnerability management, reduction in attack surface, and management of resources. The automation will help you invest time in securing other aspects of your workload, and reduce the risk of human error.;SEC06-BP04 Automate compute protection;protect-compute;sec_protect_compute_auto_protection;Infrastructure protection;Protecting compute;Medium;Automated;Automate your protective compute mechanisms including vulnerability management, reduction in attack surface, and management of resources. The automation will help you invest time in securing other aspects of your workload, and reduce the risk of human error.;https://docs.aws.amazon.com/wellarchitected/latest/security-pillar/sec_protect_compute_auto_protection.html#implementation-guidance.;FAIL;EC2 Instance i-00eee3ea558971b12 is not managed by Systems Manager.;arn:aws:ec2:ap-northeast-2:481665130730:instance/i-00eee3ea558971b12;ec2_instance_managed_by_ssm;False;i-00eee3ea558971b12;AWS-Well-Architected-Framework-Security-Pillar;AWS Well-Architected Framework Security Pillar
aws;Best Practices for AWS Well-Architected Framework Security Pillar. The focus of this framework is the security pillar of the AWS Well-Architected Framework. It provides guidance to help you apply best practices, current recommendations in the design, delivery, and maintenance of secure AWS workloads.;481665130730;ap-northeast-2;2026-05-18 12:36:20.224133;SEC06-BP05;Removing the ability for interactive access reduces the risk of human error, and the potential for manual configuration or management. For example, use a change management workflow to deploy Amazon Elastic Compute Cloud (Amazon EC2) instances using infrastructure-as-code, then manage Amazon EC2 instances using tools such as AWS Systems Manager instead of allowing direct access or through a bastion host. AWS Systems Manager can automate a variety of maintenance and deployment tasks, using features including automation workflows, documents (playbooks), and the run command. AWS CloudFormation stacks build from pipelines and can automate your infrastructure deployment and management tasks without using the AWS Management Console or APIs directly.;SEC06-BP05 Enable people to perform actions at a distance;protect-compute;sec_protect_compute_actions_distance;Infrastructure protection;Protecting compute;Low;Automated;Removing the ability for interactive access reduces the risk of human error, and the potential for manual configuration or management. For example, use a change management workflow to deploy Amazon Elastic Compute Cloud (Amazon EC2) instances using infrastructure-as-code, then manage Amazon EC2 instances using tools such as AWS Systems Manager instead of allowing direct access or through a bastion host. AWS Systems Manager can automate a variety of maintenance and deployment tasks, using features including automation workflows, documents (playbooks), and the run command. AWS CloudFormation stacks build from pipelines and can automate your infrastructure deployment and management tasks without using the AWS Management Console or APIs directly.;https://docs.aws.amazon.com/wellarchitected/latest/security-pillar/sec_protect_compute_actions_distance.html#implementation-guidance.;FAIL;EC2 Instance i-00eee3ea558971b12 is not managed by Systems Manager.;arn:aws:ec2:ap-northeast-2:481665130730:instance/i-00eee3ea558971b12;ec2_instance_managed_by_ssm;False;i-00eee3ea558971b12;AWS-Well-Architected-Framework-Security-Pillar;AWS Well-Architected Framework Security Pillar
aws;Best Practices for AWS Well-Architected Framework Security Pillar. The focus of this framework is the security pillar of the AWS Well-Architected Framework. It provides guidance to help you apply best practices, current recommendations in the design, delivery, and maintenance of secure AWS workloads.;481665130730;ap-northeast-2;2026-05-18 12:36:20.224133;SEC03-BP01;Each component or resource of your workload needs to be accessed by administrators, end users, or other components. Have a clear definition of who or what should have access to each component, choose the appropriate identity type and method of authentication and authorization.;SEC03-BP01 Define access requirements;permissions;sec_permissions_define;Identity and access management;Permissions management;High;Automated;Each component or resource of your workload needs to be accessed by administrators, end users, or other components. Have a clear definition of who or what should have access to each component, choose the appropriate identity type and method of authentication and authorization.;https://docs.aws.amazon.com/wellarchitected/latest/security-pillar/sec_permissions_define.html#implementation-guidance.;PASS;EC2 Instance i-07bceee289ca15f66 associated with Instance Profile Role arn:aws:iam::481665130730:instance-profile/acme-prod-ec2-ssm-profile.;arn:aws:ec2:ap-northeast-2:481665130730:instance/i-07bceee289ca15f66;ec2_instance_profile_attached;False;i-07bceee289ca15f66;AWS-Well-Architected-Framework-Security-Pillar;AWS Well-Architected Framework Security Pillar
aws;Best Practices for AWS Well-Architected Framework Security Pillar. The focus of this framework is the security pillar of the AWS Well-Architected Framework. It provides guidance to help you apply best practices, current recommendations in the design, delivery, and maintenance of secure AWS workloads.;481665130730;ap-northeast-2;2026-05-18 12:36:20.224133;SEC03-BP02;Grant only the access that identities require by allowing access to specific actions on specific AWS resources under specific conditions. Rely on groups and identity attributes to dynamically set permissions at scale, rather than defining permissions for individual users. For example, you can allow a group of developers access to manage only resources for their project. This way, when a developer is removed from the group, access for the developer is revoked everywhere that group was used for access control, without requiring any changes to the access policies.;SEC03-BP02 Grant least privilege access;permissions;sec_permissions_least_privileges;Identity and access management;Permissions management;High;Automated;Grant only the access that identities require by allowing access to specific actions on specific AWS resources under specific conditions. Rely on groups and identity attributes to dynamically set permissions at scale, rather than defining permissions for individual users. For example, you can allow a group of developers access to manage only resources for their project. This way, when a developer is removed from the group, access for the developer is revoked everywhere that group was used for access control, without requiring any changes to the access policies.;https://docs.aws.amazon.com/wellarchitected/latest/security-pillar/sec_permissions_least_privileges.html#implementation-guidance.;PASS;EC2 Instance i-07bceee289ca15f66 associated with Instance Profile Role arn:aws:iam::481665130730:instance-profile/acme-prod-ec2-ssm-profile.;arn:aws:ec2:ap-northeast-2:481665130730:instance/i-07bceee289ca15f66;ec2_instance_profile_attached;False;i-07bceee289ca15f66;AWS-Well-Architected-Framework-Security-Pillar;AWS Well-Architected Framework Security Pillar
aws;Best Practices for AWS Well-Architected Framework Security Pillar. The focus of this framework is the security pillar of the AWS Well-Architected Framework. It provides guidance to help you apply best practices, current recommendations in the design, delivery, and maintenance of secure AWS workloads.;481665130730;ap-northeast-2;2026-05-18 12:36:20.224133;SEC06-BP04;Automate your protective compute mechanisms including vulnerability management, reduction in attack surface, and management of resources. The automation will help you invest time in securing other aspects of your workload, and reduce the risk of human error.;SEC06-BP04 Automate compute protection;protect-compute;sec_protect_compute_auto_protection;Infrastructure protection;Protecting compute;Medium;Automated;Automate your protective compute mechanisms including vulnerability management, reduction in attack surface, and management of resources. The automation will help you invest time in securing other aspects of your workload, and reduce the risk of human error.;https://docs.aws.amazon.com/wellarchitected/latest/security-pillar/sec_protect_compute_auto_protection.html#implementation-guidance.;PASS;EC2 Instance i-07bceee289ca15f66 associated with Instance Profile Role arn:aws:iam::481665130730:instance-profile/acme-prod-ec2-ssm-profile.;arn:aws:ec2:ap-northeast-2:481665130730:instance/i-07bceee289ca15f66;ec2_instance_profile_attached;False;i-07bceee289ca15f66;AWS-Well-Architected-Framework-Security-Pillar;AWS Well-Architected Framework Security Pillar
aws;Best Practices for AWS Well-Architected Framework Security Pillar. The focus of this framework is the security pillar of the AWS Well-Architected Framework. It provides guidance to help you apply best practices, current recommendations in the design, delivery, and maintenance of secure AWS workloads.;481665130730;ap-northeast-2;2026-05-18 12:36:20.224133;SEC06-BP05;Removing the ability for interactive access reduces the risk of human error, and the potential for manual configuration or management. For example, use a change management workflow to deploy Amazon Elastic Compute Cloud (Amazon EC2) instances using infrastructure-as-code, then manage Amazon EC2 instances using tools such as AWS Systems Manager instead of allowing direct access or through a bastion host. AWS Systems Manager can automate a variety of maintenance and deployment tasks, using features including automation workflows, documents (playbooks), and the run command. AWS CloudFormation stacks build from pipelines and can automate your infrastructure deployment and management tasks without using the AWS Management Console or APIs directly.;SEC06-BP05 Enable people to perform actions at a distance;protect-compute;sec_protect_compute_actions_distance;Infrastructure protection;Protecting compute;Low;Automated;Removing the ability for interactive access reduces the risk of human error, and the potential for manual configuration or management. For example, use a change management workflow to deploy Amazon Elastic Compute Cloud (Amazon EC2) instances using infrastructure-as-code, then manage Amazon EC2 instances using tools such as AWS Systems Manager instead of allowing direct access or through a bastion host. AWS Systems Manager can automate a variety of maintenance and deployment tasks, using features including automation workflows, documents (playbooks), and the run command. AWS CloudFormation stacks build from pipelines and can automate your infrastructure deployment and management tasks without using the AWS Management Console or APIs directly.;https://docs.aws.amazon.com/wellarchitected/latest/security-pillar/sec_protect_compute_actions_distance.html#implementation-guidance.;PASS;EC2 Instance i-07bceee289ca15f66 associated with Instance Profile Role arn:aws:iam::481665130730:instance-profile/acme-prod-ec2-ssm-profile.;arn:aws:ec2:ap-northeast-2:481665130730:instance/i-07bceee289ca15f66;ec2_instance_profile_attached;False;i-07bceee289ca15f66;AWS-Well-Architected-Framework-Security-Pillar;AWS Well-Architected Framework Security Pillar
aws;Best Practices for AWS Well-Architected Framework Security Pillar. The focus of this framework is the security pillar of the AWS Well-Architected Framework. It provides guidance to help you apply best practices, current recommendations in the design, delivery, and maintenance of secure AWS workloads.;481665130730;ap-northeast-2;2026-05-18 12:36:20.224133;SEC03-BP01;Each component or resource of your workload needs to be accessed by administrators, end users, or other components. Have a clear definition of who or what should have access to each component, choose the appropriate identity type and method of authentication and authorization.;SEC03-BP01 Define access requirements;permissions;sec_permissions_define;Identity and access management;Permissions management;High;Automated;Each component or resource of your workload needs to be accessed by administrators, end users, or other components. Have a clear definition of who or what should have access to each component, choose the appropriate identity type and method of authentication and authorization.;https://docs.aws.amazon.com/wellarchitected/latest/security-pillar/sec_permissions_define.html#implementation-guidance.;PASS;EC2 Instance i-02cd85c618c8ca45d associated with Instance Profile Role arn:aws:iam::481665130730:instance-profile/acme-prod-ec2-ssm-profile.;arn:aws:ec2:ap-northeast-2:481665130730:instance/i-02cd85c618c8ca45d;ec2_instance_profile_attached;False;i-02cd85c618c8ca45d;AWS-Well-Architected-Framework-Security-Pillar;AWS Well-Architected Framework Security Pillar
aws;Best Practices for AWS Well-Architected Framework Security Pillar. The focus of this framework is the security pillar of the AWS Well-Architected Framework. It provides guidance to help you apply best practices, current recommendations in the design, delivery, and maintenance of secure AWS workloads.;481665130730;ap-northeast-2;2026-05-18 12:36:20.224133;SEC03-BP02;Grant only the access that identities require by allowing access to specific actions on specific AWS resources under specific conditions. Rely on groups and identity attributes to dynamically set permissions at scale, rather than defining permissions for individual users. For example, you can allow a group of developers access to manage only resources for their project. This way, when a developer is removed from the group, access for the developer is revoked everywhere that group was used for access control, without requiring any changes to the access policies.;SEC03-BP02 Grant least privilege access;permissions;sec_permissions_least_privileges;Identity and access management;Permissions management;High;Automated;Grant only the access that identities require by allowing access to specific actions on specific AWS resources under specific conditions. Rely on groups and identity attributes to dynamically set permissions at scale, rather than defining permissions for individual users. For example, you can allow a group of developers access to manage only resources for their project. This way, when a developer is removed from the group, access for the developer is revoked everywhere that group was used for access control, without requiring any changes to the access policies.;https://docs.aws.amazon.com/wellarchitected/latest/security-pillar/sec_permissions_least_privileges.html#implementation-guidance.;PASS;EC2 Instance i-02cd85c618c8ca45d associated with Instance Profile Role arn:aws:iam::481665130730:instance-profile/acme-prod-ec2-ssm-profile.;arn:aws:ec2:ap-northeast-2:481665130730:instance/i-02cd85c618c8ca45d;ec2_instance_profile_attached;False;i-02cd85c618c8ca45d;AWS-Well-Architected-Framework-Security-Pillar;AWS Well-Architected Framework Security Pillar
aws;Best Practices for AWS Well-Architected Framework Security Pillar. The focus of this framework is the security pillar of the AWS Well-Architected Framework. It provides guidance to help you apply best practices, current recommendations in the design, delivery, and maintenance of secure AWS workloads.;481665130730;ap-northeast-2;2026-05-18 12:36:20.224133;SEC06-BP04;Automate your protective compute mechanisms including vulnerability management, reduction in attack surface, and management of resources. The automation will help you invest time in securing other aspects of your workload, and reduce the risk of human error.;SEC06-BP04 Automate compute protection;protect-compute;sec_protect_compute_auto_protection;Infrastructure protection;Protecting compute;Medium;Automated;Automate your protective compute mechanisms including vulnerability management, reduction in attack surface, and management of resources. The automation will help you invest time in securing other aspects of your workload, and reduce the risk of human error.;https://docs.aws.amazon.com/wellarchitected/latest/security-pillar/sec_protect_compute_auto_protection.html#implementation-guidance.;PASS;EC2 Instance i-02cd85c618c8ca45d associated with Instance Profile Role arn:aws:iam::481665130730:instance-profile/acme-prod-ec2-ssm-profile.;arn:aws:ec2:ap-northeast-2:481665130730:instance/i-02cd85c618c8ca45d;ec2_instance_profile_attached;False;i-02cd85c618c8ca45d;AWS-Well-Architected-Framework-Security-Pillar;AWS Well-Architected Framework Security Pillar
aws;Best Practices for AWS Well-Architected Framework Security Pillar. The focus of this framework is the security pillar of the AWS Well-Architected Framework. It provides guidance to help you apply best practices, current recommendations in the design, delivery, and maintenance of secure AWS workloads.;481665130730;ap-northeast-2;2026-05-18 12:36:20.224133;SEC06-BP05;Removing the ability for interactive access reduces the risk of human error, and the potential for manual configuration or management. For example, use a change management workflow to deploy Amazon Elastic Compute Cloud (Amazon EC2) instances using infrastructure-as-code, then manage Amazon EC2 instances using tools such as AWS Systems Manager instead of allowing direct access or through a bastion host. AWS Systems Manager can automate a variety of maintenance and deployment tasks, using features including automation workflows, documents (playbooks), and the run command. AWS CloudFormation stacks build from pipelines and can automate your infrastructure deployment and management tasks without using the AWS Management Console or APIs directly.;SEC06-BP05 Enable people to perform actions at a distance;protect-compute;sec_protect_compute_actions_distance;Infrastructure protection;Protecting compute;Low;Automated;Removing the ability for interactive access reduces the risk of human error, and the potential for manual configuration or management. For example, use a change management workflow to deploy Amazon Elastic Compute Cloud (Amazon EC2) instances using infrastructure-as-code, then manage Amazon EC2 instances using tools such as AWS Systems Manager instead of allowing direct access or through a bastion host. AWS Systems Manager can automate a variety of maintenance and deployment tasks, using features including automation workflows, documents (playbooks), and the run command. AWS CloudFormation stacks build from pipelines and can automate your infrastructure deployment and management tasks without using the AWS Management Console or APIs directly.;https://docs.aws.amazon.com/wellarchitected/latest/security-pillar/sec_protect_compute_actions_distance.html#implementation-guidance.;PASS;EC2 Instance i-02cd85c618c8ca45d associated with Instance Profile Role arn:aws:iam::481665130730:instance-profile/acme-prod-ec2-ssm-profile.;arn:aws:ec2:ap-northeast-2:481665130730:instance/i-02cd85c618c8ca45d;ec2_instance_profile_attached;False;i-02cd85c618c8ca45d;AWS-Well-Architected-Framework-Security-Pillar;AWS Well-Architected Framework Security Pillar
aws;Best Practices for AWS Well-Architected Framework Security Pillar. The focus of this framework is the security pillar of the AWS Well-Architected Framework. It provides guidance to help you apply best practices, current recommendations in the design, delivery, and maintenance of secure AWS workloads.;481665130730;ap-northeast-2;2026-05-18 12:36:20.224133;SEC03-BP01;Each component or resource of your workload needs to be accessed by administrators, end users, or other components. Have a clear definition of who or what should have access to each component, choose the appropriate identity type and method of authentication and authorization.;SEC03-BP01 Define access requirements;permissions;sec_permissions_define;Identity and access management;Permissions management;High;Automated;Each component or resource of your workload needs to be accessed by administrators, end users, or other components. Have a clear definition of who or what should have access to each component, choose the appropriate identity type and method of authentication and authorization.;https://docs.aws.amazon.com/wellarchitected/latest/security-pillar/sec_permissions_define.html#implementation-guidance.;PASS;EC2 Instance i-00eee3ea558971b12 associated with Instance Profile Role arn:aws:iam::481665130730:instance-profile/acme-prod-ec2-ssm-profile.;arn:aws:ec2:ap-northeast-2:481665130730:instance/i-00eee3ea558971b12;ec2_instance_profile_attached;False;i-00eee3ea558971b12;AWS-Well-Architected-Framework-Security-Pillar;AWS Well-Architected Framework Security Pillar
aws;Best Practices for AWS Well-Architected Framework Security Pillar. The focus of this framework is the security pillar of the AWS Well-Architected Framework. It provides guidance to help you apply best practices, current recommendations in the design, delivery, and maintenance of secure AWS workloads.;481665130730;ap-northeast-2;2026-05-18 12:36:20.224133;SEC03-BP02;Grant only the access that identities require by allowing access to specific actions on specific AWS resources under specific conditions. Rely on groups and identity attributes to dynamically set permissions at scale, rather than defining permissions for individual users. For example, you can allow a group of developers access to manage only resources for their project. This way, when a developer is removed from the group, access for the developer is revoked everywhere that group was used for access control, without requiring any changes to the access policies.;SEC03-BP02 Grant least privilege access;permissions;sec_permissions_least_privileges;Identity and access management;Permissions management;High;Automated;Grant only the access that identities require by allowing access to specific actions on specific AWS resources under specific conditions. Rely on groups and identity attributes to dynamically set permissions at scale, rather than defining permissions for individual users. For example, you can allow a group of developers access to manage only resources for their project. This way, when a developer is removed from the group, access for the developer is revoked everywhere that group was used for access control, without requiring any changes to the access policies.;https://docs.aws.amazon.com/wellarchitected/latest/security-pillar/sec_permissions_least_privileges.html#implementation-guidance.;PASS;EC2 Instance i-00eee3ea558971b12 associated with Instance Profile Role arn:aws:iam::481665130730:instance-profile/acme-prod-ec2-ssm-profile.;arn:aws:ec2:ap-northeast-2:481665130730:instance/i-00eee3ea558971b12;ec2_instance_profile_attached;False;i-00eee3ea558971b12;AWS-Well-Architected-Framework-Security-Pillar;AWS Well-Architected Framework Security Pillar
aws;Best Practices for AWS Well-Architected Framework Security Pillar. The focus of this framework is the security pillar of the AWS Well-Architected Framework. It provides guidance to help you apply best practices, current recommendations in the design, delivery, and maintenance of secure AWS workloads.;481665130730;ap-northeast-2;2026-05-18 12:36:20.224133;SEC06-BP04;Automate your protective compute mechanisms including vulnerability management, reduction in attack surface, and management of resources. The automation will help you invest time in securing other aspects of your workload, and reduce the risk of human error.;SEC06-BP04 Automate compute protection;protect-compute;sec_protect_compute_auto_protection;Infrastructure protection;Protecting compute;Medium;Automated;Automate your protective compute mechanisms including vulnerability management, reduction in attack surface, and management of resources. The automation will help you invest time in securing other aspects of your workload, and reduce the risk of human error.;https://docs.aws.amazon.com/wellarchitected/latest/security-pillar/sec_protect_compute_auto_protection.html#implementation-guidance.;PASS;EC2 Instance i-00eee3ea558971b12 associated with Instance Profile Role arn:aws:iam::481665130730:instance-profile/acme-prod-ec2-ssm-profile.;arn:aws:ec2:ap-northeast-2:481665130730:instance/i-00eee3ea558971b12;ec2_instance_profile_attached;False;i-00eee3ea558971b12;AWS-Well-Architected-Framework-Security-Pillar;AWS Well-Architected Framework Security Pillar
aws;Best Practices for AWS Well-Architected Framework Security Pillar. The focus of this framework is the security pillar of the AWS Well-Architected Framework. It provides guidance to help you apply best practices, current recommendations in the design, delivery, and maintenance of secure AWS workloads.;481665130730;ap-northeast-2;2026-05-18 12:36:20.224133;SEC06-BP05;Removing the ability for interactive access reduces the risk of human error, and the potential for manual configuration or management. For example, use a change management workflow to deploy Amazon Elastic Compute Cloud (Amazon EC2) instances using infrastructure-as-code, then manage Amazon EC2 instances using tools such as AWS Systems Manager instead of allowing direct access or through a bastion host. AWS Systems Manager can automate a variety of maintenance and deployment tasks, using features including automation workflows, documents (playbooks), and the run command. AWS CloudFormation stacks build from pipelines and can automate your infrastructure deployment and management tasks without using the AWS Management Console or APIs directly.;SEC06-BP05 Enable people to perform actions at a distance;protect-compute;sec_protect_compute_actions_distance;Infrastructure protection;Protecting compute;Low;Automated;Removing the ability for interactive access reduces the risk of human error, and the potential for manual configuration or management. For example, use a change management workflow to deploy Amazon Elastic Compute Cloud (Amazon EC2) instances using infrastructure-as-code, then manage Amazon EC2 instances using tools such as AWS Systems Manager instead of allowing direct access or through a bastion host. AWS Systems Manager can automate a variety of maintenance and deployment tasks, using features including automation workflows, documents (playbooks), and the run command. AWS CloudFormation stacks build from pipelines and can automate your infrastructure deployment and management tasks without using the AWS Management Console or APIs directly.;https://docs.aws.amazon.com/wellarchitected/latest/security-pillar/sec_protect_compute_actions_distance.html#implementation-guidance.;PASS;EC2 Instance i-00eee3ea558971b12 associated with Instance Profile Role arn:aws:iam::481665130730:instance-profile/acme-prod-ec2-ssm-profile.;arn:aws:ec2:ap-northeast-2:481665130730:instance/i-00eee3ea558971b12;ec2_instance_profile_attached;False;i-00eee3ea558971b12;AWS-Well-Architected-Framework-Security-Pillar;AWS Well-Architected Framework Security Pillar
aws;Best Practices for AWS Well-Architected Framework Security Pillar. The focus of this framework is the security pillar of the AWS Well-Architected Framework. It provides guidance to help you apply best practices, current recommendations in the design, delivery, and maintenance of secure AWS workloads.;481665130730;ap-northeast-2;2026-05-18 12:36:20.224133;SEC03-BP07;Continuously monitor findings that highlight public and cross-account access. Reduce public access and cross-account access to only resources that require this type of access.;SEC03-BP07 Analyze public and cross-account access;permissions;sec_permissions_analyze_cross_account;Identity and access management;Permissions management;Low;Automated;Continuously monitor findings that highlight public and cross-account access. Reduce public access and cross-account access to only resources that require this type of access.;https://docs.aws.amazon.com/wellarchitected/latest/security-pillar/sec_permissions_analyze_cross_account.html#implementation-guidance.;FAIL;EC2 Instance i-07bceee289ca15f66 has a Public IP: 3.39.189.196 (ec2-3-39-189-196.ap-northeast-2.compute.amazonaws.com).;arn:aws:ec2:ap-northeast-2:481665130730:instance/i-07bceee289ca15f66;ec2_instance_public_ip;False;i-07bceee289ca15f66;AWS-Well-Architected-Framework-Security-Pillar;AWS Well-Architected Framework Security Pillar
aws;Best Practices for AWS Well-Architected Framework Security Pillar. The focus of this framework is the security pillar of the AWS Well-Architected Framework. It provides guidance to help you apply best practices, current recommendations in the design, delivery, and maintenance of secure AWS workloads.;481665130730;ap-northeast-2;2026-05-18 12:36:20.224133;SEC03-BP07;Continuously monitor findings that highlight public and cross-account access. Reduce public access and cross-account access to only resources that require this type of access.;SEC03-BP07 Analyze public and cross-account access;permissions;sec_permissions_analyze_cross_account;Identity and access management;Permissions management;Low;Automated;Continuously monitor findings that highlight public and cross-account access. Reduce public access and cross-account access to only resources that require this type of access.;https://docs.aws.amazon.com/wellarchitected/latest/security-pillar/sec_permissions_analyze_cross_account.html#implementation-guidance.;FAIL;EC2 Instance i-02cd85c618c8ca45d has a Public IP: 43.203.124.181 (ec2-43-203-124-181.ap-northeast-2.compute.amazonaws.com).;arn:aws:ec2:ap-northeast-2:481665130730:instance/i-02cd85c618c8ca45d;ec2_instance_public_ip;False;i-02cd85c618c8ca45d;AWS-Well-Architected-Framework-Security-Pillar;AWS Well-Architected Framework Security Pillar
aws;Best Practices for AWS Well-Architected Framework Security Pillar. The focus of this framework is the security pillar of the AWS Well-Architected Framework. It provides guidance to help you apply best practices, current recommendations in the design, delivery, and maintenance of secure AWS workloads.;481665130730;ap-northeast-2;2026-05-18 12:36:20.224133;SEC03-BP07;Continuously monitor findings that highlight public and cross-account access. Reduce public access and cross-account access to only resources that require this type of access.;SEC03-BP07 Analyze public and cross-account access;permissions;sec_permissions_analyze_cross_account;Identity and access management;Permissions management;Low;Automated;Continuously monitor findings that highlight public and cross-account access. Reduce public access and cross-account access to only resources that require this type of access.;https://docs.aws.amazon.com/wellarchitected/latest/security-pillar/sec_permissions_analyze_cross_account.html#implementation-guidance.;PASS;EC2 Instance i-00eee3ea558971b12 does not have a Public IP.;arn:aws:ec2:ap-northeast-2:481665130730:instance/i-00eee3ea558971b12;ec2_instance_public_ip;False;i-00eee3ea558971b12;AWS-Well-Architected-Framework-Security-Pillar;AWS Well-Architected Framework Security Pillar
aws;Best Practices for AWS Well-Architected Framework Security Pillar. The focus of this framework is the security pillar of the AWS Well-Architected Framework. It provides guidance to help you apply best practices, current recommendations in the design, delivery, and maintenance of secure AWS workloads.;481665130730;ap-northeast-2;2026-05-18 12:36:20.224133;SEC02-BP03;A workload requires an automated capability to prove its identity to databases, resources, and third-party services. This is accomplished using secret access credentials, such as API access keys, passwords, and OAuth tokens. Using a purpose-built service to store, manage, and rotate these credentials helps reduce the likelihood that those credentials become compromised.;SEC02-BP03 Store and use secrets securely;identities;sec_identities_secrets;Identity and access management;Identity management;High;Automated;A workload requires an automated capability to prove its identity to databases, resources, and third-party services. This is accomplished using secret access credentials, such as API access keys, passwords, and OAuth tokens. Using a purpose-built service to store, manage, and rotate these credentials helps reduce the likelihood that those credentials become compromised.;https://docs.aws.amazon.com/wellarchitected/latest/security-pillar/sec_identities_secrets.html#implementation-guidance.;PASS;No secrets found in EC2 instance i-07bceee289ca15f66 User Data.;arn:aws:ec2:ap-northeast-2:481665130730:instance/i-07bceee289ca15f66;ec2_instance_secrets_user_data;False;i-07bceee289ca15f66;AWS-Well-Architected-Framework-Security-Pillar;AWS Well-Architected Framework Security Pillar
aws;Best Practices for AWS Well-Architected Framework Security Pillar. The focus of this framework is the security pillar of the AWS Well-Architected Framework. It provides guidance to help you apply best practices, current recommendations in the design, delivery, and maintenance of secure AWS workloads.;481665130730;ap-northeast-2;2026-05-18 12:36:20.224133;SEC02-BP03;A workload requires an automated capability to prove its identity to databases, resources, and third-party services. This is accomplished using secret access credentials, such as API access keys, passwords, and OAuth tokens. Using a purpose-built service to store, manage, and rotate these credentials helps reduce the likelihood that those credentials become compromised.;SEC02-BP03 Store and use secrets securely;identities;sec_identities_secrets;Identity and access management;Identity management;High;Automated;A workload requires an automated capability to prove its identity to databases, resources, and third-party services. This is accomplished using secret access credentials, such as API access keys, passwords, and OAuth tokens. Using a purpose-built service to store, manage, and rotate these credentials helps reduce the likelihood that those credentials become compromised.;https://docs.aws.amazon.com/wellarchitected/latest/security-pillar/sec_identities_secrets.html#implementation-guidance.;PASS;No secrets found in EC2 instance i-02cd85c618c8ca45d User Data.;arn:aws:ec2:ap-northeast-2:481665130730:instance/i-02cd85c618c8ca45d;ec2_instance_secrets_user_data;False;i-02cd85c618c8ca45d;AWS-Well-Architected-Framework-Security-Pillar;AWS Well-Architected Framework Security Pillar
aws;Best Practices for AWS Well-Architected Framework Security Pillar. The focus of this framework is the security pillar of the AWS Well-Architected Framework. It provides guidance to help you apply best practices, current recommendations in the design, delivery, and maintenance of secure AWS workloads.;481665130730;ap-northeast-2;2026-05-18 12:36:20.224133;SEC02-BP03;A workload requires an automated capability to prove its identity to databases, resources, and third-party services. This is accomplished using secret access credentials, such as API access keys, passwords, and OAuth tokens. Using a purpose-built service to store, manage, and rotate these credentials helps reduce the likelihood that those credentials become compromised.;SEC02-BP03 Store and use secrets securely;identities;sec_identities_secrets;Identity and access management;Identity management;High;Automated;A workload requires an automated capability to prove its identity to databases, resources, and third-party services. This is accomplished using secret access credentials, such as API access keys, passwords, and OAuth tokens. Using a purpose-built service to store, manage, and rotate these credentials helps reduce the likelihood that those credentials become compromised.;https://docs.aws.amazon.com/wellarchitected/latest/security-pillar/sec_identities_secrets.html#implementation-guidance.;PASS;No secrets found in EC2 instance i-00eee3ea558971b12 since User Data is empty.;arn:aws:ec2:ap-northeast-2:481665130730:instance/i-00eee3ea558971b12;ec2_instance_secrets_user_data;False;i-00eee3ea558971b12;AWS-Well-Architected-Framework-Security-Pillar;AWS Well-Architected Framework Security Pillar
aws;Best Practices for AWS Well-Architected Framework Security Pillar. The focus of this framework is the security pillar of the AWS Well-Architected Framework. It provides guidance to help you apply best practices, current recommendations in the design, delivery, and maintenance of secure AWS workloads.;481665130730;ap-northeast-2;2026-05-18 12:36:20.224133;SEC02-BP03;A workload requires an automated capability to prove its identity to databases, resources, and third-party services. This is accomplished using secret access credentials, such as API access keys, passwords, and OAuth tokens. Using a purpose-built service to store, manage, and rotate these credentials helps reduce the likelihood that those credentials become compromised.;SEC02-BP03 Store and use secrets securely;identities;sec_identities_secrets;Identity and access management;Identity management;High;Automated;A workload requires an automated capability to prove its identity to databases, resources, and third-party services. This is accomplished using secret access credentials, such as API access keys, passwords, and OAuth tokens. Using a purpose-built service to store, manage, and rotate these credentials helps reduce the likelihood that those credentials become compromised.;https://docs.aws.amazon.com/wellarchitected/latest/security-pillar/sec_identities_secrets.html#implementation-guidance.;PASS;No secrets found in User Data of any version for EC2 Launch Template acme-prod-web-lt-20260518112600592100000003.;arn:aws:ec2:ap-northeast-2:481665130730:launch-template/lt-03cea2068298ca687;ec2_launch_template_no_secrets;False;lt-03cea2068298ca687;AWS-Well-Architected-Framework-Security-Pillar;AWS Well-Architected Framework Security Pillar
aws;Best Practices for AWS Well-Architected Framework Security Pillar. The focus of this framework is the security pillar of the AWS Well-Architected Framework. It provides guidance to help you apply best practices, current recommendations in the design, delivery, and maintenance of secure AWS workloads.;481665130730;ap-northeast-2;2026-05-18 12:36:20.224133;SEC05-BP03;Automate protection mechanisms to provide a self-defending network based on threat intelligence and anomaly detection. For example, intrusion detection and prevention tools that can adapt to current threats and reduce their impact. A web application firewall is an example of where you can automate network protection, for example, by using the AWS WAF Security Automations solution (https://github.com/awslabs/aws-waf-security-automations) to automatically block requests originating from IP addresses associated with known threat actors.;SEC05-BP03 Automate network protections;network-protection;sec_network_protection_auto_protect;Infrastructure protection;Protecting networks;Medium;Automated;Automate protection mechanisms to provide a self-defending network based on threat intelligence and anomaly detection. For example, intrusion detection and prevention tools that can adapt to current threats and reduce their impact. A web application firewall is an example of where you can automate network protection, for example, by using the AWS WAF Security Automations solution (https://github.com/awslabs/aws-waf-security-automations) to automatically block requests originating from IP addresses associated with known threat actors.;https://docs.aws.amazon.com/wellarchitected/latest/security-pillar/sec_network_protection_auto_protect.html#implementation-guidance.;PASS;Security group acme-prod-db-sg (sg-079f24a1b34315c3c) does not have all ports open to the Internet.;arn:aws:ec2:ap-northeast-2:481665130730:security-group/sg-079f24a1b34315c3c;ec2_securitygroup_allow_ingress_from_internet_to_all_ports;False;sg-079f24a1b34315c3c;AWS-Well-Architected-Framework-Security-Pillar;AWS Well-Architected Framework Security Pillar
aws;Best Practices for AWS Well-Architected Framework Security Pillar. The focus of this framework is the security pillar of the AWS Well-Architected Framework. It provides guidance to help you apply best practices, current recommendations in the design, delivery, and maintenance of secure AWS workloads.;481665130730;ap-northeast-2;2026-05-18 12:36:20.224133;SEC05-BP03;Automate protection mechanisms to provide a self-defending network based on threat intelligence and anomaly detection. For example, intrusion detection and prevention tools that can adapt to current threats and reduce their impact. A web application firewall is an example of where you can automate network protection, for example, by using the AWS WAF Security Automations solution (https://github.com/awslabs/aws-waf-security-automations) to automatically block requests originating from IP addresses associated with known threat actors.;SEC05-BP03 Automate network protections;network-protection;sec_network_protection_auto_protect;Infrastructure protection;Protecting networks;Medium;Automated;Automate protection mechanisms to provide a self-defending network based on threat intelligence and anomaly detection. For example, intrusion detection and prevention tools that can adapt to current threats and reduce their impact. A web application firewall is an example of where you can automate network protection, for example, by using the AWS WAF Security Automations solution (https://github.com/awslabs/aws-waf-security-automations) to automatically block requests originating from IP addresses associated with known threat actors.;https://docs.aws.amazon.com/wellarchitected/latest/security-pillar/sec_network_protection_auto_protect.html#implementation-guidance.;PASS;Security group acme-prod-web-sg (sg-0af8ef2d6e3dba258) does not have all ports open to the Internet.;arn:aws:ec2:ap-northeast-2:481665130730:security-group/sg-0af8ef2d6e3dba258;ec2_securitygroup_allow_ingress_from_internet_to_all_ports;False;sg-0af8ef2d6e3dba258;AWS-Well-Architected-Framework-Security-Pillar;AWS Well-Architected Framework Security Pillar
aws;Best Practices for AWS Well-Architected Framework Security Pillar. The focus of this framework is the security pillar of the AWS Well-Architected Framework. It provides guidance to help you apply best practices, current recommendations in the design, delivery, and maintenance of secure AWS workloads.;481665130730;ap-northeast-2;2026-05-18 12:36:20.224133;SEC05-BP03;Automate protection mechanisms to provide a self-defending network based on threat intelligence and anomaly detection. For example, intrusion detection and prevention tools that can adapt to current threats and reduce their impact. A web application firewall is an example of where you can automate network protection, for example, by using the AWS WAF Security Automations solution (https://github.com/awslabs/aws-waf-security-automations) to automatically block requests originating from IP addresses associated with known threat actors.;SEC05-BP03 Automate network protections;network-protection;sec_network_protection_auto_protect;Infrastructure protection;Protecting networks;Medium;Automated;Automate protection mechanisms to provide a self-defending network based on threat intelligence and anomaly detection. For example, intrusion detection and prevention tools that can adapt to current threats and reduce their impact. A web application firewall is an example of where you can automate network protection, for example, by using the AWS WAF Security Automations solution (https://github.com/awslabs/aws-waf-security-automations) to automatically block requests originating from IP addresses associated with known threat actors.;https://docs.aws.amazon.com/wellarchitected/latest/security-pillar/sec_network_protection_auto_protect.html#implementation-guidance.;PASS;Security group acme-prod-alb-sg (sg-018446cf6b80a5cea) does not have all ports open to the Internet.;arn:aws:ec2:ap-northeast-2:481665130730:security-group/sg-018446cf6b80a5cea;ec2_securitygroup_allow_ingress_from_internet_to_all_ports;False;sg-018446cf6b80a5cea;AWS-Well-Architected-Framework-Security-Pillar;AWS Well-Architected Framework Security Pillar
aws;Best Practices for AWS Well-Architected Framework Security Pillar. The focus of this framework is the security pillar of the AWS Well-Architected Framework. It provides guidance to help you apply best practices, current recommendations in the design, delivery, and maintenance of secure AWS workloads.;481665130730;ap-northeast-2;2026-05-18 12:36:20.224133;SEC05-BP03;Automate protection mechanisms to provide a self-defending network based on threat intelligence and anomaly detection. For example, intrusion detection and prevention tools that can adapt to current threats and reduce their impact. A web application firewall is an example of where you can automate network protection, for example, by using the AWS WAF Security Automations solution (https://github.com/awslabs/aws-waf-security-automations) to automatically block requests originating from IP addresses associated with known threat actors.;SEC05-BP03 Automate network protections;network-protection;sec_network_protection_auto_protect;Infrastructure protection;Protecting networks;Medium;Automated;Automate protection mechanisms to provide a self-defending network based on threat intelligence and anomaly detection. For example, intrusion detection and prevention tools that can adapt to current threats and reduce their impact. A web application firewall is an example of where you can automate network protection, for example, by using the AWS WAF Security Automations solution (https://github.com/awslabs/aws-waf-security-automations) to automatically block requests originating from IP addresses associated with known threat actors.;https://docs.aws.amazon.com/wellarchitected/latest/security-pillar/sec_network_protection_auto_protect.html#implementation-guidance.;PASS;Security group acme-prod-db-sg (sg-079f24a1b34315c3c) does not have SSH port 22 open to the Internet.;arn:aws:ec2:ap-northeast-2:481665130730:security-group/sg-079f24a1b34315c3c;ec2_securitygroup_allow_ingress_from_internet_to_tcp_port_22;False;sg-079f24a1b34315c3c;AWS-Well-Architected-Framework-Security-Pillar;AWS Well-Architected Framework Security Pillar
aws;Best Practices for AWS Well-Architected Framework Security Pillar. The focus of this framework is the security pillar of the AWS Well-Architected Framework. It provides guidance to help you apply best practices, current recommendations in the design, delivery, and maintenance of secure AWS workloads.;481665130730;ap-northeast-2;2026-05-18 12:36:20.224133;SEC05-BP03;Automate protection mechanisms to provide a self-defending network based on threat intelligence and anomaly detection. For example, intrusion detection and prevention tools that can adapt to current threats and reduce their impact. A web application firewall is an example of where you can automate network protection, for example, by using the AWS WAF Security Automations solution (https://github.com/awslabs/aws-waf-security-automations) to automatically block requests originating from IP addresses associated with known threat actors.;SEC05-BP03 Automate network protections;network-protection;sec_network_protection_auto_protect;Infrastructure protection;Protecting networks;Medium;Automated;Automate protection mechanisms to provide a self-defending network based on threat intelligence and anomaly detection. For example, intrusion detection and prevention tools that can adapt to current threats and reduce their impact. A web application firewall is an example of where you can automate network protection, for example, by using the AWS WAF Security Automations solution (https://github.com/awslabs/aws-waf-security-automations) to automatically block requests originating from IP addresses associated with known threat actors.;https://docs.aws.amazon.com/wellarchitected/latest/security-pillar/sec_network_protection_auto_protect.html#implementation-guidance.;PASS;Security group acme-prod-web-sg (sg-0af8ef2d6e3dba258) does not have SSH port 22 open to the Internet.;arn:aws:ec2:ap-northeast-2:481665130730:security-group/sg-0af8ef2d6e3dba258;ec2_securitygroup_allow_ingress_from_internet_to_tcp_port_22;False;sg-0af8ef2d6e3dba258;AWS-Well-Architected-Framework-Security-Pillar;AWS Well-Architected Framework Security Pillar
aws;Best Practices for AWS Well-Architected Framework Security Pillar. The focus of this framework is the security pillar of the AWS Well-Architected Framework. It provides guidance to help you apply best practices, current recommendations in the design, delivery, and maintenance of secure AWS workloads.;481665130730;ap-northeast-2;2026-05-18 12:36:20.224133;SEC05-BP03;Automate protection mechanisms to provide a self-defending network based on threat intelligence and anomaly detection. For example, intrusion detection and prevention tools that can adapt to current threats and reduce their impact. A web application firewall is an example of where you can automate network protection, for example, by using the AWS WAF Security Automations solution (https://github.com/awslabs/aws-waf-security-automations) to automatically block requests originating from IP addresses associated with known threat actors.;SEC05-BP03 Automate network protections;network-protection;sec_network_protection_auto_protect;Infrastructure protection;Protecting networks;Medium;Automated;Automate protection mechanisms to provide a self-defending network based on threat intelligence and anomaly detection. For example, intrusion detection and prevention tools that can adapt to current threats and reduce their impact. A web application firewall is an example of where you can automate network protection, for example, by using the AWS WAF Security Automations solution (https://github.com/awslabs/aws-waf-security-automations) to automatically block requests originating from IP addresses associated with known threat actors.;https://docs.aws.amazon.com/wellarchitected/latest/security-pillar/sec_network_protection_auto_protect.html#implementation-guidance.;PASS;Security group acme-prod-alb-sg (sg-018446cf6b80a5cea) does not have SSH port 22 open to the Internet.;arn:aws:ec2:ap-northeast-2:481665130730:security-group/sg-018446cf6b80a5cea;ec2_securitygroup_allow_ingress_from_internet_to_tcp_port_22;False;sg-018446cf6b80a5cea;AWS-Well-Architected-Framework-Security-Pillar;AWS Well-Architected Framework Security Pillar
aws;Best Practices for AWS Well-Architected Framework Security Pillar. The focus of this framework is the security pillar of the AWS Well-Architected Framework. It provides guidance to help you apply best practices, current recommendations in the design, delivery, and maintenance of secure AWS workloads.;481665130730;ap-northeast-2;2026-05-18 12:36:20.224133;SEC05-BP03;Automate protection mechanisms to provide a self-defending network based on threat intelligence and anomaly detection. For example, intrusion detection and prevention tools that can adapt to current threats and reduce their impact. A web application firewall is an example of where you can automate network protection, for example, by using the AWS WAF Security Automations solution (https://github.com/awslabs/aws-waf-security-automations) to automatically block requests originating from IP addresses associated with known threat actors.;SEC05-BP03 Automate network protections;network-protection;sec_network_protection_auto_protect;Infrastructure protection;Protecting networks;Medium;Automated;Automate protection mechanisms to provide a self-defending network based on threat intelligence and anomaly detection. For example, intrusion detection and prevention tools that can adapt to current threats and reduce their impact. A web application firewall is an example of where you can automate network protection, for example, by using the AWS WAF Security Automations solution (https://github.com/awslabs/aws-waf-security-automations) to automatically block requests originating from IP addresses associated with known threat actors.;https://docs.aws.amazon.com/wellarchitected/latest/security-pillar/sec_network_protection_auto_protect.html#implementation-guidance.;PASS;Security group acme-prod-db-sg (sg-079f24a1b34315c3c) does not have Microsoft RDP port 3389 open to the Internet.;arn:aws:ec2:ap-northeast-2:481665130730:security-group/sg-079f24a1b34315c3c;ec2_securitygroup_allow_ingress_from_internet_to_tcp_port_3389;False;sg-079f24a1b34315c3c;AWS-Well-Architected-Framework-Security-Pillar;AWS Well-Architected Framework Security Pillar
aws;Best Practices for AWS Well-Architected Framework Security Pillar. The focus of this framework is the security pillar of the AWS Well-Architected Framework. It provides guidance to help you apply best practices, current recommendations in the design, delivery, and maintenance of secure AWS workloads.;481665130730;ap-northeast-2;2026-05-18 12:36:20.224133;SEC05-BP03;Automate protection mechanisms to provide a self-defending network based on threat intelligence and anomaly detection. For example, intrusion detection and prevention tools that can adapt to current threats and reduce their impact. A web application firewall is an example of where you can automate network protection, for example, by using the AWS WAF Security Automations solution (https://github.com/awslabs/aws-waf-security-automations) to automatically block requests originating from IP addresses associated with known threat actors.;SEC05-BP03 Automate network protections;network-protection;sec_network_protection_auto_protect;Infrastructure protection;Protecting networks;Medium;Automated;Automate protection mechanisms to provide a self-defending network based on threat intelligence and anomaly detection. For example, intrusion detection and prevention tools that can adapt to current threats and reduce their impact. A web application firewall is an example of where you can automate network protection, for example, by using the AWS WAF Security Automations solution (https://github.com/awslabs/aws-waf-security-automations) to automatically block requests originating from IP addresses associated with known threat actors.;https://docs.aws.amazon.com/wellarchitected/latest/security-pillar/sec_network_protection_auto_protect.html#implementation-guidance.;PASS;Security group acme-prod-web-sg (sg-0af8ef2d6e3dba258) does not have Microsoft RDP port 3389 open to the Internet.;arn:aws:ec2:ap-northeast-2:481665130730:security-group/sg-0af8ef2d6e3dba258;ec2_securitygroup_allow_ingress_from_internet_to_tcp_port_3389;False;sg-0af8ef2d6e3dba258;AWS-Well-Architected-Framework-Security-Pillar;AWS Well-Architected Framework Security Pillar
aws;Best Practices for AWS Well-Architected Framework Security Pillar. The focus of this framework is the security pillar of the AWS Well-Architected Framework. It provides guidance to help you apply best practices, current recommendations in the design, delivery, and maintenance of secure AWS workloads.;481665130730;ap-northeast-2;2026-05-18 12:36:20.224133;SEC05-BP03;Automate protection mechanisms to provide a self-defending network based on threat intelligence and anomaly detection. For example, intrusion detection and prevention tools that can adapt to current threats and reduce their impact. A web application firewall is an example of where you can automate network protection, for example, by using the AWS WAF Security Automations solution (https://github.com/awslabs/aws-waf-security-automations) to automatically block requests originating from IP addresses associated with known threat actors.;SEC05-BP03 Automate network protections;network-protection;sec_network_protection_auto_protect;Infrastructure protection;Protecting networks;Medium;Automated;Automate protection mechanisms to provide a self-defending network based on threat intelligence and anomaly detection. For example, intrusion detection and prevention tools that can adapt to current threats and reduce their impact. A web application firewall is an example of where you can automate network protection, for example, by using the AWS WAF Security Automations solution (https://github.com/awslabs/aws-waf-security-automations) to automatically block requests originating from IP addresses associated with known threat actors.;https://docs.aws.amazon.com/wellarchitected/latest/security-pillar/sec_network_protection_auto_protect.html#implementation-guidance.;PASS;Security group acme-prod-alb-sg (sg-018446cf6b80a5cea) does not have Microsoft RDP port 3389 open to the Internet.;arn:aws:ec2:ap-northeast-2:481665130730:security-group/sg-018446cf6b80a5cea;ec2_securitygroup_allow_ingress_from_internet_to_tcp_port_3389;False;sg-018446cf6b80a5cea;AWS-Well-Architected-Framework-Security-Pillar;AWS Well-Architected Framework Security Pillar
aws;Best Practices for AWS Well-Architected Framework Security Pillar. The focus of this framework is the security pillar of the AWS Well-Architected Framework. It provides guidance to help you apply best practices, current recommendations in the design, delivery, and maintenance of secure AWS workloads.;481665130730;ap-northeast-2;2026-05-18 12:36:20.224133;SEC05-BP03;Automate protection mechanisms to provide a self-defending network based on threat intelligence and anomaly detection. For example, intrusion detection and prevention tools that can adapt to current threats and reduce their impact. A web application firewall is an example of where you can automate network protection, for example, by using the AWS WAF Security Automations solution (https://github.com/awslabs/aws-waf-security-automations) to automatically block requests originating from IP addresses associated with known threat actors.;SEC05-BP03 Automate network protections;network-protection;sec_network_protection_auto_protect;Infrastructure protection;Protecting networks;Medium;Automated;Automate protection mechanisms to provide a self-defending network based on threat intelligence and anomaly detection. For example, intrusion detection and prevention tools that can adapt to current threats and reduce their impact. A web application firewall is an example of where you can automate network protection, for example, by using the AWS WAF Security Automations solution (https://github.com/awslabs/aws-waf-security-automations) to automatically block requests originating from IP addresses associated with known threat actors.;https://docs.aws.amazon.com/wellarchitected/latest/security-pillar/sec_network_protection_auto_protect.html#implementation-guidance.;PASS;Security group acme-prod-db-sg (sg-079f24a1b34315c3c) does not have Casandra ports 7199, 8888 and 9160 open to the Internet.;arn:aws:ec2:ap-northeast-2:481665130730:security-group/sg-079f24a1b34315c3c;ec2_securitygroup_allow_ingress_from_internet_to_tcp_port_cassandra_7199_9160_8888;False;sg-079f24a1b34315c3c;AWS-Well-Architected-Framework-Security-Pillar;AWS Well-Architected Framework Security Pillar
aws;Best Practices for AWS Well-Architected Framework Security Pillar. The focus of this framework is the security pillar of the AWS Well-Architected Framework. It provides guidance to help you apply best practices, current recommendations in the design, delivery, and maintenance of secure AWS workloads.;481665130730;ap-northeast-2;2026-05-18 12:36:20.224133;SEC05-BP03;Automate protection mechanisms to provide a self-defending network based on threat intelligence and anomaly detection. For example, intrusion detection and prevention tools that can adapt to current threats and reduce their impact. A web application firewall is an example of where you can automate network protection, for example, by using the AWS WAF Security Automations solution (https://github.com/awslabs/aws-waf-security-automations) to automatically block requests originating from IP addresses associated with known threat actors.;SEC05-BP03 Automate network protections;network-protection;sec_network_protection_auto_protect;Infrastructure protection;Protecting networks;Medium;Automated;Automate protection mechanisms to provide a self-defending network based on threat intelligence and anomaly detection. For example, intrusion detection and prevention tools that can adapt to current threats and reduce their impact. A web application firewall is an example of where you can automate network protection, for example, by using the AWS WAF Security Automations solution (https://github.com/awslabs/aws-waf-security-automations) to automatically block requests originating from IP addresses associated with known threat actors.;https://docs.aws.amazon.com/wellarchitected/latest/security-pillar/sec_network_protection_auto_protect.html#implementation-guidance.;PASS;Security group acme-prod-web-sg (sg-0af8ef2d6e3dba258) does not have Casandra ports 7199, 8888 and 9160 open to the Internet.;arn:aws:ec2:ap-northeast-2:481665130730:security-group/sg-0af8ef2d6e3dba258;ec2_securitygroup_allow_ingress_from_internet_to_tcp_port_cassandra_7199_9160_8888;False;sg-0af8ef2d6e3dba258;AWS-Well-Architected-Framework-Security-Pillar;AWS Well-Architected Framework Security Pillar
aws;Best Practices for AWS Well-Architected Framework Security Pillar. The focus of this framework is the security pillar of the AWS Well-Architected Framework. It provides guidance to help you apply best practices, current recommendations in the design, delivery, and maintenance of secure AWS workloads.;481665130730;ap-northeast-2;2026-05-18 12:36:20.224133;SEC05-BP03;Automate protection mechanisms to provide a self-defending network based on threat intelligence and anomaly detection. For example, intrusion detection and prevention tools that can adapt to current threats and reduce their impact. A web application firewall is an example of where you can automate network protection, for example, by using the AWS WAF Security Automations solution (https://github.com/awslabs/aws-waf-security-automations) to automatically block requests originating from IP addresses associated with known threat actors.;SEC05-BP03 Automate network protections;network-protection;sec_network_protection_auto_protect;Infrastructure protection;Protecting networks;Medium;Automated;Automate protection mechanisms to provide a self-defending network based on threat intelligence and anomaly detection. For example, intrusion detection and prevention tools that can adapt to current threats and reduce their impact. A web application firewall is an example of where you can automate network protection, for example, by using the AWS WAF Security Automations solution (https://github.com/awslabs/aws-waf-security-automations) to automatically block requests originating from IP addresses associated with known threat actors.;https://docs.aws.amazon.com/wellarchitected/latest/security-pillar/sec_network_protection_auto_protect.html#implementation-guidance.;PASS;Security group acme-prod-alb-sg (sg-018446cf6b80a5cea) does not have Casandra ports 7199, 8888 and 9160 open to the Internet.;arn:aws:ec2:ap-northeast-2:481665130730:security-group/sg-018446cf6b80a5cea;ec2_securitygroup_allow_ingress_from_internet_to_tcp_port_cassandra_7199_9160_8888;False;sg-018446cf6b80a5cea;AWS-Well-Architected-Framework-Security-Pillar;AWS Well-Architected Framework Security Pillar
aws;Best Practices for AWS Well-Architected Framework Security Pillar. The focus of this framework is the security pillar of the AWS Well-Architected Framework. It provides guidance to help you apply best practices, current recommendations in the design, delivery, and maintenance of secure AWS workloads.;481665130730;ap-northeast-2;2026-05-18 12:36:20.224133;SEC05-BP03;Automate protection mechanisms to provide a self-defending network based on threat intelligence and anomaly detection. For example, intrusion detection and prevention tools that can adapt to current threats and reduce their impact. A web application firewall is an example of where you can automate network protection, for example, by using the AWS WAF Security Automations solution (https://github.com/awslabs/aws-waf-security-automations) to automatically block requests originating from IP addresses associated with known threat actors.;SEC05-BP03 Automate network protections;network-protection;sec_network_protection_auto_protect;Infrastructure protection;Protecting networks;Medium;Automated;Automate protection mechanisms to provide a self-defending network based on threat intelligence and anomaly detection. For example, intrusion detection and prevention tools that can adapt to current threats and reduce their impact. A web application firewall is an example of where you can automate network protection, for example, by using the AWS WAF Security Automations solution (https://github.com/awslabs/aws-waf-security-automations) to automatically block requests originating from IP addresses associated with known threat actors.;https://docs.aws.amazon.com/wellarchitected/latest/security-pillar/sec_network_protection_auto_protect.html#implementation-guidance.;PASS;Security group acme-prod-db-sg (sg-079f24a1b34315c3c) does not have Elasticsearch/Kibana ports 9200, 9300 and 5601 open to the Internet.;arn:aws:ec2:ap-northeast-2:481665130730:security-group/sg-079f24a1b34315c3c;ec2_securitygroup_allow_ingress_from_internet_to_tcp_port_elasticsearch_kibana_9200_9300_5601;False;sg-079f24a1b34315c3c;AWS-Well-Architected-Framework-Security-Pillar;AWS Well-Architected Framework Security Pillar
aws;Best Practices for AWS Well-Architected Framework Security Pillar. The focus of this framework is the security pillar of the AWS Well-Architected Framework. It provides guidance to help you apply best practices, current recommendations in the design, delivery, and maintenance of secure AWS workloads.;481665130730;ap-northeast-2;2026-05-18 12:36:20.224133;SEC05-BP03;Automate protection mechanisms to provide a self-defending network based on threat intelligence and anomaly detection. For example, intrusion detection and prevention tools that can adapt to current threats and reduce their impact. A web application firewall is an example of where you can automate network protection, for example, by using the AWS WAF Security Automations solution (https://github.com/awslabs/aws-waf-security-automations) to automatically block requests originating from IP addresses associated with known threat actors.;SEC05-BP03 Automate network protections;network-protection;sec_network_protection_auto_protect;Infrastructure protection;Protecting networks;Medium;Automated;Automate protection mechanisms to provide a self-defending network based on threat intelligence and anomaly detection. For example, intrusion detection and prevention tools that can adapt to current threats and reduce their impact. A web application firewall is an example of where you can automate network protection, for example, by using the AWS WAF Security Automations solution (https://github.com/awslabs/aws-waf-security-automations) to automatically block requests originating from IP addresses associated with known threat actors.;https://docs.aws.amazon.com/wellarchitected/latest/security-pillar/sec_network_protection_auto_protect.html#implementation-guidance.;PASS;Security group acme-prod-web-sg (sg-0af8ef2d6e3dba258) does not have Elasticsearch/Kibana ports 9200, 9300 and 5601 open to the Internet.;arn:aws:ec2:ap-northeast-2:481665130730:security-group/sg-0af8ef2d6e3dba258;ec2_securitygroup_allow_ingress_from_internet_to_tcp_port_elasticsearch_kibana_9200_9300_5601;False;sg-0af8ef2d6e3dba258;AWS-Well-Architected-Framework-Security-Pillar;AWS Well-Architected Framework Security Pillar
aws;Best Practices for AWS Well-Architected Framework Security Pillar. The focus of this framework is the security pillar of the AWS Well-Architected Framework. It provides guidance to help you apply best practices, current recommendations in the design, delivery, and maintenance of secure AWS workloads.;481665130730;ap-northeast-2;2026-05-18 12:36:20.224133;SEC05-BP03;Automate protection mechanisms to provide a self-defending network based on threat intelligence and anomaly detection. For example, intrusion detection and prevention tools that can adapt to current threats and reduce their impact. A web application firewall is an example of where you can automate network protection, for example, by using the AWS WAF Security Automations solution (https://github.com/awslabs/aws-waf-security-automations) to automatically block requests originating from IP addresses associated with known threat actors.;SEC05-BP03 Automate network protections;network-protection;sec_network_protection_auto_protect;Infrastructure protection;Protecting networks;Medium;Automated;Automate protection mechanisms to provide a self-defending network based on threat intelligence and anomaly detection. For example, intrusion detection and prevention tools that can adapt to current threats and reduce their impact. A web application firewall is an example of where you can automate network protection, for example, by using the AWS WAF Security Automations solution (https://github.com/awslabs/aws-waf-security-automations) to automatically block requests originating from IP addresses associated with known threat actors.;https://docs.aws.amazon.com/wellarchitected/latest/security-pillar/sec_network_protection_auto_protect.html#implementation-guidance.;PASS;Security group acme-prod-alb-sg (sg-018446cf6b80a5cea) does not have Elasticsearch/Kibana ports 9200, 9300 and 5601 open to the Internet.;arn:aws:ec2:ap-northeast-2:481665130730:security-group/sg-018446cf6b80a5cea;ec2_securitygroup_allow_ingress_from_internet_to_tcp_port_elasticsearch_kibana_9200_9300_5601;False;sg-018446cf6b80a5cea;AWS-Well-Architected-Framework-Security-Pillar;AWS Well-Architected Framework Security Pillar
aws;Best Practices for AWS Well-Architected Framework Security Pillar. The focus of this framework is the security pillar of the AWS Well-Architected Framework. It provides guidance to help you apply best practices, current recommendations in the design, delivery, and maintenance of secure AWS workloads.;481665130730;ap-northeast-2;2026-05-18 12:36:20.224133;SEC05-BP03;Automate protection mechanisms to provide a self-defending network based on threat intelligence and anomaly detection. For example, intrusion detection and prevention tools that can adapt to current threats and reduce their impact. A web application firewall is an example of where you can automate network protection, for example, by using the AWS WAF Security Automations solution (https://github.com/awslabs/aws-waf-security-automations) to automatically block requests originating from IP addresses associated with known threat actors.;SEC05-BP03 Automate network protections;network-protection;sec_network_protection_auto_protect;Infrastructure protection;Protecting networks;Medium;Automated;Automate protection mechanisms to provide a self-defending network based on threat intelligence and anomaly detection. For example, intrusion detection and prevention tools that can adapt to current threats and reduce their impact. A web application firewall is an example of where you can automate network protection, for example, by using the AWS WAF Security Automations solution (https://github.com/awslabs/aws-waf-security-automations) to automatically block requests originating from IP addresses associated with known threat actors.;https://docs.aws.amazon.com/wellarchitected/latest/security-pillar/sec_network_protection_auto_protect.html#implementation-guidance.;PASS;Security group acme-prod-db-sg (sg-079f24a1b34315c3c) does not have FTP ports 20 and 21 open to the Internet.;arn:aws:ec2:ap-northeast-2:481665130730:security-group/sg-079f24a1b34315c3c;ec2_securitygroup_allow_ingress_from_internet_to_tcp_port_ftp_20_21;False;sg-079f24a1b34315c3c;AWS-Well-Architected-Framework-Security-Pillar;AWS Well-Architected Framework Security Pillar
aws;Best Practices for AWS Well-Architected Framework Security Pillar. The focus of this framework is the security pillar of the AWS Well-Architected Framework. It provides guidance to help you apply best practices, current recommendations in the design, delivery, and maintenance of secure AWS workloads.;481665130730;ap-northeast-2;2026-05-18 12:36:20.224133;SEC05-BP03;Automate protection mechanisms to provide a self-defending network based on threat intelligence and anomaly detection. For example, intrusion detection and prevention tools that can adapt to current threats and reduce their impact. A web application firewall is an example of where you can automate network protection, for example, by using the AWS WAF Security Automations solution (https://github.com/awslabs/aws-waf-security-automations) to automatically block requests originating from IP addresses associated with known threat actors.;SEC05-BP03 Automate network protections;network-protection;sec_network_protection_auto_protect;Infrastructure protection;Protecting networks;Medium;Automated;Automate protection mechanisms to provide a self-defending network based on threat intelligence and anomaly detection. For example, intrusion detection and prevention tools that can adapt to current threats and reduce their impact. A web application firewall is an example of where you can automate network protection, for example, by using the AWS WAF Security Automations solution (https://github.com/awslabs/aws-waf-security-automations) to automatically block requests originating from IP addresses associated with known threat actors.;https://docs.aws.amazon.com/wellarchitected/latest/security-pillar/sec_network_protection_auto_protect.html#implementation-guidance.;PASS;Security group acme-prod-web-sg (sg-0af8ef2d6e3dba258) does not have FTP ports 20 and 21 open to the Internet.;arn:aws:ec2:ap-northeast-2:481665130730:security-group/sg-0af8ef2d6e3dba258;ec2_securitygroup_allow_ingress_from_internet_to_tcp_port_ftp_20_21;False;sg-0af8ef2d6e3dba258;AWS-Well-Architected-Framework-Security-Pillar;AWS Well-Architected Framework Security Pillar
aws;Best Practices for AWS Well-Architected Framework Security Pillar. The focus of this framework is the security pillar of the AWS Well-Architected Framework. It provides guidance to help you apply best practices, current recommendations in the design, delivery, and maintenance of secure AWS workloads.;481665130730;ap-northeast-2;2026-05-18 12:36:20.224133;SEC05-BP03;Automate protection mechanisms to provide a self-defending network based on threat intelligence and anomaly detection. For example, intrusion detection and prevention tools that can adapt to current threats and reduce their impact. A web application firewall is an example of where you can automate network protection, for example, by using the AWS WAF Security Automations solution (https://github.com/awslabs/aws-waf-security-automations) to automatically block requests originating from IP addresses associated with known threat actors.;SEC05-BP03 Automate network protections;network-protection;sec_network_protection_auto_protect;Infrastructure protection;Protecting networks;Medium;Automated;Automate protection mechanisms to provide a self-defending network based on threat intelligence and anomaly detection. For example, intrusion detection and prevention tools that can adapt to current threats and reduce their impact. A web application firewall is an example of where you can automate network protection, for example, by using the AWS WAF Security Automations solution (https://github.com/awslabs/aws-waf-security-automations) to automatically block requests originating from IP addresses associated with known threat actors.;https://docs.aws.amazon.com/wellarchitected/latest/security-pillar/sec_network_protection_auto_protect.html#implementation-guidance.;PASS;Security group acme-prod-alb-sg (sg-018446cf6b80a5cea) does not have FTP ports 20 and 21 open to the Internet.;arn:aws:ec2:ap-northeast-2:481665130730:security-group/sg-018446cf6b80a5cea;ec2_securitygroup_allow_ingress_from_internet_to_tcp_port_ftp_20_21;False;sg-018446cf6b80a5cea;AWS-Well-Architected-Framework-Security-Pillar;AWS Well-Architected Framework Security Pillar
aws;Best Practices for AWS Well-Architected Framework Security Pillar. The focus of this framework is the security pillar of the AWS Well-Architected Framework. It provides guidance to help you apply best practices, current recommendations in the design, delivery, and maintenance of secure AWS workloads.;481665130730;ap-northeast-2;2026-05-18 12:36:20.224133;SEC05-BP03;Automate protection mechanisms to provide a self-defending network based on threat intelligence and anomaly detection. For example, intrusion detection and prevention tools that can adapt to current threats and reduce their impact. A web application firewall is an example of where you can automate network protection, for example, by using the AWS WAF Security Automations solution (https://github.com/awslabs/aws-waf-security-automations) to automatically block requests originating from IP addresses associated with known threat actors.;SEC05-BP03 Automate network protections;network-protection;sec_network_protection_auto_protect;Infrastructure protection;Protecting networks;Medium;Automated;Automate protection mechanisms to provide a self-defending network based on threat intelligence and anomaly detection. For example, intrusion detection and prevention tools that can adapt to current threats and reduce their impact. A web application firewall is an example of where you can automate network protection, for example, by using the AWS WAF Security Automations solution (https://github.com/awslabs/aws-waf-security-automations) to automatically block requests originating from IP addresses associated with known threat actors.;https://docs.aws.amazon.com/wellarchitected/latest/security-pillar/sec_network_protection_auto_protect.html#implementation-guidance.;PASS;Security group acme-prod-db-sg (sg-079f24a1b34315c3c) does not have Kafka port 9092 open to the Internet.;arn:aws:ec2:ap-northeast-2:481665130730:security-group/sg-079f24a1b34315c3c;ec2_securitygroup_allow_ingress_from_internet_to_tcp_port_kafka_9092;False;sg-079f24a1b34315c3c;AWS-Well-Architected-Framework-Security-Pillar;AWS Well-Architected Framework Security Pillar
aws;Best Practices for AWS Well-Architected Framework Security Pillar. The focus of this framework is the security pillar of the AWS Well-Architected Framework. It provides guidance to help you apply best practices, current recommendations in the design, delivery, and maintenance of secure AWS workloads.;481665130730;ap-northeast-2;2026-05-18 12:36:20.224133;SEC05-BP03;Automate protection mechanisms to provide a self-defending network based on threat intelligence and anomaly detection. For example, intrusion detection and prevention tools that can adapt to current threats and reduce their impact. A web application firewall is an example of where you can automate network protection, for example, by using the AWS WAF Security Automations solution (https://github.com/awslabs/aws-waf-security-automations) to automatically block requests originating from IP addresses associated with known threat actors.;SEC05-BP03 Automate network protections;network-protection;sec_network_protection_auto_protect;Infrastructure protection;Protecting networks;Medium;Automated;Automate protection mechanisms to provide a self-defending network based on threat intelligence and anomaly detection. For example, intrusion detection and prevention tools that can adapt to current threats and reduce their impact. A web application firewall is an example of where you can automate network protection, for example, by using the AWS WAF Security Automations solution (https://github.com/awslabs/aws-waf-security-automations) to automatically block requests originating from IP addresses associated with known threat actors.;https://docs.aws.amazon.com/wellarchitected/latest/security-pillar/sec_network_protection_auto_protect.html#implementation-guidance.;PASS;Security group acme-prod-web-sg (sg-0af8ef2d6e3dba258) does not have Kafka port 9092 open to the Internet.;arn:aws:ec2:ap-northeast-2:481665130730:security-group/sg-0af8ef2d6e3dba258;ec2_securitygroup_allow_ingress_from_internet_to_tcp_port_kafka_9092;False;sg-0af8ef2d6e3dba258;AWS-Well-Architected-Framework-Security-Pillar;AWS Well-Architected Framework Security Pillar
aws;Best Practices for AWS Well-Architected Framework Security Pillar. The focus of this framework is the security pillar of the AWS Well-Architected Framework. It provides guidance to help you apply best practices, current recommendations in the design, delivery, and maintenance of secure AWS workloads.;481665130730;ap-northeast-2;2026-05-18 12:36:20.224133;SEC05-BP03;Automate protection mechanisms to provide a self-defending network based on threat intelligence and anomaly detection. For example, intrusion detection and prevention tools that can adapt to current threats and reduce their impact. A web application firewall is an example of where you can automate network protection, for example, by using the AWS WAF Security Automations solution (https://github.com/awslabs/aws-waf-security-automations) to automatically block requests originating from IP addresses associated with known threat actors.;SEC05-BP03 Automate network protections;network-protection;sec_network_protection_auto_protect;Infrastructure protection;Protecting networks;Medium;Automated;Automate protection mechanisms to provide a self-defending network based on threat intelligence and anomaly detection. For example, intrusion detection and prevention tools that can adapt to current threats and reduce their impact. A web application firewall is an example of where you can automate network protection, for example, by using the AWS WAF Security Automations solution (https://github.com/awslabs/aws-waf-security-automations) to automatically block requests originating from IP addresses associated with known threat actors.;https://docs.aws.amazon.com/wellarchitected/latest/security-pillar/sec_network_protection_auto_protect.html#implementation-guidance.;PASS;Security group acme-prod-alb-sg (sg-018446cf6b80a5cea) does not have Kafka port 9092 open to the Internet.;arn:aws:ec2:ap-northeast-2:481665130730:security-group/sg-018446cf6b80a5cea;ec2_securitygroup_allow_ingress_from_internet_to_tcp_port_kafka_9092;False;sg-018446cf6b80a5cea;AWS-Well-Architected-Framework-Security-Pillar;AWS Well-Architected Framework Security Pillar
aws;Best Practices for AWS Well-Architected Framework Security Pillar. The focus of this framework is the security pillar of the AWS Well-Architected Framework. It provides guidance to help you apply best practices, current recommendations in the design, delivery, and maintenance of secure AWS workloads.;481665130730;ap-northeast-2;2026-05-18 12:36:20.224133;SEC05-BP03;Automate protection mechanisms to provide a self-defending network based on threat intelligence and anomaly detection. For example, intrusion detection and prevention tools that can adapt to current threats and reduce their impact. A web application firewall is an example of where you can automate network protection, for example, by using the AWS WAF Security Automations solution (https://github.com/awslabs/aws-waf-security-automations) to automatically block requests originating from IP addresses associated with known threat actors.;SEC05-BP03 Automate network protections;network-protection;sec_network_protection_auto_protect;Infrastructure protection;Protecting networks;Medium;Automated;Automate protection mechanisms to provide a self-defending network based on threat intelligence and anomaly detection. For example, intrusion detection and prevention tools that can adapt to current threats and reduce their impact. A web application firewall is an example of where you can automate network protection, for example, by using the AWS WAF Security Automations solution (https://github.com/awslabs/aws-waf-security-automations) to automatically block requests originating from IP addresses associated with known threat actors.;https://docs.aws.amazon.com/wellarchitected/latest/security-pillar/sec_network_protection_auto_protect.html#implementation-guidance.;PASS;Security group acme-prod-db-sg (sg-079f24a1b34315c3c) does not have Memcached port 11211 open to the Internet.;arn:aws:ec2:ap-northeast-2:481665130730:security-group/sg-079f24a1b34315c3c;ec2_securitygroup_allow_ingress_from_internet_to_tcp_port_memcached_11211;False;sg-079f24a1b34315c3c;AWS-Well-Architected-Framework-Security-Pillar;AWS Well-Architected Framework Security Pillar
aws;Best Practices for AWS Well-Architected Framework Security Pillar. The focus of this framework is the security pillar of the AWS Well-Architected Framework. It provides guidance to help you apply best practices, current recommendations in the design, delivery, and maintenance of secure AWS workloads.;481665130730;ap-northeast-2;2026-05-18 12:36:20.224133;SEC05-BP03;Automate protection mechanisms to provide a self-defending network based on threat intelligence and anomaly detection. For example, intrusion detection and prevention tools that can adapt to current threats and reduce their impact. A web application firewall is an example of where you can automate network protection, for example, by using the AWS WAF Security Automations solution (https://github.com/awslabs/aws-waf-security-automations) to automatically block requests originating from IP addresses associated with known threat actors.;SEC05-BP03 Automate network protections;network-protection;sec_network_protection_auto_protect;Infrastructure protection;Protecting networks;Medium;Automated;Automate protection mechanisms to provide a self-defending network based on threat intelligence and anomaly detection. For example, intrusion detection and prevention tools that can adapt to current threats and reduce their impact. A web application firewall is an example of where you can automate network protection, for example, by using the AWS WAF Security Automations solution (https://github.com/awslabs/aws-waf-security-automations) to automatically block requests originating from IP addresses associated with known threat actors.;https://docs.aws.amazon.com/wellarchitected/latest/security-pillar/sec_network_protection_auto_protect.html#implementation-guidance.;PASS;Security group acme-prod-web-sg (sg-0af8ef2d6e3dba258) does not have Memcached port 11211 open to the Internet.;arn:aws:ec2:ap-northeast-2:481665130730:security-group/sg-0af8ef2d6e3dba258;ec2_securitygroup_allow_ingress_from_internet_to_tcp_port_memcached_11211;False;sg-0af8ef2d6e3dba258;AWS-Well-Architected-Framework-Security-Pillar;AWS Well-Architected Framework Security Pillar
aws;Best Practices for AWS Well-Architected Framework Security Pillar. The focus of this framework is the security pillar of the AWS Well-Architected Framework. It provides guidance to help you apply best practices, current recommendations in the design, delivery, and maintenance of secure AWS workloads.;481665130730;ap-northeast-2;2026-05-18 12:36:20.224133;SEC05-BP03;Automate protection mechanisms to provide a self-defending network based on threat intelligence and anomaly detection. For example, intrusion detection and prevention tools that can adapt to current threats and reduce their impact. A web application firewall is an example of where you can automate network protection, for example, by using the AWS WAF Security Automations solution (https://github.com/awslabs/aws-waf-security-automations) to automatically block requests originating from IP addresses associated with known threat actors.;SEC05-BP03 Automate network protections;network-protection;sec_network_protection_auto_protect;Infrastructure protection;Protecting networks;Medium;Automated;Automate protection mechanisms to provide a self-defending network based on threat intelligence and anomaly detection. For example, intrusion detection and prevention tools that can adapt to current threats and reduce their impact. A web application firewall is an example of where you can automate network protection, for example, by using the AWS WAF Security Automations solution (https://github.com/awslabs/aws-waf-security-automations) to automatically block requests originating from IP addresses associated with known threat actors.;https://docs.aws.amazon.com/wellarchitected/latest/security-pillar/sec_network_protection_auto_protect.html#implementation-guidance.;PASS;Security group acme-prod-alb-sg (sg-018446cf6b80a5cea) does not have Memcached port 11211 open to the Internet.;arn:aws:ec2:ap-northeast-2:481665130730:security-group/sg-018446cf6b80a5cea;ec2_securitygroup_allow_ingress_from_internet_to_tcp_port_memcached_11211;False;sg-018446cf6b80a5cea;AWS-Well-Architected-Framework-Security-Pillar;AWS Well-Architected Framework Security Pillar
aws;Best Practices for AWS Well-Architected Framework Security Pillar. The focus of this framework is the security pillar of the AWS Well-Architected Framework. It provides guidance to help you apply best practices, current recommendations in the design, delivery, and maintenance of secure AWS workloads.;481665130730;ap-northeast-2;2026-05-18 12:36:20.224133;SEC05-BP03;Automate protection mechanisms to provide a self-defending network based on threat intelligence and anomaly detection. For example, intrusion detection and prevention tools that can adapt to current threats and reduce their impact. A web application firewall is an example of where you can automate network protection, for example, by using the AWS WAF Security Automations solution (https://github.com/awslabs/aws-waf-security-automations) to automatically block requests originating from IP addresses associated with known threat actors.;SEC05-BP03 Automate network protections;network-protection;sec_network_protection_auto_protect;Infrastructure protection;Protecting networks;Medium;Automated;Automate protection mechanisms to provide a self-defending network based on threat intelligence and anomaly detection. For example, intrusion detection and prevention tools that can adapt to current threats and reduce their impact. A web application firewall is an example of where you can automate network protection, for example, by using the AWS WAF Security Automations solution (https://github.com/awslabs/aws-waf-security-automations) to automatically block requests originating from IP addresses associated with known threat actors.;https://docs.aws.amazon.com/wellarchitected/latest/security-pillar/sec_network_protection_auto_protect.html#implementation-guidance.;PASS;Security group acme-prod-db-sg (sg-079f24a1b34315c3c) does not have MongoDB ports 27017 and 27018 open to the Internet.;arn:aws:ec2:ap-northeast-2:481665130730:security-group/sg-079f24a1b34315c3c;ec2_securitygroup_allow_ingress_from_internet_to_tcp_port_mongodb_27017_27018;False;sg-079f24a1b34315c3c;AWS-Well-Architected-Framework-Security-Pillar;AWS Well-Architected Framework Security Pillar
aws;Best Practices for AWS Well-Architected Framework Security Pillar. The focus of this framework is the security pillar of the AWS Well-Architected Framework. It provides guidance to help you apply best practices, current recommendations in the design, delivery, and maintenance of secure AWS workloads.;481665130730;ap-northeast-2;2026-05-18 12:36:20.224133;SEC05-BP03;Automate protection mechanisms to provide a self-defending network based on threat intelligence and anomaly detection. For example, intrusion detection and prevention tools that can adapt to current threats and reduce their impact. A web application firewall is an example of where you can automate network protection, for example, by using the AWS WAF Security Automations solution (https://github.com/awslabs/aws-waf-security-automations) to automatically block requests originating from IP addresses associated with known threat actors.;SEC05-BP03 Automate network protections;network-protection;sec_network_protection_auto_protect;Infrastructure protection;Protecting networks;Medium;Automated;Automate protection mechanisms to provide a self-defending network based on threat intelligence and anomaly detection. For example, intrusion detection and prevention tools that can adapt to current threats and reduce their impact. A web application firewall is an example of where you can automate network protection, for example, by using the AWS WAF Security Automations solution (https://github.com/awslabs/aws-waf-security-automations) to automatically block requests originating from IP addresses associated with known threat actors.;https://docs.aws.amazon.com/wellarchitected/latest/security-pillar/sec_network_protection_auto_protect.html#implementation-guidance.;PASS;Security group acme-prod-web-sg (sg-0af8ef2d6e3dba258) does not have MongoDB ports 27017 and 27018 open to the Internet.;arn:aws:ec2:ap-northeast-2:481665130730:security-group/sg-0af8ef2d6e3dba258;ec2_securitygroup_allow_ingress_from_internet_to_tcp_port_mongodb_27017_27018;False;sg-0af8ef2d6e3dba258;AWS-Well-Architected-Framework-Security-Pillar;AWS Well-Architected Framework Security Pillar
aws;Best Practices for AWS Well-Architected Framework Security Pillar. The focus of this framework is the security pillar of the AWS Well-Architected Framework. It provides guidance to help you apply best practices, current recommendations in the design, delivery, and maintenance of secure AWS workloads.;481665130730;ap-northeast-2;2026-05-18 12:36:20.224133;SEC05-BP03;Automate protection mechanisms to provide a self-defending network based on threat intelligence and anomaly detection. For example, intrusion detection and prevention tools that can adapt to current threats and reduce their impact. A web application firewall is an example of where you can automate network protection, for example, by using the AWS WAF Security Automations solution (https://github.com/awslabs/aws-waf-security-automations) to automatically block requests originating from IP addresses associated with known threat actors.;SEC05-BP03 Automate network protections;network-protection;sec_network_protection_auto_protect;Infrastructure protection;Protecting networks;Medium;Automated;Automate protection mechanisms to provide a self-defending network based on threat intelligence and anomaly detection. For example, intrusion detection and prevention tools that can adapt to current threats and reduce their impact. A web application firewall is an example of where you can automate network protection, for example, by using the AWS WAF Security Automations solution (https://github.com/awslabs/aws-waf-security-automations) to automatically block requests originating from IP addresses associated with known threat actors.;https://docs.aws.amazon.com/wellarchitected/latest/security-pillar/sec_network_protection_auto_protect.html#implementation-guidance.;PASS;Security group acme-prod-alb-sg (sg-018446cf6b80a5cea) does not have MongoDB ports 27017 and 27018 open to the Internet.;arn:aws:ec2:ap-northeast-2:481665130730:security-group/sg-018446cf6b80a5cea;ec2_securitygroup_allow_ingress_from_internet_to_tcp_port_mongodb_27017_27018;False;sg-018446cf6b80a5cea;AWS-Well-Architected-Framework-Security-Pillar;AWS Well-Architected Framework Security Pillar
aws;Best Practices for AWS Well-Architected Framework Security Pillar. The focus of this framework is the security pillar of the AWS Well-Architected Framework. It provides guidance to help you apply best practices, current recommendations in the design, delivery, and maintenance of secure AWS workloads.;481665130730;ap-northeast-2;2026-05-18 12:36:20.224133;SEC05-BP03;Automate protection mechanisms to provide a self-defending network based on threat intelligence and anomaly detection. For example, intrusion detection and prevention tools that can adapt to current threats and reduce their impact. A web application firewall is an example of where you can automate network protection, for example, by using the AWS WAF Security Automations solution (https://github.com/awslabs/aws-waf-security-automations) to automatically block requests originating from IP addresses associated with known threat actors.;SEC05-BP03 Automate network protections;network-protection;sec_network_protection_auto_protect;Infrastructure protection;Protecting networks;Medium;Automated;Automate protection mechanisms to provide a self-defending network based on threat intelligence and anomaly detection. For example, intrusion detection and prevention tools that can adapt to current threats and reduce their impact. A web application firewall is an example of where you can automate network protection, for example, by using the AWS WAF Security Automations solution (https://github.com/awslabs/aws-waf-security-automations) to automatically block requests originating from IP addresses associated with known threat actors.;https://docs.aws.amazon.com/wellarchitected/latest/security-pillar/sec_network_protection_auto_protect.html#implementation-guidance.;PASS;Security group acme-prod-db-sg (sg-079f24a1b34315c3c) does not have MySQL port 3306 open to the Internet.;arn:aws:ec2:ap-northeast-2:481665130730:security-group/sg-079f24a1b34315c3c;ec2_securitygroup_allow_ingress_from_internet_to_tcp_port_mysql_3306;False;sg-079f24a1b34315c3c;AWS-Well-Architected-Framework-Security-Pillar;AWS Well-Architected Framework Security Pillar
aws;Best Practices for AWS Well-Architected Framework Security Pillar. The focus of this framework is the security pillar of the AWS Well-Architected Framework. It provides guidance to help you apply best practices, current recommendations in the design, delivery, and maintenance of secure AWS workloads.;481665130730;ap-northeast-2;2026-05-18 12:36:20.224133;SEC05-BP03;Automate protection mechanisms to provide a self-defending network based on threat intelligence and anomaly detection. For example, intrusion detection and prevention tools that can adapt to current threats and reduce their impact. A web application firewall is an example of where you can automate network protection, for example, by using the AWS WAF Security Automations solution (https://github.com/awslabs/aws-waf-security-automations) to automatically block requests originating from IP addresses associated with known threat actors.;SEC05-BP03 Automate network protections;network-protection;sec_network_protection_auto_protect;Infrastructure protection;Protecting networks;Medium;Automated;Automate protection mechanisms to provide a self-defending network based on threat intelligence and anomaly detection. For example, intrusion detection and prevention tools that can adapt to current threats and reduce their impact. A web application firewall is an example of where you can automate network protection, for example, by using the AWS WAF Security Automations solution (https://github.com/awslabs/aws-waf-security-automations) to automatically block requests originating from IP addresses associated with known threat actors.;https://docs.aws.amazon.com/wellarchitected/latest/security-pillar/sec_network_protection_auto_protect.html#implementation-guidance.;PASS;Security group acme-prod-web-sg (sg-0af8ef2d6e3dba258) does not have MySQL port 3306 open to the Internet.;arn:aws:ec2:ap-northeast-2:481665130730:security-group/sg-0af8ef2d6e3dba258;ec2_securitygroup_allow_ingress_from_internet_to_tcp_port_mysql_3306;False;sg-0af8ef2d6e3dba258;AWS-Well-Architected-Framework-Security-Pillar;AWS Well-Architected Framework Security Pillar
aws;Best Practices for AWS Well-Architected Framework Security Pillar. The focus of this framework is the security pillar of the AWS Well-Architected Framework. It provides guidance to help you apply best practices, current recommendations in the design, delivery, and maintenance of secure AWS workloads.;481665130730;ap-northeast-2;2026-05-18 12:36:20.224133;SEC05-BP03;Automate protection mechanisms to provide a self-defending network based on threat intelligence and anomaly detection. For example, intrusion detection and prevention tools that can adapt to current threats and reduce their impact. A web application firewall is an example of where you can automate network protection, for example, by using the AWS WAF Security Automations solution (https://github.com/awslabs/aws-waf-security-automations) to automatically block requests originating from IP addresses associated with known threat actors.;SEC05-BP03 Automate network protections;network-protection;sec_network_protection_auto_protect;Infrastructure protection;Protecting networks;Medium;Automated;Automate protection mechanisms to provide a self-defending network based on threat intelligence and anomaly detection. For example, intrusion detection and prevention tools that can adapt to current threats and reduce their impact. A web application firewall is an example of where you can automate network protection, for example, by using the AWS WAF Security Automations solution (https://github.com/awslabs/aws-waf-security-automations) to automatically block requests originating from IP addresses associated with known threat actors.;https://docs.aws.amazon.com/wellarchitected/latest/security-pillar/sec_network_protection_auto_protect.html#implementation-guidance.;PASS;Security group acme-prod-alb-sg (sg-018446cf6b80a5cea) does not have MySQL port 3306 open to the Internet.;arn:aws:ec2:ap-northeast-2:481665130730:security-group/sg-018446cf6b80a5cea;ec2_securitygroup_allow_ingress_from_internet_to_tcp_port_mysql_3306;False;sg-018446cf6b80a5cea;AWS-Well-Architected-Framework-Security-Pillar;AWS Well-Architected Framework Security Pillar
aws;Best Practices for AWS Well-Architected Framework Security Pillar. The focus of this framework is the security pillar of the AWS Well-Architected Framework. It provides guidance to help you apply best practices, current recommendations in the design, delivery, and maintenance of secure AWS workloads.;481665130730;ap-northeast-2;2026-05-18 12:36:20.224133;SEC05-BP03;Automate protection mechanisms to provide a self-defending network based on threat intelligence and anomaly detection. For example, intrusion detection and prevention tools that can adapt to current threats and reduce their impact. A web application firewall is an example of where you can automate network protection, for example, by using the AWS WAF Security Automations solution (https://github.com/awslabs/aws-waf-security-automations) to automatically block requests originating from IP addresses associated with known threat actors.;SEC05-BP03 Automate network protections;network-protection;sec_network_protection_auto_protect;Infrastructure protection;Protecting networks;Medium;Automated;Automate protection mechanisms to provide a self-defending network based on threat intelligence and anomaly detection. For example, intrusion detection and prevention tools that can adapt to current threats and reduce their impact. A web application firewall is an example of where you can automate network protection, for example, by using the AWS WAF Security Automations solution (https://github.com/awslabs/aws-waf-security-automations) to automatically block requests originating from IP addresses associated with known threat actors.;https://docs.aws.amazon.com/wellarchitected/latest/security-pillar/sec_network_protection_auto_protect.html#implementation-guidance.;PASS;Security group acme-prod-db-sg (sg-079f24a1b34315c3c) does not have Oracle ports 1521 and 2483 open to the Internet.;arn:aws:ec2:ap-northeast-2:481665130730:security-group/sg-079f24a1b34315c3c;ec2_securitygroup_allow_ingress_from_internet_to_tcp_port_oracle_1521_2483;False;sg-079f24a1b34315c3c;AWS-Well-Architected-Framework-Security-Pillar;AWS Well-Architected Framework Security Pillar
aws;Best Practices for AWS Well-Architected Framework Security Pillar. The focus of this framework is the security pillar of the AWS Well-Architected Framework. It provides guidance to help you apply best practices, current recommendations in the design, delivery, and maintenance of secure AWS workloads.;481665130730;ap-northeast-2;2026-05-18 12:36:20.224133;SEC05-BP03;Automate protection mechanisms to provide a self-defending network based on threat intelligence and anomaly detection. For example, intrusion detection and prevention tools that can adapt to current threats and reduce their impact. A web application firewall is an example of where you can automate network protection, for example, by using the AWS WAF Security Automations solution (https://github.com/awslabs/aws-waf-security-automations) to automatically block requests originating from IP addresses associated with known threat actors.;SEC05-BP03 Automate network protections;network-protection;sec_network_protection_auto_protect;Infrastructure protection;Protecting networks;Medium;Automated;Automate protection mechanisms to provide a self-defending network based on threat intelligence and anomaly detection. For example, intrusion detection and prevention tools that can adapt to current threats and reduce their impact. A web application firewall is an example of where you can automate network protection, for example, by using the AWS WAF Security Automations solution (https://github.com/awslabs/aws-waf-security-automations) to automatically block requests originating from IP addresses associated with known threat actors.;https://docs.aws.amazon.com/wellarchitected/latest/security-pillar/sec_network_protection_auto_protect.html#implementation-guidance.;PASS;Security group acme-prod-web-sg (sg-0af8ef2d6e3dba258) does not have Oracle ports 1521 and 2483 open to the Internet.;arn:aws:ec2:ap-northeast-2:481665130730:security-group/sg-0af8ef2d6e3dba258;ec2_securitygroup_allow_ingress_from_internet_to_tcp_port_oracle_1521_2483;False;sg-0af8ef2d6e3dba258;AWS-Well-Architected-Framework-Security-Pillar;AWS Well-Architected Framework Security Pillar
aws;Best Practices for AWS Well-Architected Framework Security Pillar. The focus of this framework is the security pillar of the AWS Well-Architected Framework. It provides guidance to help you apply best practices, current recommendations in the design, delivery, and maintenance of secure AWS workloads.;481665130730;ap-northeast-2;2026-05-18 12:36:20.224133;SEC05-BP03;Automate protection mechanisms to provide a self-defending network based on threat intelligence and anomaly detection. For example, intrusion detection and prevention tools that can adapt to current threats and reduce their impact. A web application firewall is an example of where you can automate network protection, for example, by using the AWS WAF Security Automations solution (https://github.com/awslabs/aws-waf-security-automations) to automatically block requests originating from IP addresses associated with known threat actors.;SEC05-BP03 Automate network protections;network-protection;sec_network_protection_auto_protect;Infrastructure protection;Protecting networks;Medium;Automated;Automate protection mechanisms to provide a self-defending network based on threat intelligence and anomaly detection. For example, intrusion detection and prevention tools that can adapt to current threats and reduce their impact. A web application firewall is an example of where you can automate network protection, for example, by using the AWS WAF Security Automations solution (https://github.com/awslabs/aws-waf-security-automations) to automatically block requests originating from IP addresses associated with known threat actors.;https://docs.aws.amazon.com/wellarchitected/latest/security-pillar/sec_network_protection_auto_protect.html#implementation-guidance.;PASS;Security group acme-prod-alb-sg (sg-018446cf6b80a5cea) does not have Oracle ports 1521 and 2483 open to the Internet.;arn:aws:ec2:ap-northeast-2:481665130730:security-group/sg-018446cf6b80a5cea;ec2_securitygroup_allow_ingress_from_internet_to_tcp_port_oracle_1521_2483;False;sg-018446cf6b80a5cea;AWS-Well-Architected-Framework-Security-Pillar;AWS Well-Architected Framework Security Pillar
aws;Best Practices for AWS Well-Architected Framework Security Pillar. The focus of this framework is the security pillar of the AWS Well-Architected Framework. It provides guidance to help you apply best practices, current recommendations in the design, delivery, and maintenance of secure AWS workloads.;481665130730;ap-northeast-2;2026-05-18 12:36:20.224133;SEC05-BP03;Automate protection mechanisms to provide a self-defending network based on threat intelligence and anomaly detection. For example, intrusion detection and prevention tools that can adapt to current threats and reduce their impact. A web application firewall is an example of where you can automate network protection, for example, by using the AWS WAF Security Automations solution (https://github.com/awslabs/aws-waf-security-automations) to automatically block requests originating from IP addresses associated with known threat actors.;SEC05-BP03 Automate network protections;network-protection;sec_network_protection_auto_protect;Infrastructure protection;Protecting networks;Medium;Automated;Automate protection mechanisms to provide a self-defending network based on threat intelligence and anomaly detection. For example, intrusion detection and prevention tools that can adapt to current threats and reduce their impact. A web application firewall is an example of where you can automate network protection, for example, by using the AWS WAF Security Automations solution (https://github.com/awslabs/aws-waf-security-automations) to automatically block requests originating from IP addresses associated with known threat actors.;https://docs.aws.amazon.com/wellarchitected/latest/security-pillar/sec_network_protection_auto_protect.html#implementation-guidance.;PASS;Security group acme-prod-db-sg (sg-079f24a1b34315c3c) does not have Postgres port 5432 open to the Internet.;arn:aws:ec2:ap-northeast-2:481665130730:security-group/sg-079f24a1b34315c3c;ec2_securitygroup_allow_ingress_from_internet_to_tcp_port_postgres_5432;False;sg-079f24a1b34315c3c;AWS-Well-Architected-Framework-Security-Pillar;AWS Well-Architected Framework Security Pillar
aws;Best Practices for AWS Well-Architected Framework Security Pillar. The focus of this framework is the security pillar of the AWS Well-Architected Framework. It provides guidance to help you apply best practices, current recommendations in the design, delivery, and maintenance of secure AWS workloads.;481665130730;ap-northeast-2;2026-05-18 12:36:20.224133;SEC05-BP03;Automate protection mechanisms to provide a self-defending network based on threat intelligence and anomaly detection. For example, intrusion detection and prevention tools that can adapt to current threats and reduce their impact. A web application firewall is an example of where you can automate network protection, for example, by using the AWS WAF Security Automations solution (https://github.com/awslabs/aws-waf-security-automations) to automatically block requests originating from IP addresses associated with known threat actors.;SEC05-BP03 Automate network protections;network-protection;sec_network_protection_auto_protect;Infrastructure protection;Protecting networks;Medium;Automated;Automate protection mechanisms to provide a self-defending network based on threat intelligence and anomaly detection. For example, intrusion detection and prevention tools that can adapt to current threats and reduce their impact. A web application firewall is an example of where you can automate network protection, for example, by using the AWS WAF Security Automations solution (https://github.com/awslabs/aws-waf-security-automations) to automatically block requests originating from IP addresses associated with known threat actors.;https://docs.aws.amazon.com/wellarchitected/latest/security-pillar/sec_network_protection_auto_protect.html#implementation-guidance.;PASS;Security group acme-prod-web-sg (sg-0af8ef2d6e3dba258) does not have Postgres port 5432 open to the Internet.;arn:aws:ec2:ap-northeast-2:481665130730:security-group/sg-0af8ef2d6e3dba258;ec2_securitygroup_allow_ingress_from_internet_to_tcp_port_postgres_5432;False;sg-0af8ef2d6e3dba258;AWS-Well-Architected-Framework-Security-Pillar;AWS Well-Architected Framework Security Pillar
aws;Best Practices for AWS Well-Architected Framework Security Pillar. The focus of this framework is the security pillar of the AWS Well-Architected Framework. It provides guidance to help you apply best practices, current recommendations in the design, delivery, and maintenance of secure AWS workloads.;481665130730;ap-northeast-2;2026-05-18 12:36:20.224133;SEC05-BP03;Automate protection mechanisms to provide a self-defending network based on threat intelligence and anomaly detection. For example, intrusion detection and prevention tools that can adapt to current threats and reduce their impact. A web application firewall is an example of where you can automate network protection, for example, by using the AWS WAF Security Automations solution (https://github.com/awslabs/aws-waf-security-automations) to automatically block requests originating from IP addresses associated with known threat actors.;SEC05-BP03 Automate network protections;network-protection;sec_network_protection_auto_protect;Infrastructure protection;Protecting networks;Medium;Automated;Automate protection mechanisms to provide a self-defending network based on threat intelligence and anomaly detection. For example, intrusion detection and prevention tools that can adapt to current threats and reduce their impact. A web application firewall is an example of where you can automate network protection, for example, by using the AWS WAF Security Automations solution (https://github.com/awslabs/aws-waf-security-automations) to automatically block requests originating from IP addresses associated with known threat actors.;https://docs.aws.amazon.com/wellarchitected/latest/security-pillar/sec_network_protection_auto_protect.html#implementation-guidance.;PASS;Security group acme-prod-alb-sg (sg-018446cf6b80a5cea) does not have Postgres port 5432 open to the Internet.;arn:aws:ec2:ap-northeast-2:481665130730:security-group/sg-018446cf6b80a5cea;ec2_securitygroup_allow_ingress_from_internet_to_tcp_port_postgres_5432;False;sg-018446cf6b80a5cea;AWS-Well-Architected-Framework-Security-Pillar;AWS Well-Architected Framework Security Pillar
aws;Best Practices for AWS Well-Architected Framework Security Pillar. The focus of this framework is the security pillar of the AWS Well-Architected Framework. It provides guidance to help you apply best practices, current recommendations in the design, delivery, and maintenance of secure AWS workloads.;481665130730;ap-northeast-2;2026-05-18 12:36:20.224133;SEC05-BP03;Automate protection mechanisms to provide a self-defending network based on threat intelligence and anomaly detection. For example, intrusion detection and prevention tools that can adapt to current threats and reduce their impact. A web application firewall is an example of where you can automate network protection, for example, by using the AWS WAF Security Automations solution (https://github.com/awslabs/aws-waf-security-automations) to automatically block requests originating from IP addresses associated with known threat actors.;SEC05-BP03 Automate network protections;network-protection;sec_network_protection_auto_protect;Infrastructure protection;Protecting networks;Medium;Automated;Automate protection mechanisms to provide a self-defending network based on threat intelligence and anomaly detection. For example, intrusion detection and prevention tools that can adapt to current threats and reduce their impact. A web application firewall is an example of where you can automate network protection, for example, by using the AWS WAF Security Automations solution (https://github.com/awslabs/aws-waf-security-automations) to automatically block requests originating from IP addresses associated with known threat actors.;https://docs.aws.amazon.com/wellarchitected/latest/security-pillar/sec_network_protection_auto_protect.html#implementation-guidance.;PASS;Security group acme-prod-db-sg (sg-079f24a1b34315c3c) does not have Redis port 6379 open to the Internet.;arn:aws:ec2:ap-northeast-2:481665130730:security-group/sg-079f24a1b34315c3c;ec2_securitygroup_allow_ingress_from_internet_to_tcp_port_redis_6379;False;sg-079f24a1b34315c3c;AWS-Well-Architected-Framework-Security-Pillar;AWS Well-Architected Framework Security Pillar
aws;Best Practices for AWS Well-Architected Framework Security Pillar. The focus of this framework is the security pillar of the AWS Well-Architected Framework. It provides guidance to help you apply best practices, current recommendations in the design, delivery, and maintenance of secure AWS workloads.;481665130730;ap-northeast-2;2026-05-18 12:36:20.224133;SEC05-BP03;Automate protection mechanisms to provide a self-defending network based on threat intelligence and anomaly detection. For example, intrusion detection and prevention tools that can adapt to current threats and reduce their impact. A web application firewall is an example of where you can automate network protection, for example, by using the AWS WAF Security Automations solution (https://github.com/awslabs/aws-waf-security-automations) to automatically block requests originating from IP addresses associated with known threat actors.;SEC05-BP03 Automate network protections;network-protection;sec_network_protection_auto_protect;Infrastructure protection;Protecting networks;Medium;Automated;Automate protection mechanisms to provide a self-defending network based on threat intelligence and anomaly detection. For example, intrusion detection and prevention tools that can adapt to current threats and reduce their impact. A web application firewall is an example of where you can automate network protection, for example, by using the AWS WAF Security Automations solution (https://github.com/awslabs/aws-waf-security-automations) to automatically block requests originating from IP addresses associated with known threat actors.;https://docs.aws.amazon.com/wellarchitected/latest/security-pillar/sec_network_protection_auto_protect.html#implementation-guidance.;PASS;Security group acme-prod-web-sg (sg-0af8ef2d6e3dba258) does not have Redis port 6379 open to the Internet.;arn:aws:ec2:ap-northeast-2:481665130730:security-group/sg-0af8ef2d6e3dba258;ec2_securitygroup_allow_ingress_from_internet_to_tcp_port_redis_6379;False;sg-0af8ef2d6e3dba258;AWS-Well-Architected-Framework-Security-Pillar;AWS Well-Architected Framework Security Pillar
aws;Best Practices for AWS Well-Architected Framework Security Pillar. The focus of this framework is the security pillar of the AWS Well-Architected Framework. It provides guidance to help you apply best practices, current recommendations in the design, delivery, and maintenance of secure AWS workloads.;481665130730;ap-northeast-2;2026-05-18 12:36:20.224133;SEC05-BP03;Automate protection mechanisms to provide a self-defending network based on threat intelligence and anomaly detection. For example, intrusion detection and prevention tools that can adapt to current threats and reduce their impact. A web application firewall is an example of where you can automate network protection, for example, by using the AWS WAF Security Automations solution (https://github.com/awslabs/aws-waf-security-automations) to automatically block requests originating from IP addresses associated with known threat actors.;SEC05-BP03 Automate network protections;network-protection;sec_network_protection_auto_protect;Infrastructure protection;Protecting networks;Medium;Automated;Automate protection mechanisms to provide a self-defending network based on threat intelligence and anomaly detection. For example, intrusion detection and prevention tools that can adapt to current threats and reduce their impact. A web application firewall is an example of where you can automate network protection, for example, by using the AWS WAF Security Automations solution (https://github.com/awslabs/aws-waf-security-automations) to automatically block requests originating from IP addresses associated with known threat actors.;https://docs.aws.amazon.com/wellarchitected/latest/security-pillar/sec_network_protection_auto_protect.html#implementation-guidance.;PASS;Security group acme-prod-alb-sg (sg-018446cf6b80a5cea) does not have Redis port 6379 open to the Internet.;arn:aws:ec2:ap-northeast-2:481665130730:security-group/sg-018446cf6b80a5cea;ec2_securitygroup_allow_ingress_from_internet_to_tcp_port_redis_6379;False;sg-018446cf6b80a5cea;AWS-Well-Architected-Framework-Security-Pillar;AWS Well-Architected Framework Security Pillar
aws;Best Practices for AWS Well-Architected Framework Security Pillar. The focus of this framework is the security pillar of the AWS Well-Architected Framework. It provides guidance to help you apply best practices, current recommendations in the design, delivery, and maintenance of secure AWS workloads.;481665130730;ap-northeast-2;2026-05-18 12:36:20.224133;SEC05-BP03;Automate protection mechanisms to provide a self-defending network based on threat intelligence and anomaly detection. For example, intrusion detection and prevention tools that can adapt to current threats and reduce their impact. A web application firewall is an example of where you can automate network protection, for example, by using the AWS WAF Security Automations solution (https://github.com/awslabs/aws-waf-security-automations) to automatically block requests originating from IP addresses associated with known threat actors.;SEC05-BP03 Automate network protections;network-protection;sec_network_protection_auto_protect;Infrastructure protection;Protecting networks;Medium;Automated;Automate protection mechanisms to provide a self-defending network based on threat intelligence and anomaly detection. For example, intrusion detection and prevention tools that can adapt to current threats and reduce their impact. A web application firewall is an example of where you can automate network protection, for example, by using the AWS WAF Security Automations solution (https://github.com/awslabs/aws-waf-security-automations) to automatically block requests originating from IP addresses associated with known threat actors.;https://docs.aws.amazon.com/wellarchitected/latest/security-pillar/sec_network_protection_auto_protect.html#implementation-guidance.;PASS;Security group acme-prod-db-sg (sg-079f24a1b34315c3c) does not have Microsoft SQL Server ports 1433 and 1434 open to the Internet.;arn:aws:ec2:ap-northeast-2:481665130730:security-group/sg-079f24a1b34315c3c;ec2_securitygroup_allow_ingress_from_internet_to_tcp_port_sql_server_1433_1434;False;sg-079f24a1b34315c3c;AWS-Well-Architected-Framework-Security-Pillar;AWS Well-Architected Framework Security Pillar
aws;Best Practices for AWS Well-Architected Framework Security Pillar. The focus of this framework is the security pillar of the AWS Well-Architected Framework. It provides guidance to help you apply best practices, current recommendations in the design, delivery, and maintenance of secure AWS workloads.;481665130730;ap-northeast-2;2026-05-18 12:36:20.224133;SEC05-BP03;Automate protection mechanisms to provide a self-defending network based on threat intelligence and anomaly detection. For example, intrusion detection and prevention tools that can adapt to current threats and reduce their impact. A web application firewall is an example of where you can automate network protection, for example, by using the AWS WAF Security Automations solution (https://github.com/awslabs/aws-waf-security-automations) to automatically block requests originating from IP addresses associated with known threat actors.;SEC05-BP03 Automate network protections;network-protection;sec_network_protection_auto_protect;Infrastructure protection;Protecting networks;Medium;Automated;Automate protection mechanisms to provide a self-defending network based on threat intelligence and anomaly detection. For example, intrusion detection and prevention tools that can adapt to current threats and reduce their impact. A web application firewall is an example of where you can automate network protection, for example, by using the AWS WAF Security Automations solution (https://github.com/awslabs/aws-waf-security-automations) to automatically block requests originating from IP addresses associated with known threat actors.;https://docs.aws.amazon.com/wellarchitected/latest/security-pillar/sec_network_protection_auto_protect.html#implementation-guidance.;PASS;Security group acme-prod-web-sg (sg-0af8ef2d6e3dba258) does not have Microsoft SQL Server ports 1433 and 1434 open to the Internet.;arn:aws:ec2:ap-northeast-2:481665130730:security-group/sg-0af8ef2d6e3dba258;ec2_securitygroup_allow_ingress_from_internet_to_tcp_port_sql_server_1433_1434;False;sg-0af8ef2d6e3dba258;AWS-Well-Architected-Framework-Security-Pillar;AWS Well-Architected Framework Security Pillar
aws;Best Practices for AWS Well-Architected Framework Security Pillar. The focus of this framework is the security pillar of the AWS Well-Architected Framework. It provides guidance to help you apply best practices, current recommendations in the design, delivery, and maintenance of secure AWS workloads.;481665130730;ap-northeast-2;2026-05-18 12:36:20.224133;SEC05-BP03;Automate protection mechanisms to provide a self-defending network based on threat intelligence and anomaly detection. For example, intrusion detection and prevention tools that can adapt to current threats and reduce their impact. A web application firewall is an example of where you can automate network protection, for example, by using the AWS WAF Security Automations solution (https://github.com/awslabs/aws-waf-security-automations) to automatically block requests originating from IP addresses associated with known threat actors.;SEC05-BP03 Automate network protections;network-protection;sec_network_protection_auto_protect;Infrastructure protection;Protecting networks;Medium;Automated;Automate protection mechanisms to provide a self-defending network based on threat intelligence and anomaly detection. For example, intrusion detection and prevention tools that can adapt to current threats and reduce their impact. A web application firewall is an example of where you can automate network protection, for example, by using the AWS WAF Security Automations solution (https://github.com/awslabs/aws-waf-security-automations) to automatically block requests originating from IP addresses associated with known threat actors.;https://docs.aws.amazon.com/wellarchitected/latest/security-pillar/sec_network_protection_auto_protect.html#implementation-guidance.;PASS;Security group acme-prod-alb-sg (sg-018446cf6b80a5cea) does not have Microsoft SQL Server ports 1433 and 1434 open to the Internet.;arn:aws:ec2:ap-northeast-2:481665130730:security-group/sg-018446cf6b80a5cea;ec2_securitygroup_allow_ingress_from_internet_to_tcp_port_sql_server_1433_1434;False;sg-018446cf6b80a5cea;AWS-Well-Architected-Framework-Security-Pillar;AWS Well-Architected Framework Security Pillar
aws;Best Practices for AWS Well-Architected Framework Security Pillar. The focus of this framework is the security pillar of the AWS Well-Architected Framework. It provides guidance to help you apply best practices, current recommendations in the design, delivery, and maintenance of secure AWS workloads.;481665130730;ap-northeast-2;2026-05-18 12:36:20.224133;SEC05-BP03;Automate protection mechanisms to provide a self-defending network based on threat intelligence and anomaly detection. For example, intrusion detection and prevention tools that can adapt to current threats and reduce their impact. A web application firewall is an example of where you can automate network protection, for example, by using the AWS WAF Security Automations solution (https://github.com/awslabs/aws-waf-security-automations) to automatically block requests originating from IP addresses associated with known threat actors.;SEC05-BP03 Automate network protections;network-protection;sec_network_protection_auto_protect;Infrastructure protection;Protecting networks;Medium;Automated;Automate protection mechanisms to provide a self-defending network based on threat intelligence and anomaly detection. For example, intrusion detection and prevention tools that can adapt to current threats and reduce their impact. A web application firewall is an example of where you can automate network protection, for example, by using the AWS WAF Security Automations solution (https://github.com/awslabs/aws-waf-security-automations) to automatically block requests originating from IP addresses associated with known threat actors.;https://docs.aws.amazon.com/wellarchitected/latest/security-pillar/sec_network_protection_auto_protect.html#implementation-guidance.;PASS;Security group acme-prod-db-sg (sg-079f24a1b34315c3c) does not have Telnet port 23 open to the Internet.;arn:aws:ec2:ap-northeast-2:481665130730:security-group/sg-079f24a1b34315c3c;ec2_securitygroup_allow_ingress_from_internet_to_tcp_port_telnet_23;False;sg-079f24a1b34315c3c;AWS-Well-Architected-Framework-Security-Pillar;AWS Well-Architected Framework Security Pillar
aws;Best Practices for AWS Well-Architected Framework Security Pillar. The focus of this framework is the security pillar of the AWS Well-Architected Framework. It provides guidance to help you apply best practices, current recommendations in the design, delivery, and maintenance of secure AWS workloads.;481665130730;ap-northeast-2;2026-05-18 12:36:20.224133;SEC05-BP03;Automate protection mechanisms to provide a self-defending network based on threat intelligence and anomaly detection. For example, intrusion detection and prevention tools that can adapt to current threats and reduce their impact. A web application firewall is an example of where you can automate network protection, for example, by using the AWS WAF Security Automations solution (https://github.com/awslabs/aws-waf-security-automations) to automatically block requests originating from IP addresses associated with known threat actors.;SEC05-BP03 Automate network protections;network-protection;sec_network_protection_auto_protect;Infrastructure protection;Protecting networks;Medium;Automated;Automate protection mechanisms to provide a self-defending network based on threat intelligence and anomaly detection. For example, intrusion detection and prevention tools that can adapt to current threats and reduce their impact. A web application firewall is an example of where you can automate network protection, for example, by using the AWS WAF Security Automations solution (https://github.com/awslabs/aws-waf-security-automations) to automatically block requests originating from IP addresses associated with known threat actors.;https://docs.aws.amazon.com/wellarchitected/latest/security-pillar/sec_network_protection_auto_protect.html#implementation-guidance.;PASS;Security group acme-prod-web-sg (sg-0af8ef2d6e3dba258) does not have Telnet port 23 open to the Internet.;arn:aws:ec2:ap-northeast-2:481665130730:security-group/sg-0af8ef2d6e3dba258;ec2_securitygroup_allow_ingress_from_internet_to_tcp_port_telnet_23;False;sg-0af8ef2d6e3dba258;AWS-Well-Architected-Framework-Security-Pillar;AWS Well-Architected Framework Security Pillar
aws;Best Practices for AWS Well-Architected Framework Security Pillar. The focus of this framework is the security pillar of the AWS Well-Architected Framework. It provides guidance to help you apply best practices, current recommendations in the design, delivery, and maintenance of secure AWS workloads.;481665130730;ap-northeast-2;2026-05-18 12:36:20.224133;SEC05-BP03;Automate protection mechanisms to provide a self-defending network based on threat intelligence and anomaly detection. For example, intrusion detection and prevention tools that can adapt to current threats and reduce their impact. A web application firewall is an example of where you can automate network protection, for example, by using the AWS WAF Security Automations solution (https://github.com/awslabs/aws-waf-security-automations) to automatically block requests originating from IP addresses associated with known threat actors.;SEC05-BP03 Automate network protections;network-protection;sec_network_protection_auto_protect;Infrastructure protection;Protecting networks;Medium;Automated;Automate protection mechanisms to provide a self-defending network based on threat intelligence and anomaly detection. For example, intrusion detection and prevention tools that can adapt to current threats and reduce their impact. A web application firewall is an example of where you can automate network protection, for example, by using the AWS WAF Security Automations solution (https://github.com/awslabs/aws-waf-security-automations) to automatically block requests originating from IP addresses associated with known threat actors.;https://docs.aws.amazon.com/wellarchitected/latest/security-pillar/sec_network_protection_auto_protect.html#implementation-guidance.;PASS;Security group acme-prod-alb-sg (sg-018446cf6b80a5cea) does not have Telnet port 23 open to the Internet.;arn:aws:ec2:ap-northeast-2:481665130730:security-group/sg-018446cf6b80a5cea;ec2_securitygroup_allow_ingress_from_internet_to_tcp_port_telnet_23;False;sg-018446cf6b80a5cea;AWS-Well-Architected-Framework-Security-Pillar;AWS Well-Architected Framework Security Pillar
aws;Best Practices for AWS Well-Architected Framework Security Pillar. The focus of this framework is the security pillar of the AWS Well-Architected Framework. It provides guidance to help you apply best practices, current recommendations in the design, delivery, and maintenance of secure AWS workloads.;481665130730;ap-northeast-2;2026-05-18 12:36:20.224133;SEC03-BP07;Continuously monitor findings that highlight public and cross-account access. Reduce public access and cross-account access to only resources that require this type of access.;SEC03-BP07 Analyze public and cross-account access;permissions;sec_permissions_analyze_cross_account;Identity and access management;Permissions management;Low;Automated;Continuously monitor findings that highlight public and cross-account access. Reduce public access and cross-account access to only resources that require this type of access.;https://docs.aws.amazon.com/wellarchitected/latest/security-pillar/sec_permissions_analyze_cross_account.html#implementation-guidance.;PASS;Security group acme-prod-db-sg (sg-079f24a1b34315c3c) has no potential wide-open non-RFC1918 address.;arn:aws:ec2:ap-northeast-2:481665130730:security-group/sg-079f24a1b34315c3c;ec2_securitygroup_allow_wide_open_public_ipv4;False;sg-079f24a1b34315c3c;AWS-Well-Architected-Framework-Security-Pillar;AWS Well-Architected Framework Security Pillar
aws;Best Practices for AWS Well-Architected Framework Security Pillar. The focus of this framework is the security pillar of the AWS Well-Architected Framework. It provides guidance to help you apply best practices, current recommendations in the design, delivery, and maintenance of secure AWS workloads.;481665130730;ap-northeast-2;2026-05-18 12:36:20.224133;SEC03-BP07;Continuously monitor findings that highlight public and cross-account access. Reduce public access and cross-account access to only resources that require this type of access.;SEC03-BP07 Analyze public and cross-account access;permissions;sec_permissions_analyze_cross_account;Identity and access management;Permissions management;Low;Automated;Continuously monitor findings that highlight public and cross-account access. Reduce public access and cross-account access to only resources that require this type of access.;https://docs.aws.amazon.com/wellarchitected/latest/security-pillar/sec_permissions_analyze_cross_account.html#implementation-guidance.;PASS;Security group acme-prod-web-sg (sg-0af8ef2d6e3dba258) has no potential wide-open non-RFC1918 address.;arn:aws:ec2:ap-northeast-2:481665130730:security-group/sg-0af8ef2d6e3dba258;ec2_securitygroup_allow_wide_open_public_ipv4;False;sg-0af8ef2d6e3dba258;AWS-Well-Architected-Framework-Security-Pillar;AWS Well-Architected Framework Security Pillar
aws;Best Practices for AWS Well-Architected Framework Security Pillar. The focus of this framework is the security pillar of the AWS Well-Architected Framework. It provides guidance to help you apply best practices, current recommendations in the design, delivery, and maintenance of secure AWS workloads.;481665130730;ap-northeast-2;2026-05-18 12:36:20.224133;SEC03-BP07;Continuously monitor findings that highlight public and cross-account access. Reduce public access and cross-account access to only resources that require this type of access.;SEC03-BP07 Analyze public and cross-account access;permissions;sec_permissions_analyze_cross_account;Identity and access management;Permissions management;Low;Automated;Continuously monitor findings that highlight public and cross-account access. Reduce public access and cross-account access to only resources that require this type of access.;https://docs.aws.amazon.com/wellarchitected/latest/security-pillar/sec_permissions_analyze_cross_account.html#implementation-guidance.;PASS;Security group acme-prod-alb-sg (sg-018446cf6b80a5cea) has no potential wide-open non-RFC1918 address.;arn:aws:ec2:ap-northeast-2:481665130730:security-group/sg-018446cf6b80a5cea;ec2_securitygroup_allow_wide_open_public_ipv4;False;sg-018446cf6b80a5cea;AWS-Well-Architected-Framework-Security-Pillar;AWS Well-Architected Framework Security Pillar
aws;Best Practices for AWS Well-Architected Framework Security Pillar. The focus of this framework is the security pillar of the AWS Well-Architected Framework. It provides guidance to help you apply best practices, current recommendations in the design, delivery, and maintenance of secure AWS workloads.;481665130730;ap-northeast-2;2026-05-18 12:36:20.224133;SEC05-BP03;Automate protection mechanisms to provide a self-defending network based on threat intelligence and anomaly detection. For example, intrusion detection and prevention tools that can adapt to current threats and reduce their impact. A web application firewall is an example of where you can automate network protection, for example, by using the AWS WAF Security Automations solution (https://github.com/awslabs/aws-waf-security-automations) to automatically block requests originating from IP addresses associated with known threat actors.;SEC05-BP03 Automate network protections;network-protection;sec_network_protection_auto_protect;Infrastructure protection;Protecting networks;Medium;Automated;Automate protection mechanisms to provide a self-defending network based on threat intelligence and anomaly detection. For example, intrusion detection and prevention tools that can adapt to current threats and reduce their impact. A web application firewall is an example of where you can automate network protection, for example, by using the AWS WAF Security Automations solution (https://github.com/awslabs/aws-waf-security-automations) to automatically block requests originating from IP addresses associated with known threat actors.;https://docs.aws.amazon.com/wellarchitected/latest/security-pillar/sec_network_protection_auto_protect.html#implementation-guidance.;PASS;Security group acme-prod-db-sg (sg-079f24a1b34315c3c) was not created using the EC2 Launch Wizard.;arn:aws:ec2:ap-northeast-2:481665130730:security-group/sg-079f24a1b34315c3c;ec2_securitygroup_from_launch_wizard;False;sg-079f24a1b34315c3c;AWS-Well-Architected-Framework-Security-Pillar;AWS Well-Architected Framework Security Pillar
aws;Best Practices for AWS Well-Architected Framework Security Pillar. The focus of this framework is the security pillar of the AWS Well-Architected Framework. It provides guidance to help you apply best practices, current recommendations in the design, delivery, and maintenance of secure AWS workloads.;481665130730;ap-northeast-2;2026-05-18 12:36:20.224133;SEC05-BP03;Automate protection mechanisms to provide a self-defending network based on threat intelligence and anomaly detection. For example, intrusion detection and prevention tools that can adapt to current threats and reduce their impact. A web application firewall is an example of where you can automate network protection, for example, by using the AWS WAF Security Automations solution (https://github.com/awslabs/aws-waf-security-automations) to automatically block requests originating from IP addresses associated with known threat actors.;SEC05-BP03 Automate network protections;network-protection;sec_network_protection_auto_protect;Infrastructure protection;Protecting networks;Medium;Automated;Automate protection mechanisms to provide a self-defending network based on threat intelligence and anomaly detection. For example, intrusion detection and prevention tools that can adapt to current threats and reduce their impact. A web application firewall is an example of where you can automate network protection, for example, by using the AWS WAF Security Automations solution (https://github.com/awslabs/aws-waf-security-automations) to automatically block requests originating from IP addresses associated with known threat actors.;https://docs.aws.amazon.com/wellarchitected/latest/security-pillar/sec_network_protection_auto_protect.html#implementation-guidance.;PASS;Security group acme-prod-web-sg (sg-0af8ef2d6e3dba258) was not created using the EC2 Launch Wizard.;arn:aws:ec2:ap-northeast-2:481665130730:security-group/sg-0af8ef2d6e3dba258;ec2_securitygroup_from_launch_wizard;False;sg-0af8ef2d6e3dba258;AWS-Well-Architected-Framework-Security-Pillar;AWS Well-Architected Framework Security Pillar
aws;Best Practices for AWS Well-Architected Framework Security Pillar. The focus of this framework is the security pillar of the AWS Well-Architected Framework. It provides guidance to help you apply best practices, current recommendations in the design, delivery, and maintenance of secure AWS workloads.;481665130730;ap-northeast-2;2026-05-18 12:36:20.224133;SEC05-BP03;Automate protection mechanisms to provide a self-defending network based on threat intelligence and anomaly detection. For example, intrusion detection and prevention tools that can adapt to current threats and reduce their impact. A web application firewall is an example of where you can automate network protection, for example, by using the AWS WAF Security Automations solution (https://github.com/awslabs/aws-waf-security-automations) to automatically block requests originating from IP addresses associated with known threat actors.;SEC05-BP03 Automate network protections;network-protection;sec_network_protection_auto_protect;Infrastructure protection;Protecting networks;Medium;Automated;Automate protection mechanisms to provide a self-defending network based on threat intelligence and anomaly detection. For example, intrusion detection and prevention tools that can adapt to current threats and reduce their impact. A web application firewall is an example of where you can automate network protection, for example, by using the AWS WAF Security Automations solution (https://github.com/awslabs/aws-waf-security-automations) to automatically block requests originating from IP addresses associated with known threat actors.;https://docs.aws.amazon.com/wellarchitected/latest/security-pillar/sec_network_protection_auto_protect.html#implementation-guidance.;PASS;Security group acme-prod-alb-sg (sg-018446cf6b80a5cea) was not created using the EC2 Launch Wizard.;arn:aws:ec2:ap-northeast-2:481665130730:security-group/sg-018446cf6b80a5cea;ec2_securitygroup_from_launch_wizard;False;sg-018446cf6b80a5cea;AWS-Well-Architected-Framework-Security-Pillar;AWS Well-Architected Framework Security Pillar
aws;Best Practices for AWS Well-Architected Framework Security Pillar. The focus of this framework is the security pillar of the AWS Well-Architected Framework. It provides guidance to help you apply best practices, current recommendations in the design, delivery, and maintenance of secure AWS workloads.;481665130730;ap-northeast-2;2026-05-18 12:36:20.224133;SEC05-BP03;Automate protection mechanisms to provide a self-defending network based on threat intelligence and anomaly detection. For example, intrusion detection and prevention tools that can adapt to current threats and reduce their impact. A web application firewall is an example of where you can automate network protection, for example, by using the AWS WAF Security Automations solution (https://github.com/awslabs/aws-waf-security-automations) to automatically block requests originating from IP addresses associated with known threat actors.;SEC05-BP03 Automate network protections;network-protection;sec_network_protection_auto_protect;Infrastructure protection;Protecting networks;Medium;Automated;Automate protection mechanisms to provide a self-defending network based on threat intelligence and anomaly detection. For example, intrusion detection and prevention tools that can adapt to current threats and reduce their impact. A web application firewall is an example of where you can automate network protection, for example, by using the AWS WAF Security Automations solution (https://github.com/awslabs/aws-waf-security-automations) to automatically block requests originating from IP addresses associated with known threat actors.;https://docs.aws.amazon.com/wellarchitected/latest/security-pillar/sec_network_protection_auto_protect.html#implementation-guidance.;PASS;Security group acme-prod-db-sg (sg-079f24a1b34315c3c) it is being used.;arn:aws:ec2:ap-northeast-2:481665130730:security-group/sg-079f24a1b34315c3c;ec2_securitygroup_not_used;False;sg-079f24a1b34315c3c;AWS-Well-Architected-Framework-Security-Pillar;AWS Well-Architected Framework Security Pillar
aws;Best Practices for AWS Well-Architected Framework Security Pillar. The focus of this framework is the security pillar of the AWS Well-Architected Framework. It provides guidance to help you apply best practices, current recommendations in the design, delivery, and maintenance of secure AWS workloads.;481665130730;ap-northeast-2;2026-05-18 12:36:20.224133;SEC05-BP03;Automate protection mechanisms to provide a self-defending network based on threat intelligence and anomaly detection. For example, intrusion detection and prevention tools that can adapt to current threats and reduce their impact. A web application firewall is an example of where you can automate network protection, for example, by using the AWS WAF Security Automations solution (https://github.com/awslabs/aws-waf-security-automations) to automatically block requests originating from IP addresses associated with known threat actors.;SEC05-BP03 Automate network protections;network-protection;sec_network_protection_auto_protect;Infrastructure protection;Protecting networks;Medium;Automated;Automate protection mechanisms to provide a self-defending network based on threat intelligence and anomaly detection. For example, intrusion detection and prevention tools that can adapt to current threats and reduce their impact. A web application firewall is an example of where you can automate network protection, for example, by using the AWS WAF Security Automations solution (https://github.com/awslabs/aws-waf-security-automations) to automatically block requests originating from IP addresses associated with known threat actors.;https://docs.aws.amazon.com/wellarchitected/latest/security-pillar/sec_network_protection_auto_protect.html#implementation-guidance.;PASS;Security group acme-prod-web-sg (sg-0af8ef2d6e3dba258) it is being used.;arn:aws:ec2:ap-northeast-2:481665130730:security-group/sg-0af8ef2d6e3dba258;ec2_securitygroup_not_used;False;sg-0af8ef2d6e3dba258;AWS-Well-Architected-Framework-Security-Pillar;AWS Well-Architected Framework Security Pillar
aws;Best Practices for AWS Well-Architected Framework Security Pillar. The focus of this framework is the security pillar of the AWS Well-Architected Framework. It provides guidance to help you apply best practices, current recommendations in the design, delivery, and maintenance of secure AWS workloads.;481665130730;ap-northeast-2;2026-05-18 12:36:20.224133;SEC05-BP03;Automate protection mechanisms to provide a self-defending network based on threat intelligence and anomaly detection. For example, intrusion detection and prevention tools that can adapt to current threats and reduce their impact. A web application firewall is an example of where you can automate network protection, for example, by using the AWS WAF Security Automations solution (https://github.com/awslabs/aws-waf-security-automations) to automatically block requests originating from IP addresses associated with known threat actors.;SEC05-BP03 Automate network protections;network-protection;sec_network_protection_auto_protect;Infrastructure protection;Protecting networks;Medium;Automated;Automate protection mechanisms to provide a self-defending network based on threat intelligence and anomaly detection. For example, intrusion detection and prevention tools that can adapt to current threats and reduce their impact. A web application firewall is an example of where you can automate network protection, for example, by using the AWS WAF Security Automations solution (https://github.com/awslabs/aws-waf-security-automations) to automatically block requests originating from IP addresses associated with known threat actors.;https://docs.aws.amazon.com/wellarchitected/latest/security-pillar/sec_network_protection_auto_protect.html#implementation-guidance.;PASS;Security group acme-prod-alb-sg (sg-018446cf6b80a5cea) it is being used.;arn:aws:ec2:ap-northeast-2:481665130730:security-group/sg-018446cf6b80a5cea;ec2_securitygroup_not_used;False;sg-018446cf6b80a5cea;AWS-Well-Architected-Framework-Security-Pillar;AWS Well-Architected Framework Security Pillar
aws;Best Practices for AWS Well-Architected Framework Security Pillar. The focus of this framework is the security pillar of the AWS Well-Architected Framework. It provides guidance to help you apply best practices, current recommendations in the design, delivery, and maintenance of secure AWS workloads.;481665130730;ap-northeast-2;2026-05-18 12:36:20.224133;SEC05-BP03;Automate protection mechanisms to provide a self-defending network based on threat intelligence and anomaly detection. For example, intrusion detection and prevention tools that can adapt to current threats and reduce their impact. A web application firewall is an example of where you can automate network protection, for example, by using the AWS WAF Security Automations solution (https://github.com/awslabs/aws-waf-security-automations) to automatically block requests originating from IP addresses associated with known threat actors.;SEC05-BP03 Automate network protections;network-protection;sec_network_protection_auto_protect;Infrastructure protection;Protecting networks;Medium;Automated;Automate protection mechanisms to provide a self-defending network based on threat intelligence and anomaly detection. For example, intrusion detection and prevention tools that can adapt to current threats and reduce their impact. A web application firewall is an example of where you can automate network protection, for example, by using the AWS WAF Security Automations solution (https://github.com/awslabs/aws-waf-security-automations) to automatically block requests originating from IP addresses associated with known threat actors.;https://docs.aws.amazon.com/wellarchitected/latest/security-pillar/sec_network_protection_auto_protect.html#implementation-guidance.;PASS;Security group acme-prod-db-sg (sg-079f24a1b34315c3c) has 1 inbound rules and 1 outbound rules.;arn:aws:ec2:ap-northeast-2:481665130730:security-group/sg-079f24a1b34315c3c;ec2_securitygroup_with_many_ingress_egress_rules;False;sg-079f24a1b34315c3c;AWS-Well-Architected-Framework-Security-Pillar;AWS Well-Architected Framework Security Pillar
aws;Best Practices for AWS Well-Architected Framework Security Pillar. The focus of this framework is the security pillar of the AWS Well-Architected Framework. It provides guidance to help you apply best practices, current recommendations in the design, delivery, and maintenance of secure AWS workloads.;481665130730;ap-northeast-2;2026-05-18 12:36:20.224133;SEC05-BP03;Automate protection mechanisms to provide a self-defending network based on threat intelligence and anomaly detection. For example, intrusion detection and prevention tools that can adapt to current threats and reduce their impact. A web application firewall is an example of where you can automate network protection, for example, by using the AWS WAF Security Automations solution (https://github.com/awslabs/aws-waf-security-automations) to automatically block requests originating from IP addresses associated with known threat actors.;SEC05-BP03 Automate network protections;network-protection;sec_network_protection_auto_protect;Infrastructure protection;Protecting networks;Medium;Automated;Automate protection mechanisms to provide a self-defending network based on threat intelligence and anomaly detection. For example, intrusion detection and prevention tools that can adapt to current threats and reduce their impact. A web application firewall is an example of where you can automate network protection, for example, by using the AWS WAF Security Automations solution (https://github.com/awslabs/aws-waf-security-automations) to automatically block requests originating from IP addresses associated with known threat actors.;https://docs.aws.amazon.com/wellarchitected/latest/security-pillar/sec_network_protection_auto_protect.html#implementation-guidance.;PASS;Security group acme-prod-web-sg (sg-0af8ef2d6e3dba258) has 2 inbound rules and 1 outbound rules.;arn:aws:ec2:ap-northeast-2:481665130730:security-group/sg-0af8ef2d6e3dba258;ec2_securitygroup_with_many_ingress_egress_rules;False;sg-0af8ef2d6e3dba258;AWS-Well-Architected-Framework-Security-Pillar;AWS Well-Architected Framework Security Pillar
aws;Best Practices for AWS Well-Architected Framework Security Pillar. The focus of this framework is the security pillar of the AWS Well-Architected Framework. It provides guidance to help you apply best practices, current recommendations in the design, delivery, and maintenance of secure AWS workloads.;481665130730;ap-northeast-2;2026-05-18 12:36:20.224133;SEC05-BP03;Automate protection mechanisms to provide a self-defending network based on threat intelligence and anomaly detection. For example, intrusion detection and prevention tools that can adapt to current threats and reduce their impact. A web application firewall is an example of where you can automate network protection, for example, by using the AWS WAF Security Automations solution (https://github.com/awslabs/aws-waf-security-automations) to automatically block requests originating from IP addresses associated with known threat actors.;SEC05-BP03 Automate network protections;network-protection;sec_network_protection_auto_protect;Infrastructure protection;Protecting networks;Medium;Automated;Automate protection mechanisms to provide a self-defending network based on threat intelligence and anomaly detection. For example, intrusion detection and prevention tools that can adapt to current threats and reduce their impact. A web application firewall is an example of where you can automate network protection, for example, by using the AWS WAF Security Automations solution (https://github.com/awslabs/aws-waf-security-automations) to automatically block requests originating from IP addresses associated with known threat actors.;https://docs.aws.amazon.com/wellarchitected/latest/security-pillar/sec_network_protection_auto_protect.html#implementation-guidance.;PASS;Security group acme-prod-alb-sg (sg-018446cf6b80a5cea) has 2 inbound rules and 1 outbound rules.;arn:aws:ec2:ap-northeast-2:481665130730:security-group/sg-018446cf6b80a5cea;ec2_securitygroup_with_many_ingress_egress_rules;False;sg-018446cf6b80a5cea;AWS-Well-Architected-Framework-Security-Pillar;AWS Well-Architected Framework Security Pillar
aws;Best Practices for AWS Well-Architected Framework Security Pillar. The focus of this framework is the security pillar of the AWS Well-Architected Framework. It provides guidance to help you apply best practices, current recommendations in the design, delivery, and maintenance of secure AWS workloads.;;;2026-05-18 12:36:20.224133;SEC01-BP03;Based on your compliance requirements and risks identified from your threat model, derive and validate the control objectives and controls that you need to apply to your workload. Ongoing validation of control objectives and controls help you measure the effectiveness of risk mitigation.;SEC01-BP03 Identify and validate control objectives;securely-operate;sec_securely_operate_control_objectives;Security foundations;Operating your workloads securely;High;Automated;Based on your compliance requirements and risks identified from your threat model, derive and validate the control objectives and controls that you need to apply to your workload. Ongoing validation of control objectives and controls help you measure the effectiveness of risk mitigation.;https://docs.aws.amazon.com/wellarchitected/latest/security-pillar/sec_securely_operate_control_objectives.html#implementation-guidance.;MANUAL;Manual check;manual_check;manual;False;Manual check;AWS-Well-Architected-Framework-Security-Pillar;AWS Well-Architected Framework Security Pillar
aws;Best Practices for AWS Well-Architected Framework Security Pillar. The focus of this framework is the security pillar of the AWS Well-Architected Framework. It provides guidance to help you apply best practices, current recommendations in the design, delivery, and maintenance of secure AWS workloads.;;;2026-05-18 12:36:20.224133;SEC01-BP04;To help you define and implement appropriate controls, recognize attack vectors by staying up to date with the latest security threats. Consume AWS Managed Services to make it easier to receive notification of unexpected or unusual behavior in your AWS accounts. Investigate using AWS Partner tools or third-party threat information feeds as part of your security information flow. The Common Vulnerabilities and Exposures (CVE) List  list contains publicly disclosed cyber security vulnerabilities that you can use to stay up to date.;SEC01-BP04 Keep up-to-date with security threats;securely-operate;sec_securely_operate_updated_threats;Security foundations;Operating your workloads securely;High;Automated;To help you define and implement appropriate controls, recognize attack vectors by staying up to date with the latest security threats. Consume AWS Managed Services to make it easier to receive notification of unexpected or unusual behavior in your AWS accounts. Investigate using AWS Partner tools or third-party threat information feeds as part of your security information flow. The Common Vulnerabilities and Exposures (CVE) List  list contains publicly disclosed cyber security vulnerabilities that you can use to stay up to date.;https://docs.aws.amazon.com/wellarchitected/latest/security-pillar/sec_securely_operate_updated_threats.html#implementation-guidance.;MANUAL;Manual check;manual_check;manual;False;Manual check;AWS-Well-Architected-Framework-Security-Pillar;AWS Well-Architected Framework Security Pillar
aws;Best Practices for AWS Well-Architected Framework Security Pillar. The focus of this framework is the security pillar of the AWS Well-Architected Framework. It provides guidance to help you apply best practices, current recommendations in the design, delivery, and maintenance of secure AWS workloads.;;;2026-05-18 12:36:20.224133;SEC01-BP05;Stay up-to-date with both AWS and industry security recommendations to evolve the security posture of your workload. AWS Security Bulletins contain important information about security and privacy notifications.;SEC01-BP05 Keep up-to-date with security recommendations;securely-operate;sec_securely_operate_updated_recommendations;Security foundations;Operating your workloads securely;High;Automated;Stay up-to-date with both AWS and industry security recommendations to evolve the security posture of your workload. AWS Security Bulletins contain important information about security and privacy notifications.;https://docs.aws.amazon.com/wellarchitected/latest/security-pillar/sec_securely_operate_updated_recommendations.html#implementation-guidance.;MANUAL;Manual check;manual_check;manual;False;Manual check;AWS-Well-Architected-Framework-Security-Pillar;AWS Well-Architected Framework Security Pillar
aws;Best Practices for AWS Well-Architected Framework Security Pillar. The focus of this framework is the security pillar of the AWS Well-Architected Framework. It provides guidance to help you apply best practices, current recommendations in the design, delivery, and maintenance of secure AWS workloads.;;;2026-05-18 12:36:20.224133;SEC01-BP08;Evaluate and implement security services and features from AWS and AWS Partners that allow you to evolve the security posture of your workload. The AWS Security Blog highlights new AWS services and features, implementation guides, and general security guidance. What's New with AWS? is a great way to stay up to date with all new AWS features, services, and announcements.;SEC01-BP08 Evaluate and implement new security services and features regularly;securely-operate;sec_securely_operate_implement_services_features;Security foundations;Operating your workloads securely;Low;Automated;Evaluate and implement security services and features from AWS and AWS Partners that allow you to evolve the security posture of your workload. The AWS Security Blog highlights new AWS services and features, implementation guides, and general security guidance. What's New with AWS? is a great way to stay up to date with all new AWS features, services, and announcements.;https://docs.aws.amazon.com/wellarchitected/latest/security-pillar/sec_securely_operate_implement_services_features.html#implementation-guidance.;MANUAL;Manual check;manual_check;manual;False;Manual check;AWS-Well-Architected-Framework-Security-Pillar;AWS Well-Architected Framework Security Pillar
aws;Best Practices for AWS Well-Architected Framework Security Pillar. The focus of this framework is the security pillar of the AWS Well-Architected Framework. It provides guidance to help you apply best practices, current recommendations in the design, delivery, and maintenance of secure AWS workloads.;;;2026-05-18 12:36:20.224133;SEC06-BP03;Implement services that manage resources, such as Amazon Relational Database Service (Amazon RDS), AWS Lambda, and Amazon Elastic Container Service (Amazon ECS), to reduce your security maintenance tasks as part of the shared responsibility model. For example, Amazon RDS helps you set up, operate, and scale a relational database, automates administration tasks such as hardware provisioning, database setup, patching, and backups. This means you have more free time to focus on securing your application in other ways described in the AWS Well-Architected Framework. Lambda lets you run code without provisioning or managing servers, so you only need to focus on the connectivity, invocation, and security at the code level–not the infrastructure or operating system.;SEC06-BP03 Implement managed services;protect-compute;sec_protect_compute_implement_managed_services;Infrastructure protection;Protecting compute;High;Automated;Implement services that manage resources, such as Amazon Relational Database Service (Amazon RDS), AWS Lambda, and Amazon Elastic Container Service (Amazon ECS), to reduce your security maintenance tasks as part of the shared responsibility model. For example, Amazon RDS helps you set up, operate, and scale a relational database, automates administration tasks such as hardware provisioning, database setup, patching, and backups. This means you have more free time to focus on securing your application in other ways described in the AWS Well-Architected Framework. Lambda lets you run code without provisioning or managing servers, so you only need to focus on the connectivity, invocation, and security at the code level–not the infrastructure or operating system.;https://docs.aws.amazon.com/wellarchitected/latest/security-pillar/sec_protect_compute_implement_managed_services.html#implementation-guidance.;MANUAL;Manual check;manual_check;manual;False;Manual check;AWS-Well-Architected-Framework-Security-Pillar;AWS Well-Architected Framework Security Pillar
aws;Best Practices for AWS Well-Architected Framework Security Pillar. The focus of this framework is the security pillar of the AWS Well-Architected Framework. It provides guidance to help you apply best practices, current recommendations in the design, delivery, and maintenance of secure AWS workloads.;;;2026-05-18 12:36:20.224133;SEC07-BP01;It’s critical to understand the type and classification of data your workload is processing, the associated business processes, where the data is stored, and who is the data owner. You should also have an understanding of the applicable legal and compliance requirements of your workload, and what data controls need to be enforced. Identifying data is the first step in the data classification journey.;SEC07-BP01 Identify the data within your workload;data-classification;sec_data_classification_identify_data;Data protection;Data classification;High;Automated;It’s critical to understand the type and classification of data your workload is processing, the associated business processes, where the data is stored, and who is the data owner. You should also have an understanding of the applicable legal and compliance requirements of your workload, and what data controls need to be enforced. Identifying data is the first step in the data classification journey.;https://docs.aws.amazon.com/wellarchitected/latest/security-pillar/sec_data_classification_identify_data.html#implementation-guidance.;MANUAL;Manual check;manual_check;manual;False;Manual check;AWS-Well-Architected-Framework-Security-Pillar;AWS Well-Architected Framework Security Pillar
aws;Best Practices for AWS Well-Architected Framework Security Pillar. The focus of this framework is the security pillar of the AWS Well-Architected Framework. It provides guidance to help you apply best practices, current recommendations in the design, delivery, and maintenance of secure AWS workloads.;;;2026-05-18 12:36:20.224133;SEC07-BP02;Protect data according to its classification level. For example, secure data classified as public by using relevant recommendations while protecting sensitive data with additional controls.By using resource tags, separate AWS accounts per sensitivity (and potentially also for each caveat, enclave, or community of interest), IAM policies, AWS Organizations SCPs, AWS Key Management Service (AWS KMS), and AWS CloudHSM, you can define and implement your policies for data classification and protection with encryption. For example, if you have a project with S3 buckets that contain highly critical data or Amazon Elastic Compute Cloud (Amazon EC2) instances that process confidential data, they can be tagged with a Project=ABC tag. Only your immediate team knows what the project code means, and it provides a way to use attribute-based access control. You can define levels of access to the AWS KMS encryption keys through key policies and grants to ensure that only appropriate services have access to the sensitive content through a secure mechanism. If you are making authorization decisions based on tags you should make sure that the permissions on the tags are defined appropriately using tag policies in AWS Organizations.;SEC07-BP02 Define data protection controls;data-classification;sec_data_classification_define_protection;Data protection;Data classification;High;Automated;Protect data according to its classification level. For example, secure data classified as public by using relevant recommendations while protecting sensitive data with additional controls.By using resource tags, separate AWS accounts per sensitivity (and potentially also for each caveat, enclave, or community of interest), IAM policies, AWS Organizations SCPs, AWS Key Management Service (AWS KMS), and AWS CloudHSM, you can define and implement your policies for data classification and protection with encryption. For example, if you have a project with S3 buckets that contain highly critical data or Amazon Elastic Compute Cloud (Amazon EC2) instances that process confidential data, they can be tagged with a Project=ABC tag. Only your immediate team knows what the project code means, and it provides a way to use attribute-based access control. You can define levels of access to the AWS KMS encryption keys through key policies and grants to ensure that only appropriate services have access to the sensitive content through a secure mechanism. If you are making authorization decisions based on tags you should make sure that the permissions on the tags are defined appropriately using tag policies in AWS Organizations.;https://docs.aws.amazon.com/wellarchitected/latest/security-pillar/sec_data_classification_define_protection.html#implementation-guidance.;MANUAL;Manual check;manual_check;manual;False;Manual check;AWS-Well-Architected-Framework-Security-Pillar;AWS Well-Architected Framework Security Pillar
aws;Best Practices for AWS Well-Architected Framework Security Pillar. The focus of this framework is the security pillar of the AWS Well-Architected Framework. It provides guidance to help you apply best practices, current recommendations in the design, delivery, and maintenance of secure AWS workloads.;;;2026-05-18 12:36:20.224133;SEC07-BP03;Automating the identification and classification of data can help you implement the correct controls. Using automation for this instead of direct access from a person reduces the risk of human error and exposure. You should evaluate using a tool, such as Amazon Macie, that uses machine learning to automatically discover, classify, and protect sensitive data in AWS. Amazon Macie recognizes sensitive data, such as personally identifiable information (PII) or intellectual property, and provides you with dashboards and alerts that give visibility into how this data is being accessed or moved.;SEC07-BP03 Automate identification and classification;data-classification;sec_data_classification_auto_classification;Data protection;Data classification;Medium;Automated;Automating the identification and classification of data can help you implement the correct controls. Using automation for this instead of direct access from a person reduces the risk of human error and exposure. You should evaluate using a tool, such as Amazon Macie, that uses machine learning to automatically discover, classify, and protect sensitive data in AWS. Amazon Macie recognizes sensitive data, such as personally identifiable information (PII) or intellectual property, and provides you with dashboards and alerts that give visibility into how this data is being accessed or moved.;https://docs.aws.amazon.com/wellarchitected/latest/security-pillar/sec_data_classification_auto_classification.html#implementation-guidance.;MANUAL;Manual check;manual_check;manual;False;Manual check;AWS-Well-Architected-Framework-Security-Pillar;AWS Well-Architected Framework Security Pillar
aws;Best Practices for AWS Well-Architected Framework Security Pillar. The focus of this framework is the security pillar of the AWS Well-Architected Framework. It provides guidance to help you apply best practices, current recommendations in the design, delivery, and maintenance of secure AWS workloads.;;;2026-05-18 12:36:20.224133;SEC07-BP04;Your defined lifecycle strategy should be based on sensitivity level as well as legal and organization requirements. Aspects including the duration for which you retain data, data destruction processes, data access management, data transformation, and data sharing should be considered. When choosing a data classification methodology, balance usability versus access. You should also accommodate the multiple levels of access and nuances for implementing a secure, but still usable, approach for each level. Always use a defense in depth approach and reduce human access to data and mechanisms for transforming, deleting, or copying data. For example, require users to strongly authenticate to an application, and give the application, rather than the users, the requisite access permission to perform action at a distance. In addition, ensure that users come from a trusted network path and require access to the decryption keys. Use tools, such as dashboards and automated reporting, to give users information from the data rather than giving them direct access to the data.;SEC07-BP04 Define data lifecycle management;data-classification;sec_data_classification_lifecycle_management;Data protection;Data classification;Low;Automated;Your defined lifecycle strategy should be based on sensitivity level as well as legal and organization requirements. Aspects including the duration for which you retain data, data destruction processes, data access management, data transformation, and data sharing should be considered. When choosing a data classification methodology, balance usability versus access. You should also accommodate the multiple levels of access and nuances for implementing a secure, but still usable, approach for each level. Always use a defense in depth approach and reduce human access to data and mechanisms for transforming, deleting, or copying data. For example, require users to strongly authenticate to an application, and give the application, rather than the users, the requisite access permission to perform action at a distance. In addition, ensure that users come from a trusted network path and require access to the decryption keys. Use tools, such as dashboards and automated reporting, to give users information from the data rather than giving them direct access to the data.;https://docs.aws.amazon.com/wellarchitected/latest/security-pillar/sec_data_classification_lifecycle_management.html#implementation-guidance.;MANUAL;Manual check;manual_check;manual;False;Manual check;AWS-Well-Architected-Framework-Security-Pillar;AWS Well-Architected Framework Security Pillar
aws;Best Practices for AWS Well-Architected Framework Security Pillar. The focus of this framework is the security pillar of the AWS Well-Architected Framework. It provides guidance to help you apply best practices, current recommendations in the design, delivery, and maintenance of secure AWS workloads.;;;2026-05-18 12:36:20.224133;SEC08-BP05;Keep all users away from directly accessing sensitive data and systems under normal operational circumstances. For example, use a change management workflow to manage Amazon Elastic Compute Cloud (Amazon EC2) instances using tools instead of allowing direct access or a bastion host. This can be achieved using AWS Systems Manager Automation, which uses automation documents that contain steps you use to perform tasks. These documents can be stored in source control, be peer reviewed before running, and tested thoroughly to minimize risk compared to shell access. Business users could have a dashboard instead of direct access to a data store to run queries. Where CI/CD pipelines are not used, determine which controls and processes are required to adequately provide a normally disabled break-glass access mechanism.;SEC08-BP05 Use mechanisms to keep people away from data;protect-data-rest;sec_protect_data_rest_use_people_away;Data protection;Protecting data at rest;Low;Automated;Keep all users away from directly accessing sensitive data and systems under normal operational circumstances. For example, use a change management workflow to manage Amazon Elastic Compute Cloud (Amazon EC2) instances using tools instead of allowing direct access or a bastion host. This can be achieved using AWS Systems Manager Automation, which uses automation documents that contain steps you use to perform tasks. These documents can be stored in source control, be peer reviewed before running, and tested thoroughly to minimize risk compared to shell access. Business users could have a dashboard instead of direct access to a data store to run queries. Where CI/CD pipelines are not used, determine which controls and processes are required to adequately provide a normally disabled break-glass access mechanism.;https://docs.aws.amazon.com/wellarchitected/latest/security-pillar/sec_protect_data_rest_use_people_away.html#implementation-guidance.;MANUAL;Manual check;manual_check;manual;False;Manual check;AWS-Well-Architected-Framework-Security-Pillar;AWS Well-Architected Framework Security Pillar
aws;Best Practices for AWS Well-Architected Framework Security Pillar. The focus of this framework is the security pillar of the AWS Well-Architected Framework. It provides guidance to help you apply best practices, current recommendations in the design, delivery, and maintenance of secure AWS workloads.;;;2026-05-18 12:36:20.224133;SEC09-BP03;Use tools such as Amazon GuardDuty to automatically detect suspicious activity or attempts to move data outside of defined boundaries. For example, GuardDuty can detect Amazon Simple Storage Service (Amazon S3) read activity that is unusual with the Exfiltration:S3/AnomalousBehavior finding. In addition to GuardDuty, Amazon VPC Flow Logs, which capture network traffic information, can be used with Amazon EventBridge to trigger detection of abnormal connections–both successful and denied. Amazon S3 Access Analyzer can help assess what data is accessible to who in your Amazon S3 buckets.;SEC09-BP03 Automate detection of unintended data access;protect-data-transit;sec_protect_data_transit_auto_unintended_access;Data protection;Protecting data in transit;Medium;Automated;Use tools such as Amazon GuardDuty to automatically detect suspicious activity or attempts to move data outside of defined boundaries. For example, GuardDuty can detect Amazon Simple Storage Service (Amazon S3) read activity that is unusual with the Exfiltration:S3/AnomalousBehavior finding. In addition to GuardDuty, Amazon VPC Flow Logs, which capture network traffic information, can be used with Amazon EventBridge to trigger detection of abnormal connections–both successful and denied. Amazon S3 Access Analyzer can help assess what data is accessible to who in your Amazon S3 buckets.;https://docs.aws.amazon.com/wellarchitected/latest/security-pillar/sec_protect_data_transit_auto_unintended_access.html#implementation-guidance.;MANUAL;Manual check;manual_check;manual;False;Manual check;AWS-Well-Architected-Framework-Security-Pillar;AWS Well-Architected Framework Security Pillar
aws;Best Practices for AWS Well-Architected Framework Security Pillar. The focus of this framework is the security pillar of the AWS Well-Architected Framework. It provides guidance to help you apply best practices, current recommendations in the design, delivery, and maintenance of secure AWS workloads.;;;2026-05-18 12:36:20.224133;SEC10-BP02;Create plans to help you respond to, communicate during, and recover from an incident. For example, you can start an incident response plan with the most likely scenarios for your workload and organization. Include how you would communicate and escalate both internally and externally.;SEC10-BP02 Develop incident management plans;incident-response;sec_incident_response_develop_management_plans;Incident response;Prepare;High;Automated;Create plans to help you respond to, communicate during, and recover from an incident. For example, you can start an incident response plan with the most likely scenarios for your workload and organization. Include how you would communicate and escalate both internally and externally.;https://docs.aws.amazon.com/wellarchitected/latest/security-pillar/sec_incident_response_develop_management_plans.html#implementation-guidance.;MANUAL;Manual check;manual_check;manual;False;Manual check;AWS-Well-Architected-Framework-Security-Pillar;AWS Well-Architected Framework Security Pillar
aws;Best Practices for AWS Well-Architected Framework Security Pillar. The focus of this framework is the security pillar of the AWS Well-Architected Framework. It provides guidance to help you apply best practices, current recommendations in the design, delivery, and maintenance of secure AWS workloads.;;;2026-05-18 12:36:20.224133;SEC10-BP03;It's important for your incident responders to understand when and how the forensic investigation fits into your response plan. Your organization should define what evidence is collected and what tools are used in the process. Identify and prepare forensic investigation capabilities that are suitable, including external specialists, tools, and automation. A key decision that you should make upfront is if you will collect data from a live system. Some data, such as the contents of volatile memory or active network connections, will be lost if the system is powered off or rebooted.Your response team can combine tools, such as AWS Systems Manager, Amazon EventBridge, and AWS Lambda, to automatically run forensic tools within an operating system and VPC traffic mirroring to obtain a network packet capture, to gather non-persistent evidence. Conduct other activities, such as log analysis or analyzing disk images, in a dedicated security account with customized forensic workstations and tools accessible to your responders.Routinely ship relevant logs to a data store that provides high durability and integrity. Responders should have access to those logs. AWS offers several tools that can make log investigation easier, such as Amazon Athena, Amazon OpenSearch Service (OpenSearch Service), and Amazon CloudWatch Logs Insights. Additionally, preserve evidence securely using Amazon Simple Storage Service (Amazon S3) Object Lock. This service follows the WORM (write-once- read-many) model and prevents objects from being deleted or overwritten for a defined period. As forensic investigation techniques require specialist training, you might need to engage external specialists.;SEC10-BP03 Prepare forensic capabilities;incident-response;sec_incident_response_prepare_forensic;Incident response;Prepare;Medium;Automated;It's important for your incident responders to understand when and how the forensic investigation fits into your response plan. Your organization should define what evidence is collected and what tools are used in the process. Identify and prepare forensic investigation capabilities that are suitable, including external specialists, tools, and automation. A key decision that you should make upfront is if you will collect data from a live system. Some data, such as the contents of volatile memory or active network connections, will be lost if the system is powered off or rebooted.Your response team can combine tools, such as AWS Systems Manager, Amazon EventBridge, and AWS Lambda, to automatically run forensic tools within an operating system and VPC traffic mirroring to obtain a network packet capture, to gather non-persistent evidence. Conduct other activities, such as log analysis or analyzing disk images, in a dedicated security account with customized forensic workstations and tools accessible to your responders.Routinely ship relevant logs to a data store that provides high durability and integrity. Responders should have access to those logs. AWS offers several tools that can make log investigation easier, such as Amazon Athena, Amazon OpenSearch Service (OpenSearch Service), and Amazon CloudWatch Logs Insights. Additionally, preserve evidence securely using Amazon Simple Storage Service (Amazon S3) Object Lock. This service follows the WORM (write-once- read-many) model and prevents objects from being deleted or overwritten for a defined period. As forensic investigation techniques require specialist training, you might need to engage external specialists.;https://docs.aws.amazon.com/wellarchitected/latest/security-pillar/sec_incident_response_prepare_forensic.html#implementation-guidance.;MANUAL;Manual check;manual_check;manual;False;Manual check;AWS-Well-Architected-Framework-Security-Pillar;AWS Well-Architected Framework Security Pillar
aws;Best Practices for AWS Well-Architected Framework Security Pillar. The focus of this framework is the security pillar of the AWS Well-Architected Framework. It provides guidance to help you apply best practices, current recommendations in the design, delivery, and maintenance of secure AWS workloads.;;;2026-05-18 12:36:20.224133;SEC10-BP05;Verify that incident responders have the correct access pre-provisioned in AWS to reduce the time needed for investigation through to recovery.Common anti-patterns:Using the root account for incident response.Altering existing accounts.Manipulating IAM permissions directly when providing just-in-time privilege elevation.;SEC10-BP05 Pre-provision access;incident-response;sec_incident_response_pre_provision_access;Incident response;Prepare;Medium;Automated;Verify that incident responders have the correct access pre-provisioned in AWS to reduce the time needed for investigation through to recovery.Common anti-patterns:Using the root account for incident response.Altering existing accounts.Manipulating IAM permissions directly when providing just-in-time privilege elevation.;https://docs.aws.amazon.com/wellarchitected/latest/security-pillar/sec_incident_response_pre_provision_access.html#implementation-guidance.;MANUAL;Manual check;manual_check;manual;False;Manual check;AWS-Well-Architected-Framework-Security-Pillar;AWS Well-Architected Framework Security Pillar
aws;Best Practices for AWS Well-Architected Framework Security Pillar. The focus of this framework is the security pillar of the AWS Well-Architected Framework. It provides guidance to help you apply best practices, current recommendations in the design, delivery, and maintenance of secure AWS workloads.;;;2026-05-18 12:36:20.224133;SEC10-BP06;Ensure that security personnel have the right tools pre-deployed into AWS to reduce the time for investigation through to recovery.To automate security engineering and operations functions, you can use a comprehensive set of APIs and tools from AWS. You can fully automate identity management, network security, data protection, and monitoring capabilities and deliver them using popular software development methods that you already have in place. When you build security automation, your system can monitor, review, and initiate a response, rather than having people monitor your security position and manually react to events. An effective way to automatically provide searchable and relevant log data across AWS services to your incident responders is to enable Amazon Detective.If your incident response teams continue to respond to alerts in the same way, they risk alert fatigue. Over time, the team can become desensitized to alerts and can either make mistakes handling ordinary situations or miss unusual alerts. Automation helps avoid alert fatigue by using functions that process the repetitive and ordinary alerts, leaving humans to handle the sensitive and unique incidents. Integrating anomaly detection systems, such as Amazon GuardDuty, AWS CloudTrail Insights, and Amazon CloudWatch Anomaly Detection, can reduce the burden of common threshold-based alerts.You can improve manual processes by programmatically automating steps in the process. After you define the remediation pattern to an event, you can decompose that pattern into actionable logic, and write the code to perform that logic. Responders can then execute that code to remediate the issue. Over time, you can automate more and more steps, and ultimately automatically handle whole classes of common incidents.For tools that execute within the operating system of your Amazon Elastic Compute Cloud (Amazon EC2) instance, you should evaluate using the AWS Systems Manager Run Command, which enables you to remotely and securely administrate instances using an agent that you install on your Amazon EC2 instance operating system. It requires the Systems Manager Agent (SSM Agent), which is installed by default on many Amazon Machine Images (AMIs). Be aware, though, that once an instance has been compromised, no responses from tools or agents running on it should be considered trustworthy.;SEC10-BP06 Pre-deploy tools;incident-response;sec_incident_response_pre_deploy_tools;Incident response;Prepare;Low;Automated;Ensure that security personnel have the right tools pre-deployed into AWS to reduce the time for investigation through to recovery.To automate security engineering and operations functions, you can use a comprehensive set of APIs and tools from AWS. You can fully automate identity management, network security, data protection, and monitoring capabilities and deliver them using popular software development methods that you already have in place. When you build security automation, your system can monitor, review, and initiate a response, rather than having people monitor your security position and manually react to events. An effective way to automatically provide searchable and relevant log data across AWS services to your incident responders is to enable Amazon Detective.If your incident response teams continue to respond to alerts in the same way, they risk alert fatigue. Over time, the team can become desensitized to alerts and can either make mistakes handling ordinary situations or miss unusual alerts. Automation helps avoid alert fatigue by using functions that process the repetitive and ordinary alerts, leaving humans to handle the sensitive and unique incidents. Integrating anomaly detection systems, such as Amazon GuardDuty, AWS CloudTrail Insights, and Amazon CloudWatch Anomaly Detection, can reduce the burden of common threshold-based alerts.You can improve manual processes by programmatically automating steps in the process. After you define the remediation pattern to an event, you can decompose that pattern into actionable logic, and write the code to perform that logic. Responders can then execute that code to remediate the issue. Over time, you can automate more and more steps, and ultimately automatically handle whole classes of common incidents.For tools that execute within the operating system of your Amazon Elastic Compute Cloud (Amazon EC2) instance, you should evaluate using the AWS Systems Manager Run Command, which enables you to remotely and securely administrate instances using an agent that you install on your Amazon EC2 instance operating system. It requires the Systems Manager Agent (SSM Agent), which is installed by default on many Amazon Machine Images (AMIs). Be aware, though, that once an instance has been compromised, no responses from tools or agents running on it should be considered trustworthy.;https://docs.aws.amazon.com/wellarchitected/latest/security-pillar/sec_incident_response_pre_deploy_tools.html#implementation-guidance.;MANUAL;Manual check;manual_check;manual;False;Manual check;AWS-Well-Architected-Framework-Security-Pillar;AWS Well-Architected Framework Security Pillar
aws;Best Practices for AWS Well-Architected Framework Security Pillar. The focus of this framework is the security pillar of the AWS Well-Architected Framework. It provides guidance to help you apply best practices, current recommendations in the design, delivery, and maintenance of secure AWS workloads.;;;2026-05-18 12:36:20.224133;SEC10-BP07;Game days, also known as simulations or exercises, are internal events that provide a structured opportunity to practice your incident management plans and procedures during a realistic scenario. These events should exercise responders using the same tools and techniques that would be used in a real-world scenario - even mimicking real-world environments. Game days are fundamentally about being prepared and iteratively improving your response capabilities. Some of the reasons you might find value in performing game day activities include:Validating readinessDeveloping confidence – learning from simulations and training staffFollowing compliance or contractual obligationsGenerating artifacts for accreditationBeing agile – incremental improvementBecoming faster and improving toolsRefining communication and escalationDeveloping comfort with the rare and the unexpectedFor these reasons, the value derived from participating in a simulation activity increases an organization's effectiveness during stressful events. Developing a simulation activity that is both realistic and beneficial can be a difficult exercise. Although testing your procedures or automation that handles well-understood events has certain advantages, it is just as valuable to participate in creative Security Incident Response Simulations (SIRS) activities to test yourself against the unexpected and continuously improve.Create custom simulations tailored to your environment, team, and tools. Find an issue and design your simulation around it. This could be something like a leaked credential, a server communicating with unwanted systems, or a misconfiguration that results in unauthorized exposure. Identify engineers who are familiar with your organization to create the scenario and another group to participate. The scenario should be realistic and challenging enough to be valuable. It should include the opportunity to get hands on with logging, notifications, escalations, and executing runbooks or automation. During the simulation, your responders should exercise their technical and organizational skills, and leaders should be involved to build their incident management skills. At the end of the simulation, celebrate the efforts of the team and look for ways to iterate, repeat, and expand into further simulations.AWS has created Incident Response Runbook templates that you can use not only to prepare your response efforts, but also as a basis for a simulation. When planning, a simulation can be broken into five phases.Evidence gathering: In this phase, a team will get alerts through various means, such as an internal ticketing system, alerts from monitoring tooling, anonymous tips, or even public news. Teams then start to review infrastructure and application logs to determine the source of the compromise. This step should also involve internal escalations and incident leadership. Once identified, teams move on to containing the incidentContain the incident: Teams will have determined there has been an incident and established the source of the compromise. Teams now should take action to contain it, for example, by disabling compromised credentials, isolating a compute resource, or revoking a role's permission.Eradicate the incident: Now that they've contained the incident, teams will work towards mitigating any vulnerabilities in applications or infrastructure configurations that were susceptible to the compromise. This could include rotating all credentials used for a workload, modifying Access Control Lists (ACLs) or changing network configurations.;SEC10-BP07 Run game days;incident-response;sec_incident_response_run_game_days;Incident response;Simulate;Medium;Automated;Game days, also known as simulations or exercises, are internal events that provide a structured opportunity to practice your incident management plans and procedures during a realistic scenario. These events should exercise responders using the same tools and techniques that would be used in a real-world scenario - even mimicking real-world environments. Game days are fundamentally about being prepared and iteratively improving your response capabilities. Some of the reasons you might find value in performing game day activities include:Validating readinessDeveloping confidence – learning from simulations and training staffFollowing compliance or contractual obligationsGenerating artifacts for accreditationBeing agile – incremental improvementBecoming faster and improving toolsRefining communication and escalationDeveloping comfort with the rare and the unexpectedFor these reasons, the value derived from participating in a simulation activity increases an organization's effectiveness during stressful events. Developing a simulation activity that is both realistic and beneficial can be a difficult exercise. Although testing your procedures or automation that handles well-understood events has certain advantages, it is just as valuable to participate in creative Security Incident Response Simulations (SIRS) activities to test yourself against the unexpected and continuously improve.Create custom simulations tailored to your environment, team, and tools. Find an issue and design your simulation around it. This could be something like a leaked credential, a server communicating with unwanted systems, or a misconfiguration that results in unauthorized exposure. Identify engineers who are familiar with your organization to create the scenario and another group to participate. The scenario should be realistic and challenging enough to be valuable. It should include the opportunity to get hands on with logging, notifications, escalations, and executing runbooks or automation. During the simulation, your responders should exercise their technical and organizational skills, and leaders should be involved to build their incident management skills. At the end of the simulation, celebrate the efforts of the team and look for ways to iterate, repeat, and expand into further simulations.AWS has created Incident Response Runbook templates that you can use not only to prepare your response efforts, but also as a basis for a simulation. When planning, a simulation can be broken into five phases.Evidence gathering: In this phase, a team will get alerts through various means, such as an internal ticketing system, alerts from monitoring tooling, anonymous tips, or even public news. Teams then start to review infrastructure and application logs to determine the source of the compromise. This step should also involve internal escalations and incident leadership. Once identified, teams move on to containing the incidentContain the incident: Teams will have determined there has been an incident and established the source of the compromise. Teams now should take action to contain it, for example, by disabling compromised credentials, isolating a compute resource, or revoking a role's permission.Eradicate the incident: Now that they've contained the incident, teams will work towards mitigating any vulnerabilities in applications or infrastructure configurations that were susceptible to the compromise. This could include rotating all credentials used for a workload, modifying Access Control Lists (ACLs) or changing network configurations.;https://docs.aws.amazon.com/wellarchitected/latest/security-pillar/sec_incident_response_run_game_days.html#implementation-guidance.;MANUAL;Manual check;manual_check;manual;False;Manual check;AWS-Well-Architected-Framework-Security-Pillar;AWS Well-Architected Framework Security Pillar
aws;Best Practices for AWS Well-Architected Framework Security Pillar. The focus of this framework is the security pillar of the AWS Well-Architected Framework. It provides guidance to help you apply best practices, current recommendations in the design, delivery, and maintenance of secure AWS workloads.;;;2026-05-18 12:36:20.224133;SEC10-BP04;Automate containment and recovery of an incident to reduce response times and organizational impact.Once you create and practice the processes and tools from your playbooks, you can deconstruct the logic into a code-based solution, which can be used as a tool by many responders to automate the response and remove variance or guess-work by your responders. This can speed up the lifecycle of a response. The next goal is to enable this code to be fully automated by being invoked by the alerts or events themselves, rather than by a human responder, to create an event-driven response. These processes should also automatically add relevant data to your security systems. For example, an incident involving traffic from an unwanted IP address can automatically populate an AWS WAF block list or Network Firewall rule group to prevent further activity.With an event-driven response system, a detective mechanism triggers a responsive mechanism to automatically remediate the event. You can use event-driven response capabilities to reduce the time-to-value between detective mechanisms and responsive mechanisms. To create this event-driven architecture, you can use AWS Lambda, which is a serverless compute service that runs your code in response to events and automatically manages the underlying compute resources for you. For example, assume that you have an AWS account with the AWS CloudTrail service enabled. If CloudTrail is ever disabled (through the cloudtrail:StopLogging API call), you can use Amazon EventBridge to monitor for the specific cloudtrail:StopLogging event, and invoke a Lambda function to call cloudtrail:StartLogging to restart logging.;SEC10-BP04 Automate containment capability;incident-response;sec_incident_response_auto_contain;Incident response;Iterate;Medium;Automated;Automate containment and recovery of an incident to reduce response times and organizational impact.Once you create and practice the processes and tools from your playbooks, you can deconstruct the logic into a code-based solution, which can be used as a tool by many responders to automate the response and remove variance or guess-work by your responders. This can speed up the lifecycle of a response. The next goal is to enable this code to be fully automated by being invoked by the alerts or events themselves, rather than by a human responder, to create an event-driven response. These processes should also automatically add relevant data to your security systems. For example, an incident involving traffic from an unwanted IP address can automatically populate an AWS WAF block list or Network Firewall rule group to prevent further activity.With an event-driven response system, a detective mechanism triggers a responsive mechanism to automatically remediate the event. You can use event-driven response capabilities to reduce the time-to-value between detective mechanisms and responsive mechanisms. To create this event-driven architecture, you can use AWS Lambda, which is a serverless compute service that runs your code in response to events and automatically manages the underlying compute resources for you. For example, assume that you have an AWS account with the AWS CloudTrail service enabled. If CloudTrail is ever disabled (through the cloudtrail:StopLogging API call), you can use Amazon EventBridge to monitor for the specific cloudtrail:StopLogging event, and invoke a Lambda function to call cloudtrail:StartLogging to restart logging.;https://docs.aws.amazon.com/wellarchitected/latest/security-pillar/sec_incident_response_auto_contain.html#implementation-guidance.;MANUAL;Manual check;manual_check;manual;False;Manual check;AWS-Well-Architected-Framework-Security-Pillar;AWS Well-Architected Framework Security Pillar
