AUTH_METHOD;TIMESTAMP;ACCOUNT_UID;ACCOUNT_NAME;ACCOUNT_EMAIL;ACCOUNT_ORGANIZATION_UID;ACCOUNT_ORGANIZATION_NAME;ACCOUNT_TAGS;FINDING_UID;PROVIDER;CHECK_ID;CHECK_TITLE;CHECK_TYPE;STATUS;STATUS_EXTENDED;MUTED;SERVICE_NAME;SUBSERVICE_NAME;SEVERITY;RESOURCE_TYPE;RESOURCE_UID;RESOURCE_NAME;RESOURCE_DETAILS;RESOURCE_TAGS;PARTITION;REGION;DESCRIPTION;RISK;RELATED_URL;REMEDIATION_RECOMMENDATION_TEXT;REMEDIATION_RECOMMENDATION_URL;REMEDIATION_CODE_NATIVEIAC;REMEDIATION_CODE_TERRAFORM;REMEDIATION_CODE_CLI;REMEDIATION_CODE_OTHER;COMPLIANCE;CATEGORIES;DEPENDS_ON;RELATED_TO;NOTES;PROWLER_VERSION;ADDITIONAL_URLS;ACCOUNT_OU_UID;ACCOUNT_OU_NAME
profile: default;2026-05-18 12:36:20.224133;481665130730;;;;;;prowler-aws-ec2_ebs_volume_encryption-481665130730-ap-northeast-2-vol-0a4fa51cdb3678bc3;aws;ec2_ebs_volume_encryption;EBS volume is encrypted;Software and Configuration Checks/AWS Security Best Practices | Software and Configuration Checks/Industry and Regulatory Standards/AWS Foundational Security Best Practices | Software and Configuration Checks/Industry and Regulatory Standards/CIS AWS Foundations Benchmark | Effects/Data Exposure;PASS;EBS Snapshot vol-0a4fa51cdb3678bc3 is encrypted.;False;ec2;;high;AwsEc2Volume;arn:aws:ec2:ap-northeast-2:481665130730:volume/vol-0a4fa51cdb3678bc3;vol-0a4fa51cdb3678bc3;;Project=acme | Repository=ACME/Assignment_2 | ManagedBy=Terraform;aws;ap-northeast-2;"**EBS volumes** are assessed for **encryption at rest** using **AWS KMS**.

The finding identifies volumes whose `encrypted` state is disabled, meaning data is stored unencrypted on block storage.";"Unencrypted volumes or snapshots can be copied, shared, or recovered and reveal raw data, undermining **confidentiality**.

Adversaries with host or account access can read disks offline, harvest secrets, or alter system images, affecting **integrity** and enabling **lateral movement**.";;"Encrypt all EBS volumes and enable `encryption by default` for new volumes and snapshot copies.

Apply **least privilege** to KMS keys, restrict snapshot sharing, and enforce **defense in depth** with policies and templates that prevent creation of unencrypted storage.";https://hub.prowler.com/check/ec2_ebs_volume_encryption;"```yaml
# CloudFormation: Encrypted EBS volume
Resources:
  <example_resource_name>:
    Type: AWS::EC2::Volume
    Properties:
      AvailabilityZone: <example_az>
      Size: 1
      Encrypted: true  # CRITICAL: enables EBS encryption so the volume is created encrypted
```";"```hcl
# Encrypted EBS volume
resource ""aws_ebs_volume"" ""<example_resource_name>"" {
  availability_zone = ""<example_az>""
  size              = 1
  encrypted         = true  # CRITICAL: ensures the volume is created encrypted
}
```";"aws ec2 create-snapshot --volume-id <VOLUME_ID> --description ""Snapshot for encryption"" && aws ec2 copy-snapshot --source-region <REGION> --source-snapshot-id <SNAPSHOT_ID> --encrypted --description ""Encrypted snapshot"" && aws ec2 create-volume --snapshot-id <ENCRYPTED_SNAPSHOT_ID> --availability-zone <AZ> --encrypted";"1. In the AWS Console, go to EC2 > Volumes and select the unencrypted volume
2. Choose Actions > Create snapshot and wait for it to complete
3. Open the snapshot, click Actions > Create volume, select the same Availability Zone, and check Encrypted, then create
4. Stop the instance using the old volume
5. Detach the old (unencrypted) volume
6. Attach the new encrypted volume to the instance using the same device name
7. Start the instance
8. Verify the new volume shows Encrypted = Yes";ProwlerThreatScore-1.0: 4.2.1 | KISA-ISMS-P-2023: 2.7.1, 2.10.2 | KISA-ISMS-P-2023-korean: 2.7.1, 2.10.2 | CIS-5.0: 5.1.1 | CIS-6.0: 6.1.1 | PCI-3.2.1: 3.4, 3.4.1, 3.4.1.a, 3.4.1.c, 3.4.a, 3.4.b, 8.2, 8.2.1, 8.2.1.a | NIST-800-53-Revision-5: au_9_3, cm_6_a, cm_9_b, cp_9_d, sc_8_3, sc_8_4, sc_13_a, sc_28_1, si_19_4 | SOC2: pi_1_5 | CISA: your-systems-3, your-data-1, your-data-2 | CIS-3.0: 2.2.1 | CCC-v2025.10: CCC.Core.CN02.AR01 | AWS-Well-Architected-Framework-Security-Pillar: SEC08-BP02 | GxP-EU-Annex-11: 7.1-data-storage-damage-protection | ENS-RD2022: mp.si.2.aws.kms.1 | SecNumCloud-3.2: 10.1 | HIPAA: 164_308_a_1_ii_b, 164_308_a_4_ii_a, 164_312_a_2_iv, 164_312_c_1, 164_312_c_2, 164_312_e_2_ii | AWS-Audit-Manager-Control-Tower-Guardrails: 1.0.3 | FedRamp-Moderate-Revision-4: sc-28 | NIST-800-53-Revision-4: sc_28 | C5-2025: OPS-31.01B, IAM-07.03B, CRY-01.02AC, CRY-03.01B, CRY-05.01AC, PSS-12.02B | RBI-Cyber-Security-Framework: annex_i_1_3 | CIS-1.5: 2.2.1 | FFIEC: d3-pc-am-b-12 | PCI-4.0: 3.5.1.20, 8.3.2.34 | CIS-1.4: 2.2.1 | CIS-2.0: 2.2.1 | ISO27001-2022: A.8.11, A.8.24 | CSA-CCM-4.0: CEK-03, DSP-17, UEM-08 | CIS-4.0.1: 5.1.1 | GxP-21-CFR-Part-11: 11.10-g, 11.30 | MITRE-ATTACK: T1119 | NIST-CSF-1.1: ds_1 | NIST-800-171-Revision-2: 3_5_10, 3_13_11, 3_13_16 | GDPR: article_32 | AWS-Foundational-Security-Best-Practices: EC2.3;encryption;;;;5.27.0;https://docs.aws.amazon.com/AWSEC2/latest/UserGuide/EBSEncryption.html | https://www.trendmicro.com/trendaivisiononecloudriskmanagement/knowledge-base/aws/EBS/ebs-encrypted.html;;
profile: default;2026-05-18 12:36:20.224133;481665130730;;;;;;prowler-aws-ec2_ebs_volume_encryption-481665130730-ap-northeast-2-vol-08ee6c849022903b8;aws;ec2_ebs_volume_encryption;EBS volume is encrypted;Software and Configuration Checks/AWS Security Best Practices | Software and Configuration Checks/Industry and Regulatory Standards/AWS Foundational Security Best Practices | Software and Configuration Checks/Industry and Regulatory Standards/CIS AWS Foundations Benchmark | Effects/Data Exposure;PASS;EBS Snapshot vol-08ee6c849022903b8 is encrypted.;False;ec2;;high;AwsEc2Volume;arn:aws:ec2:ap-northeast-2:481665130730:volume/vol-08ee6c849022903b8;vol-08ee6c849022903b8;;ManagedBy=Terraform | Project=acme | Repository=ACME/Assignment_2;aws;ap-northeast-2;"**EBS volumes** are assessed for **encryption at rest** using **AWS KMS**.

The finding identifies volumes whose `encrypted` state is disabled, meaning data is stored unencrypted on block storage.";"Unencrypted volumes or snapshots can be copied, shared, or recovered and reveal raw data, undermining **confidentiality**.

Adversaries with host or account access can read disks offline, harvest secrets, or alter system images, affecting **integrity** and enabling **lateral movement**.";;"Encrypt all EBS volumes and enable `encryption by default` for new volumes and snapshot copies.

Apply **least privilege** to KMS keys, restrict snapshot sharing, and enforce **defense in depth** with policies and templates that prevent creation of unencrypted storage.";https://hub.prowler.com/check/ec2_ebs_volume_encryption;"```yaml
# CloudFormation: Encrypted EBS volume
Resources:
  <example_resource_name>:
    Type: AWS::EC2::Volume
    Properties:
      AvailabilityZone: <example_az>
      Size: 1
      Encrypted: true  # CRITICAL: enables EBS encryption so the volume is created encrypted
```";"```hcl
# Encrypted EBS volume
resource ""aws_ebs_volume"" ""<example_resource_name>"" {
  availability_zone = ""<example_az>""
  size              = 1
  encrypted         = true  # CRITICAL: ensures the volume is created encrypted
}
```";"aws ec2 create-snapshot --volume-id <VOLUME_ID> --description ""Snapshot for encryption"" && aws ec2 copy-snapshot --source-region <REGION> --source-snapshot-id <SNAPSHOT_ID> --encrypted --description ""Encrypted snapshot"" && aws ec2 create-volume --snapshot-id <ENCRYPTED_SNAPSHOT_ID> --availability-zone <AZ> --encrypted";"1. In the AWS Console, go to EC2 > Volumes and select the unencrypted volume
2. Choose Actions > Create snapshot and wait for it to complete
3. Open the snapshot, click Actions > Create volume, select the same Availability Zone, and check Encrypted, then create
4. Stop the instance using the old volume
5. Detach the old (unencrypted) volume
6. Attach the new encrypted volume to the instance using the same device name
7. Start the instance
8. Verify the new volume shows Encrypted = Yes";ProwlerThreatScore-1.0: 4.2.1 | KISA-ISMS-P-2023: 2.7.1, 2.10.2 | KISA-ISMS-P-2023-korean: 2.7.1, 2.10.2 | CIS-5.0: 5.1.1 | CIS-6.0: 6.1.1 | PCI-3.2.1: 3.4, 3.4.1, 3.4.1.a, 3.4.1.c, 3.4.a, 3.4.b, 8.2, 8.2.1, 8.2.1.a | NIST-800-53-Revision-5: au_9_3, cm_6_a, cm_9_b, cp_9_d, sc_8_3, sc_8_4, sc_13_a, sc_28_1, si_19_4 | SOC2: pi_1_5 | CISA: your-systems-3, your-data-1, your-data-2 | CIS-3.0: 2.2.1 | CCC-v2025.10: CCC.Core.CN02.AR01 | AWS-Well-Architected-Framework-Security-Pillar: SEC08-BP02 | GxP-EU-Annex-11: 7.1-data-storage-damage-protection | ENS-RD2022: mp.si.2.aws.kms.1 | SecNumCloud-3.2: 10.1 | HIPAA: 164_308_a_1_ii_b, 164_308_a_4_ii_a, 164_312_a_2_iv, 164_312_c_1, 164_312_c_2, 164_312_e_2_ii | AWS-Audit-Manager-Control-Tower-Guardrails: 1.0.3 | FedRamp-Moderate-Revision-4: sc-28 | NIST-800-53-Revision-4: sc_28 | C5-2025: OPS-31.01B, IAM-07.03B, CRY-01.02AC, CRY-03.01B, CRY-05.01AC, PSS-12.02B | RBI-Cyber-Security-Framework: annex_i_1_3 | CIS-1.5: 2.2.1 | FFIEC: d3-pc-am-b-12 | PCI-4.0: 3.5.1.20, 8.3.2.34 | CIS-1.4: 2.2.1 | CIS-2.0: 2.2.1 | ISO27001-2022: A.8.11, A.8.24 | CSA-CCM-4.0: CEK-03, DSP-17, UEM-08 | CIS-4.0.1: 5.1.1 | GxP-21-CFR-Part-11: 11.10-g, 11.30 | MITRE-ATTACK: T1119 | NIST-CSF-1.1: ds_1 | NIST-800-171-Revision-2: 3_5_10, 3_13_11, 3_13_16 | GDPR: article_32 | AWS-Foundational-Security-Best-Practices: EC2.3;encryption;;;;5.27.0;https://docs.aws.amazon.com/AWSEC2/latest/UserGuide/EBSEncryption.html | https://www.trendmicro.com/trendaivisiononecloudriskmanagement/knowledge-base/aws/EBS/ebs-encrypted.html;;
profile: default;2026-05-18 12:36:20.224133;481665130730;;;;;;prowler-aws-ec2_ebs_volume_encryption-481665130730-ap-northeast-2-vol-0c14a118e89adeb02;aws;ec2_ebs_volume_encryption;EBS volume is encrypted;Software and Configuration Checks/AWS Security Best Practices | Software and Configuration Checks/Industry and Regulatory Standards/AWS Foundational Security Best Practices | Software and Configuration Checks/Industry and Regulatory Standards/CIS AWS Foundations Benchmark | Effects/Data Exposure;PASS;EBS Snapshot vol-0c14a118e89adeb02 is encrypted.;False;ec2;;high;AwsEc2Volume;arn:aws:ec2:ap-northeast-2:481665130730:volume/vol-0c14a118e89adeb02;vol-0c14a118e89adeb02;;ManagedBy=Terraform | Project=acme | Repository=ACME/Assignment_2;aws;ap-northeast-2;"**EBS volumes** are assessed for **encryption at rest** using **AWS KMS**.

The finding identifies volumes whose `encrypted` state is disabled, meaning data is stored unencrypted on block storage.";"Unencrypted volumes or snapshots can be copied, shared, or recovered and reveal raw data, undermining **confidentiality**.

Adversaries with host or account access can read disks offline, harvest secrets, or alter system images, affecting **integrity** and enabling **lateral movement**.";;"Encrypt all EBS volumes and enable `encryption by default` for new volumes and snapshot copies.

Apply **least privilege** to KMS keys, restrict snapshot sharing, and enforce **defense in depth** with policies and templates that prevent creation of unencrypted storage.";https://hub.prowler.com/check/ec2_ebs_volume_encryption;"```yaml
# CloudFormation: Encrypted EBS volume
Resources:
  <example_resource_name>:
    Type: AWS::EC2::Volume
    Properties:
      AvailabilityZone: <example_az>
      Size: 1
      Encrypted: true  # CRITICAL: enables EBS encryption so the volume is created encrypted
```";"```hcl
# Encrypted EBS volume
resource ""aws_ebs_volume"" ""<example_resource_name>"" {
  availability_zone = ""<example_az>""
  size              = 1
  encrypted         = true  # CRITICAL: ensures the volume is created encrypted
}
```";"aws ec2 create-snapshot --volume-id <VOLUME_ID> --description ""Snapshot for encryption"" && aws ec2 copy-snapshot --source-region <REGION> --source-snapshot-id <SNAPSHOT_ID> --encrypted --description ""Encrypted snapshot"" && aws ec2 create-volume --snapshot-id <ENCRYPTED_SNAPSHOT_ID> --availability-zone <AZ> --encrypted";"1. In the AWS Console, go to EC2 > Volumes and select the unencrypted volume
2. Choose Actions > Create snapshot and wait for it to complete
3. Open the snapshot, click Actions > Create volume, select the same Availability Zone, and check Encrypted, then create
4. Stop the instance using the old volume
5. Detach the old (unencrypted) volume
6. Attach the new encrypted volume to the instance using the same device name
7. Start the instance
8. Verify the new volume shows Encrypted = Yes";ProwlerThreatScore-1.0: 4.2.1 | KISA-ISMS-P-2023: 2.7.1, 2.10.2 | KISA-ISMS-P-2023-korean: 2.7.1, 2.10.2 | CIS-5.0: 5.1.1 | CIS-6.0: 6.1.1 | PCI-3.2.1: 3.4, 3.4.1, 3.4.1.a, 3.4.1.c, 3.4.a, 3.4.b, 8.2, 8.2.1, 8.2.1.a | NIST-800-53-Revision-5: au_9_3, cm_6_a, cm_9_b, cp_9_d, sc_8_3, sc_8_4, sc_13_a, sc_28_1, si_19_4 | SOC2: pi_1_5 | CISA: your-systems-3, your-data-1, your-data-2 | CIS-3.0: 2.2.1 | CCC-v2025.10: CCC.Core.CN02.AR01 | AWS-Well-Architected-Framework-Security-Pillar: SEC08-BP02 | GxP-EU-Annex-11: 7.1-data-storage-damage-protection | ENS-RD2022: mp.si.2.aws.kms.1 | SecNumCloud-3.2: 10.1 | HIPAA: 164_308_a_1_ii_b, 164_308_a_4_ii_a, 164_312_a_2_iv, 164_312_c_1, 164_312_c_2, 164_312_e_2_ii | AWS-Audit-Manager-Control-Tower-Guardrails: 1.0.3 | FedRamp-Moderate-Revision-4: sc-28 | NIST-800-53-Revision-4: sc_28 | C5-2025: OPS-31.01B, IAM-07.03B, CRY-01.02AC, CRY-03.01B, CRY-05.01AC, PSS-12.02B | RBI-Cyber-Security-Framework: annex_i_1_3 | CIS-1.5: 2.2.1 | FFIEC: d3-pc-am-b-12 | PCI-4.0: 3.5.1.20, 8.3.2.34 | CIS-1.4: 2.2.1 | CIS-2.0: 2.2.1 | ISO27001-2022: A.8.11, A.8.24 | CSA-CCM-4.0: CEK-03, DSP-17, UEM-08 | CIS-4.0.1: 5.1.1 | GxP-21-CFR-Part-11: 11.10-g, 11.30 | MITRE-ATTACK: T1119 | NIST-CSF-1.1: ds_1 | NIST-800-171-Revision-2: 3_5_10, 3_13_11, 3_13_16 | GDPR: article_32 | AWS-Foundational-Security-Best-Practices: EC2.3;encryption;;;;5.27.0;https://docs.aws.amazon.com/AWSEC2/latest/UserGuide/EBSEncryption.html | https://www.trendmicro.com/trendaivisiononecloudriskmanagement/knowledge-base/aws/EBS/ebs-encrypted.html;;
profile: default;2026-05-18 12:36:20.224133;481665130730;;;;;;prowler-aws-ec2_instance_imdsv2_enabled-481665130730-ap-northeast-2-i-07bceee289ca15f66;aws;ec2_instance_imdsv2_enabled;EC2 instance requires IMDSv2 or has the instance metadata service disabled;Software and Configuration Checks/AWS Security Best Practices | Software and Configuration Checks/Industry and Regulatory Standards/AWS Foundational Security Best Practices | Software and Configuration Checks/Industry and Regulatory Standards/CIS AWS Foundations Benchmark | TTPs/Credential Access;FAIL;EC2 Instance i-07bceee289ca15f66 has IMDSv2 disabled or not required.;False;ec2;;high;AwsEc2Instance;arn:aws:ec2:ap-northeast-2:481665130730:instance/i-07bceee289ca15f66;i-07bceee289ca15f66;;ManagedBy=Terraform | Owner=ACME-Team | Name=acme-prod-web-2 | Project=acme | Environment=prod | Repository=ACME/Assignment_2 | Role=WebServer;aws;ap-northeast-2;**EC2 instances** are evaluated for **IMDSv2 enforcement**: metadata endpoint enabled with `http_tokens: required`, or metadata service fully disabled (`http_endpoint: disabled`).;Permitting **IMDSv1** or optional tokens lets SSRF or compromised workloads retrieve **temporary IAM credentials**, impacting confidentiality and integrity. Stolen role creds can drive **privilege escalation**, unauthorized data access, and lateral movement across AWS resources.;;"Apply defense in depth:
- Require **IMDSv2** tokens on all instances (`http_tokens: required`)
- Disable metadata where not needed (`http_endpoint: disabled`)
- Minimize hop limit to `1` when feasible
- Update SDKs/apps for IMDSv2
- Restrict instance profile permissions (least privilege)
- Block metadata access from untrusted workloads";https://hub.prowler.com/check/ec2_instance_imdsv2_enabled;"```yaml
# CloudFormation: enforce IMDSv2 on an EC2 instance
Resources:
  <example_resource_name>:
    Type: AWS::EC2::Instance
    Properties:
      ImageId: ""<example_resource_id>""
      InstanceType: ""<example_resource_name>""
      MetadataOptions:
        HttpTokens: required  # Critical: Require IMDSv2 tokens (blocks IMDSv1)
```";"```hcl
# Enforce IMDSv2 on an EC2 instance
resource ""aws_instance"" ""<example_resource_name>"" {
  ami           = ""<example_resource_id>""
  instance_type = ""<example_resource_name>""

  metadata_options {
    http_tokens = ""required""  # Critical: Require IMDSv2 tokens (blocks IMDSv1)
  }
}
```";aws ec2 modify-instance-metadata-options --instance-id <instance-id> --http-tokens required --http-endpoint enabled;"1. In AWS Console, go to EC2 > Instances
2. Select the instance > Actions > Instance settings > Modify instance metadata options
3. Set Metadata version to IMDSv2 only (HTTP tokens: Required)
4. Ensure Instance metadata service is Enabled (or set to Disabled to turn off IMDS entirely)
5. Click Save";ProwlerThreatScore-1.0: 4.1.2 | KISA-ISMS-P-2023: 2.6.2, 2.10.2 | FedRAMP-20x-KSI-Low-25.05C: ksi-cna | NIST-CSF-2.0: ac_3 | KISA-ISMS-P-2023-korean: 2.6.2, 2.10.2 | CIS-5.0: 5.7 | CIS-6.0: 6.7 | NIST-800-53-Revision-5: ac_2_6, ac_3, ac_3_3, ac_3_3_a, ac_3_3_b_1, ac_3_3_b_2, ac_3_3_b_3, ac_3_3_b_4, ac_3_3_b_5, ac_3_3_c, ac_3_4, ac_3_4_a, ac_3_4_b, ac_3_4_c, ac_3_4_d, ac_3_4_e, ac_3_7, ac_3_8, ac_3_12_a, ac_3_13, ac_3_15_a, ac_3_15_b, ac_4_28, ac_6, ac_24, cm_5_1_a, mp_2, sc_23_3 | SOC2: cc_7_2 | CIS-3.0: 5.6 | AWS-Well-Architected-Framework-Security-Pillar: SEC03-BP01, SEC06-BP01 | FedRAMP-Low-Revision-4: ac-3, ca-7 | FedRamp-Moderate-Revision-4: ac-3, ac-6, ca-7-a-b, si-4-2, si-4-4, si-4-5, si-4-a-b-c | NIST-800-53-Revision-4: ac_6, ca_7, si_4_2, si_4 | PCI-4.0: 8.2.8.4 | CIS-2.0: 5.6 | ISO27001-2022: A.8.20, A.8.21, A.8.22 | CSA-CCM-4.0: IVS-04 | CIS-4.0.1: 5.7 | GxP-21-CFR-Part-11: 11.10-d, 11.10-g | MITRE-ATTACK: T1552 | NIST-CSF-1.1: cm_2, cm_5, cp_4, cp_5, ra_5, sc_4 | NIST-800-171-Revision-2: 3_12_4 | NIS2: 6.7.2.i | AWS-Foundational-Security-Best-Practices: EC2.8;identity-access | secrets | ec2-imdsv1;;;;5.27.0;https://www.trendmicro.com/trendaivisiononecloudriskmanagement/knowledge-base/aws/EC2/require-imds-v2.html | https://support.icompaas.com/support/solutions/articles/62000234166-5-7-ensure-that-the-ec2-metadata-service-only-allows-imdsv2-automated- | https://docs.aws.amazon.com/AWSEC2/latest/UserGuide/configuring-instance-metadata-service.html#configuring-instance-metadata-options;;
profile: default;2026-05-18 12:36:20.224133;481665130730;;;;;;prowler-aws-ec2_instance_imdsv2_enabled-481665130730-ap-northeast-2-i-02cd85c618c8ca45d;aws;ec2_instance_imdsv2_enabled;EC2 instance requires IMDSv2 or has the instance metadata service disabled;Software and Configuration Checks/AWS Security Best Practices | Software and Configuration Checks/Industry and Regulatory Standards/AWS Foundational Security Best Practices | Software and Configuration Checks/Industry and Regulatory Standards/CIS AWS Foundations Benchmark | TTPs/Credential Access;FAIL;EC2 Instance i-02cd85c618c8ca45d has IMDSv2 disabled or not required.;False;ec2;;high;AwsEc2Instance;arn:aws:ec2:ap-northeast-2:481665130730:instance/i-02cd85c618c8ca45d;i-02cd85c618c8ca45d;;Environment=prod | Project=acme | Repository=ACME/Assignment_2 | Role=WebServer | Name=acme-prod-web-1 | ManagedBy=Terraform | Owner=ACME-Team;aws;ap-northeast-2;**EC2 instances** are evaluated for **IMDSv2 enforcement**: metadata endpoint enabled with `http_tokens: required`, or metadata service fully disabled (`http_endpoint: disabled`).;Permitting **IMDSv1** or optional tokens lets SSRF or compromised workloads retrieve **temporary IAM credentials**, impacting confidentiality and integrity. Stolen role creds can drive **privilege escalation**, unauthorized data access, and lateral movement across AWS resources.;;"Apply defense in depth:
- Require **IMDSv2** tokens on all instances (`http_tokens: required`)
- Disable metadata where not needed (`http_endpoint: disabled`)
- Minimize hop limit to `1` when feasible
- Update SDKs/apps for IMDSv2
- Restrict instance profile permissions (least privilege)
- Block metadata access from untrusted workloads";https://hub.prowler.com/check/ec2_instance_imdsv2_enabled;"```yaml
# CloudFormation: enforce IMDSv2 on an EC2 instance
Resources:
  <example_resource_name>:
    Type: AWS::EC2::Instance
    Properties:
      ImageId: ""<example_resource_id>""
      InstanceType: ""<example_resource_name>""
      MetadataOptions:
        HttpTokens: required  # Critical: Require IMDSv2 tokens (blocks IMDSv1)
```";"```hcl
# Enforce IMDSv2 on an EC2 instance
resource ""aws_instance"" ""<example_resource_name>"" {
  ami           = ""<example_resource_id>""
  instance_type = ""<example_resource_name>""

  metadata_options {
    http_tokens = ""required""  # Critical: Require IMDSv2 tokens (blocks IMDSv1)
  }
}
```";aws ec2 modify-instance-metadata-options --instance-id <instance-id> --http-tokens required --http-endpoint enabled;"1. In AWS Console, go to EC2 > Instances
2. Select the instance > Actions > Instance settings > Modify instance metadata options
3. Set Metadata version to IMDSv2 only (HTTP tokens: Required)
4. Ensure Instance metadata service is Enabled (or set to Disabled to turn off IMDS entirely)
5. Click Save";ProwlerThreatScore-1.0: 4.1.2 | KISA-ISMS-P-2023: 2.6.2, 2.10.2 | FedRAMP-20x-KSI-Low-25.05C: ksi-cna | NIST-CSF-2.0: ac_3 | KISA-ISMS-P-2023-korean: 2.6.2, 2.10.2 | CIS-5.0: 5.7 | CIS-6.0: 6.7 | NIST-800-53-Revision-5: ac_2_6, ac_3, ac_3_3, ac_3_3_a, ac_3_3_b_1, ac_3_3_b_2, ac_3_3_b_3, ac_3_3_b_4, ac_3_3_b_5, ac_3_3_c, ac_3_4, ac_3_4_a, ac_3_4_b, ac_3_4_c, ac_3_4_d, ac_3_4_e, ac_3_7, ac_3_8, ac_3_12_a, ac_3_13, ac_3_15_a, ac_3_15_b, ac_4_28, ac_6, ac_24, cm_5_1_a, mp_2, sc_23_3 | SOC2: cc_7_2 | CIS-3.0: 5.6 | AWS-Well-Architected-Framework-Security-Pillar: SEC03-BP01, SEC06-BP01 | FedRAMP-Low-Revision-4: ac-3, ca-7 | FedRamp-Moderate-Revision-4: ac-3, ac-6, ca-7-a-b, si-4-2, si-4-4, si-4-5, si-4-a-b-c | NIST-800-53-Revision-4: ac_6, ca_7, si_4_2, si_4 | PCI-4.0: 8.2.8.4 | CIS-2.0: 5.6 | ISO27001-2022: A.8.20, A.8.21, A.8.22 | CSA-CCM-4.0: IVS-04 | CIS-4.0.1: 5.7 | GxP-21-CFR-Part-11: 11.10-d, 11.10-g | MITRE-ATTACK: T1552 | NIST-CSF-1.1: cm_2, cm_5, cp_4, cp_5, ra_5, sc_4 | NIST-800-171-Revision-2: 3_12_4 | NIS2: 6.7.2.i | AWS-Foundational-Security-Best-Practices: EC2.8;identity-access | secrets | ec2-imdsv1;;;;5.27.0;https://www.trendmicro.com/trendaivisiononecloudriskmanagement/knowledge-base/aws/EC2/require-imds-v2.html | https://support.icompaas.com/support/solutions/articles/62000234166-5-7-ensure-that-the-ec2-metadata-service-only-allows-imdsv2-automated- | https://docs.aws.amazon.com/AWSEC2/latest/UserGuide/configuring-instance-metadata-service.html#configuring-instance-metadata-options;;
profile: default;2026-05-18 12:36:20.224133;481665130730;;;;;;prowler-aws-ec2_instance_imdsv2_enabled-481665130730-ap-northeast-2-i-00eee3ea558971b12;aws;ec2_instance_imdsv2_enabled;EC2 instance requires IMDSv2 or has the instance metadata service disabled;Software and Configuration Checks/AWS Security Best Practices | Software and Configuration Checks/Industry and Regulatory Standards/AWS Foundational Security Best Practices | Software and Configuration Checks/Industry and Regulatory Standards/CIS AWS Foundations Benchmark | TTPs/Credential Access;FAIL;EC2 Instance i-00eee3ea558971b12 has IMDSv2 disabled or not required.;False;ec2;;high;AwsEc2Instance;arn:aws:ec2:ap-northeast-2:481665130730:instance/i-00eee3ea558971b12;i-00eee3ea558971b12;;Owner=ACME-Team | Name=acme-prod-db-server | Role=Database | Environment=prod | Project=acme | Repository=ACME/Assignment_2 | ManagedBy=Terraform;aws;ap-northeast-2;**EC2 instances** are evaluated for **IMDSv2 enforcement**: metadata endpoint enabled with `http_tokens: required`, or metadata service fully disabled (`http_endpoint: disabled`).;Permitting **IMDSv1** or optional tokens lets SSRF or compromised workloads retrieve **temporary IAM credentials**, impacting confidentiality and integrity. Stolen role creds can drive **privilege escalation**, unauthorized data access, and lateral movement across AWS resources.;;"Apply defense in depth:
- Require **IMDSv2** tokens on all instances (`http_tokens: required`)
- Disable metadata where not needed (`http_endpoint: disabled`)
- Minimize hop limit to `1` when feasible
- Update SDKs/apps for IMDSv2
- Restrict instance profile permissions (least privilege)
- Block metadata access from untrusted workloads";https://hub.prowler.com/check/ec2_instance_imdsv2_enabled;"```yaml
# CloudFormation: enforce IMDSv2 on an EC2 instance
Resources:
  <example_resource_name>:
    Type: AWS::EC2::Instance
    Properties:
      ImageId: ""<example_resource_id>""
      InstanceType: ""<example_resource_name>""
      MetadataOptions:
        HttpTokens: required  # Critical: Require IMDSv2 tokens (blocks IMDSv1)
```";"```hcl
# Enforce IMDSv2 on an EC2 instance
resource ""aws_instance"" ""<example_resource_name>"" {
  ami           = ""<example_resource_id>""
  instance_type = ""<example_resource_name>""

  metadata_options {
    http_tokens = ""required""  # Critical: Require IMDSv2 tokens (blocks IMDSv1)
  }
}
```";aws ec2 modify-instance-metadata-options --instance-id <instance-id> --http-tokens required --http-endpoint enabled;"1. In AWS Console, go to EC2 > Instances
2. Select the instance > Actions > Instance settings > Modify instance metadata options
3. Set Metadata version to IMDSv2 only (HTTP tokens: Required)
4. Ensure Instance metadata service is Enabled (or set to Disabled to turn off IMDS entirely)
5. Click Save";ProwlerThreatScore-1.0: 4.1.2 | KISA-ISMS-P-2023: 2.6.2, 2.10.2 | FedRAMP-20x-KSI-Low-25.05C: ksi-cna | NIST-CSF-2.0: ac_3 | KISA-ISMS-P-2023-korean: 2.6.2, 2.10.2 | CIS-5.0: 5.7 | CIS-6.0: 6.7 | NIST-800-53-Revision-5: ac_2_6, ac_3, ac_3_3, ac_3_3_a, ac_3_3_b_1, ac_3_3_b_2, ac_3_3_b_3, ac_3_3_b_4, ac_3_3_b_5, ac_3_3_c, ac_3_4, ac_3_4_a, ac_3_4_b, ac_3_4_c, ac_3_4_d, ac_3_4_e, ac_3_7, ac_3_8, ac_3_12_a, ac_3_13, ac_3_15_a, ac_3_15_b, ac_4_28, ac_6, ac_24, cm_5_1_a, mp_2, sc_23_3 | SOC2: cc_7_2 | CIS-3.0: 5.6 | AWS-Well-Architected-Framework-Security-Pillar: SEC03-BP01, SEC06-BP01 | FedRAMP-Low-Revision-4: ac-3, ca-7 | FedRamp-Moderate-Revision-4: ac-3, ac-6, ca-7-a-b, si-4-2, si-4-4, si-4-5, si-4-a-b-c | NIST-800-53-Revision-4: ac_6, ca_7, si_4_2, si_4 | PCI-4.0: 8.2.8.4 | CIS-2.0: 5.6 | ISO27001-2022: A.8.20, A.8.21, A.8.22 | CSA-CCM-4.0: IVS-04 | CIS-4.0.1: 5.7 | GxP-21-CFR-Part-11: 11.10-d, 11.10-g | MITRE-ATTACK: T1552 | NIST-CSF-1.1: cm_2, cm_5, cp_4, cp_5, ra_5, sc_4 | NIST-800-171-Revision-2: 3_12_4 | NIS2: 6.7.2.i | AWS-Foundational-Security-Best-Practices: EC2.8;identity-access | secrets | ec2-imdsv1;;;;5.27.0;https://www.trendmicro.com/trendaivisiononecloudriskmanagement/knowledge-base/aws/EC2/require-imds-v2.html | https://support.icompaas.com/support/solutions/articles/62000234166-5-7-ensure-that-the-ec2-metadata-service-only-allows-imdsv2-automated- | https://docs.aws.amazon.com/AWSEC2/latest/UserGuide/configuring-instance-metadata-service.html#configuring-instance-metadata-options;;
profile: default;2026-05-18 12:36:20.224133;481665130730;;;;;;prowler-aws-ec2_instance_internet_facing_with_instance_profile-481665130730-ap-northeast-2-i-07bceee289ca15f66;aws;ec2_instance_internet_facing_with_instance_profile;EC2 instance is not internet-facing with an instance profile attached;Software and Configuration Checks/AWS Security Best Practices/Network Reachability | TTPs/Initial Access | TTPs/Credential Access;FAIL;EC2 Instance i-07bceee289ca15f66 at IP 3.39.189.196 is internet-facing with Instance Profile arn:aws:iam::481665130730:instance-profile/acme-prod-ec2-ssm-profile.;False;ec2;;high;AwsEc2Instance;arn:aws:ec2:ap-northeast-2:481665130730:instance/i-07bceee289ca15f66;i-07bceee289ca15f66;;ManagedBy=Terraform | Owner=ACME-Team | Name=acme-prod-web-2 | Project=acme | Environment=prod | Repository=ACME/Assignment_2 | Role=WebServer;aws;ap-northeast-2;"**EC2 instances** with a public IP address and an attached **instance profile** (IAM role) are identified.

Instances lacking public exposure or without an instance profile are excluded.";Publicly reachable instances with **IAM role credentials** expand the blast radius. Remote exploits or misconfigurations can steal credentials via the **instance metadata service**, enabling unauthorized API calls, data exfiltration, and lateral movement, impacting confidentiality, integrity, and availability.;;Avoid direct Internet exposure. Place workloads behind an **Application Load Balancer** and protect HTTP apps with **WAF**. Remove public IPs or restrict ingress to trusted sources. Apply **least privilege** to instance profiles and enforce **IMDSv2**. Use **bastion hosts** or **Session Manager** for admin access.;https://hub.prowler.com/check/ec2_instance_internet_facing_with_instance_profile;"```yaml
# CloudFormation: EC2 instance without a public IP to avoid being internet-facing
Resources:
  <example_resource_name>:
    Type: AWS::EC2::Instance
    Properties:
      ImageId: <example_ami_id>
      InstanceType: t3.micro
      NetworkInterfaces:
        - DeviceIndex: 0
          SubnetId: <example_resource_id>
          AssociatePublicIpAddress: false  # Critical: disables public IPv4 so the instance is not internet-facing
```";"```hcl
# EC2 instance without a public IP to avoid being internet-facing
resource ""aws_instance"" ""<example_resource_name>"" {
  ami           = ""<example_ami_id>""
  instance_type = ""t3.micro""
  associate_public_ip_address = false  # Critical: disables public IPv4 so the instance is not internet-facing
}
```";aws ec2 disassociate-iam-instance-profile --association-id <ASSOCIATION_ID>;"1. In the AWS Console, go to EC2 > Instances and select the instance
2. Choose Actions > Security > Modify IAM role
3. Set IAM role to None and click Update IAM role
4. Verify the instance no longer lists an IAM role (instance profile)

Alternative (if you need the role): remove internet exposure
1. Select the instance > Networking tab
2. If an Elastic IP is attached, choose Disassociate Elastic IP
3. For auto-assigned public IPv4, stop the instance and relaunch without a public IP or in a subnet without auto-assign public IPv4";KISA-ISMS-P-2023: 2.5.6, 2.6.1, 2.6.2, 2.10.2 | KISA-ISMS-P-2023-korean: 2.5.6, 2.6.1, 2.6.2, 2.10.2 | AWS-Well-Architected-Framework-Security-Pillar: SEC06-BP01 | ENS-RD2022: mp.com.4.aws.vpc.2 | ISO27001-2022: A.8.20, A.8.21, A.8.22;internet-exposed | identity-access;;;;5.27.0;https://docs.aws.amazon.com/IAM/latest/UserGuide/id_roles_use_switch-role-ec2_instance-profiles.html | https://aws.amazon.com/blogs/aws/aws-web-application-firewall-waf-for-application-load-balancers/ | https://support.icompaas.com/support/solutions/articles/62000127121-ensure-instance-profile-is-attached-for-internet-facing-ec2-instances;;
profile: default;2026-05-18 12:36:20.224133;481665130730;;;;;;prowler-aws-ec2_instance_internet_facing_with_instance_profile-481665130730-ap-northeast-2-i-02cd85c618c8ca45d;aws;ec2_instance_internet_facing_with_instance_profile;EC2 instance is not internet-facing with an instance profile attached;Software and Configuration Checks/AWS Security Best Practices/Network Reachability | TTPs/Initial Access | TTPs/Credential Access;FAIL;EC2 Instance i-02cd85c618c8ca45d at IP 43.203.124.181 is internet-facing with Instance Profile arn:aws:iam::481665130730:instance-profile/acme-prod-ec2-ssm-profile.;False;ec2;;high;AwsEc2Instance;arn:aws:ec2:ap-northeast-2:481665130730:instance/i-02cd85c618c8ca45d;i-02cd85c618c8ca45d;;Environment=prod | Project=acme | Repository=ACME/Assignment_2 | Role=WebServer | Name=acme-prod-web-1 | ManagedBy=Terraform | Owner=ACME-Team;aws;ap-northeast-2;"**EC2 instances** with a public IP address and an attached **instance profile** (IAM role) are identified.

Instances lacking public exposure or without an instance profile are excluded.";Publicly reachable instances with **IAM role credentials** expand the blast radius. Remote exploits or misconfigurations can steal credentials via the **instance metadata service**, enabling unauthorized API calls, data exfiltration, and lateral movement, impacting confidentiality, integrity, and availability.;;Avoid direct Internet exposure. Place workloads behind an **Application Load Balancer** and protect HTTP apps with **WAF**. Remove public IPs or restrict ingress to trusted sources. Apply **least privilege** to instance profiles and enforce **IMDSv2**. Use **bastion hosts** or **Session Manager** for admin access.;https://hub.prowler.com/check/ec2_instance_internet_facing_with_instance_profile;"```yaml
# CloudFormation: EC2 instance without a public IP to avoid being internet-facing
Resources:
  <example_resource_name>:
    Type: AWS::EC2::Instance
    Properties:
      ImageId: <example_ami_id>
      InstanceType: t3.micro
      NetworkInterfaces:
        - DeviceIndex: 0
          SubnetId: <example_resource_id>
          AssociatePublicIpAddress: false  # Critical: disables public IPv4 so the instance is not internet-facing
```";"```hcl
# EC2 instance without a public IP to avoid being internet-facing
resource ""aws_instance"" ""<example_resource_name>"" {
  ami           = ""<example_ami_id>""
  instance_type = ""t3.micro""
  associate_public_ip_address = false  # Critical: disables public IPv4 so the instance is not internet-facing
}
```";aws ec2 disassociate-iam-instance-profile --association-id <ASSOCIATION_ID>;"1. In the AWS Console, go to EC2 > Instances and select the instance
2. Choose Actions > Security > Modify IAM role
3. Set IAM role to None and click Update IAM role
4. Verify the instance no longer lists an IAM role (instance profile)

Alternative (if you need the role): remove internet exposure
1. Select the instance > Networking tab
2. If an Elastic IP is attached, choose Disassociate Elastic IP
3. For auto-assigned public IPv4, stop the instance and relaunch without a public IP or in a subnet without auto-assign public IPv4";KISA-ISMS-P-2023: 2.5.6, 2.6.1, 2.6.2, 2.10.2 | KISA-ISMS-P-2023-korean: 2.5.6, 2.6.1, 2.6.2, 2.10.2 | AWS-Well-Architected-Framework-Security-Pillar: SEC06-BP01 | ENS-RD2022: mp.com.4.aws.vpc.2 | ISO27001-2022: A.8.20, A.8.21, A.8.22;internet-exposed | identity-access;;;;5.27.0;https://docs.aws.amazon.com/IAM/latest/UserGuide/id_roles_use_switch-role-ec2_instance-profiles.html | https://aws.amazon.com/blogs/aws/aws-web-application-firewall-waf-for-application-load-balancers/ | https://support.icompaas.com/support/solutions/articles/62000127121-ensure-instance-profile-is-attached-for-internet-facing-ec2-instances;;
profile: default;2026-05-18 12:36:20.224133;481665130730;;;;;;prowler-aws-ec2_instance_internet_facing_with_instance_profile-481665130730-ap-northeast-2-i-00eee3ea558971b12;aws;ec2_instance_internet_facing_with_instance_profile;EC2 instance is not internet-facing with an instance profile attached;Software and Configuration Checks/AWS Security Best Practices/Network Reachability | TTPs/Initial Access | TTPs/Credential Access;PASS;EC2 Instance i-00eee3ea558971b12 is not internet facing with an instance profile.;False;ec2;;high;AwsEc2Instance;arn:aws:ec2:ap-northeast-2:481665130730:instance/i-00eee3ea558971b12;i-00eee3ea558971b12;;Owner=ACME-Team | Name=acme-prod-db-server | Role=Database | Environment=prod | Project=acme | Repository=ACME/Assignment_2 | ManagedBy=Terraform;aws;ap-northeast-2;"**EC2 instances** with a public IP address and an attached **instance profile** (IAM role) are identified.

Instances lacking public exposure or without an instance profile are excluded.";Publicly reachable instances with **IAM role credentials** expand the blast radius. Remote exploits or misconfigurations can steal credentials via the **instance metadata service**, enabling unauthorized API calls, data exfiltration, and lateral movement, impacting confidentiality, integrity, and availability.;;Avoid direct Internet exposure. Place workloads behind an **Application Load Balancer** and protect HTTP apps with **WAF**. Remove public IPs or restrict ingress to trusted sources. Apply **least privilege** to instance profiles and enforce **IMDSv2**. Use **bastion hosts** or **Session Manager** for admin access.;https://hub.prowler.com/check/ec2_instance_internet_facing_with_instance_profile;"```yaml
# CloudFormation: EC2 instance without a public IP to avoid being internet-facing
Resources:
  <example_resource_name>:
    Type: AWS::EC2::Instance
    Properties:
      ImageId: <example_ami_id>
      InstanceType: t3.micro
      NetworkInterfaces:
        - DeviceIndex: 0
          SubnetId: <example_resource_id>
          AssociatePublicIpAddress: false  # Critical: disables public IPv4 so the instance is not internet-facing
```";"```hcl
# EC2 instance without a public IP to avoid being internet-facing
resource ""aws_instance"" ""<example_resource_name>"" {
  ami           = ""<example_ami_id>""
  instance_type = ""t3.micro""
  associate_public_ip_address = false  # Critical: disables public IPv4 so the instance is not internet-facing
}
```";aws ec2 disassociate-iam-instance-profile --association-id <ASSOCIATION_ID>;"1. In the AWS Console, go to EC2 > Instances and select the instance
2. Choose Actions > Security > Modify IAM role
3. Set IAM role to None and click Update IAM role
4. Verify the instance no longer lists an IAM role (instance profile)

Alternative (if you need the role): remove internet exposure
1. Select the instance > Networking tab
2. If an Elastic IP is attached, choose Disassociate Elastic IP
3. For auto-assigned public IPv4, stop the instance and relaunch without a public IP or in a subnet without auto-assign public IPv4";KISA-ISMS-P-2023: 2.5.6, 2.6.1, 2.6.2, 2.10.2 | KISA-ISMS-P-2023-korean: 2.5.6, 2.6.1, 2.6.2, 2.10.2 | AWS-Well-Architected-Framework-Security-Pillar: SEC06-BP01 | ENS-RD2022: mp.com.4.aws.vpc.2 | ISO27001-2022: A.8.20, A.8.21, A.8.22;internet-exposed | identity-access;;;;5.27.0;https://docs.aws.amazon.com/IAM/latest/UserGuide/id_roles_use_switch-role-ec2_instance-profiles.html | https://aws.amazon.com/blogs/aws/aws-web-application-firewall-waf-for-application-load-balancers/ | https://support.icompaas.com/support/solutions/articles/62000127121-ensure-instance-profile-is-attached-for-internet-facing-ec2-instances;;
profile: default;2026-05-18 12:36:20.224133;481665130730;;;;;;prowler-aws-ec2_instance_managed_by_ssm-481665130730-ap-northeast-2-i-07bceee289ca15f66;aws;ec2_instance_managed_by_ssm;EC2 instance is managed by AWS Systems Manager or not running;Software and Configuration Checks/AWS Security Best Practices | Software and Configuration Checks/Industry and Regulatory Standards/AWS Foundational Security Best Practices | Software and Configuration Checks/Patch Management;PASS;EC2 Instance i-07bceee289ca15f66 is managed by Systems Manager.;False;ec2;;medium;AwsEc2Instance;arn:aws:ec2:ap-northeast-2:481665130730:instance/i-07bceee289ca15f66;i-07bceee289ca15f66;;ManagedBy=Terraform | Owner=ACME-Team | Name=acme-prod-web-2 | Project=acme | Environment=prod | Repository=ACME/Assignment_2 | Role=WebServer;aws;ap-northeast-2;"**EC2 instances** are assessed for enrollment as **Systems Manager managed nodes**. Running instances lacking Systems Manager registration are marked as unmanaged; instances in `stopped`, `terminated`, or `pending` states are noted separately.";Unmanaged instances lack centralized patching, inventory, and secure remote access. This increases exposure to brute force on SSH/RDP, delayed patching, and poor visibility. Exploits can enable lateral movement and persistence, degrading confidentiality, integrity, and availability.;;Enroll all instances as **Systems Manager managed nodes**. Prefer **Session Manager** over SSH/RDP, restrict inbound admin ports, and use **least privilege** roles. Ensure connectivity to SSM endpoints (or private endpoints), automate patching and inventory, and monitor activity for defense-in-depth.;https://hub.prowler.com/check/ec2_instance_managed_by_ssm;"```yaml
# CloudFormation: make the instance SSM-managed by attaching the required IAM role
Resources:
  <example_resource_name>Role:
    Type: AWS::IAM::Role
    Properties:
      AssumeRolePolicyDocument:
        Version: '2012-10-17'
        Statement:
          - Effect: Allow
            Principal:
              Service: ec2.amazonaws.com
            Action: sts:AssumeRole
      ManagedPolicyArns:
        - arn:aws:iam::aws:policy/AmazonSSMManagedInstanceCore  # CRITICAL: grants SSM permissions required for management

  <example_resource_name>InstanceProfile:
    Type: AWS::IAM::InstanceProfile
    Properties:
      Roles:
        - !Ref <example_resource_name>Role

  <example_resource_name>Instance:
    Type: AWS::EC2::Instance
    Properties:
      ImageId: ami-<example_resource_id>
      InstanceType: t3.micro
      IamInstanceProfile: !Ref <example_resource_name>InstanceProfile  # CRITICAL: attaches the SSM-enabled role to the instance
```";"```hcl
# Terraform: make the instance SSM-managed by attaching the required IAM role
resource ""aws_iam_role"" ""<example_resource_name>"" {
  name               = ""<example_resource_name>""
  assume_role_policy = jsonencode({
    Version = ""2012-10-17""
    Statement = [{
      Effect = ""Allow""
      Principal = { Service = ""ec2.amazonaws.com"" }
      Action   = ""sts:AssumeRole""
    }]
  })
}

resource ""aws_iam_role_policy_attachment"" ""<example_resource_name>_ssm"" {
  role       = aws_iam_role.<example_resource_name>.name
  policy_arn = ""arn:aws:iam::aws:policy/AmazonSSMManagedInstanceCore""  # CRITICAL: grants SSM permissions required for management
}

resource ""aws_iam_instance_profile"" ""<example_resource_name>"" {
  name = ""<example_resource_name>""
  role = aws_iam_role.<example_resource_name>.name
}

resource ""aws_instance"" ""<example_resource_name>"" {
  ami                  = ""ami-<example_resource_id>""
  instance_type        = ""t3.micro""
  iam_instance_profile = aws_iam_instance_profile.<example_resource_name>.name  # CRITICAL: attaches the SSM-enabled role to the instance
}
```";aws ec2 stop-instances --instance-ids <INSTANCE_ID>;"1. In IAM console: Create role > AWS service > EC2 > Next; attach policy ""AmazonSSMManagedInstanceCore""; Create role
2. In EC2 console: Instances > select the instance > Actions > Security > Modify IAM role > choose the role created above > Update IAM role
3. Wait a few minutes; in Systems Manager console: Managed nodes, verify the instance shows as Online
4. If the instance OS does not include SSM Agent by default, install the SSM Agent for that OS, then verify again";KISA-ISMS-P-2023: 2.6.2, 2.10.2 | FedRAMP-20x-KSI-Low-25.05C: ksi-cmt, ksi-piy | NIST-CSF-2.0: ac_3 | KISA-ISMS-P-2023-korean: 2.6.2, 2.10.2 | NIST-800-53-Revision-5: cm_2_a, cm_2_b, cm_2_b_1, cm_2_b_2, cm_2_b_3, cm_2_2, cm_3_3, cm_6, cm_8_1, cm_8_2, cm_8_3_a, cm_8_6, cm_8_a, cm_8_a_1, cm_8_a_2, cm_8_a_3, cm_8_a_4, cm_8_a_5, cm_8_b, si_3_c_2 | SOC2: cc_3_2, cc_7_1 | CISA: your-systems-1 | AWS-Well-Architected-Framework-Security-Pillar: SEC01-BP06, SEC06-BP04, SEC06-BP05 | ENS-RD2022: op.acc.4.aws.iam.6, op.acc.4.aws.sys.1, op.exp.1.aws.sys.1, op.exp.4.aws.sys.2, op.exp.4.r2.aws.sys.1, op.exp.9.aws.img.1, op.acc.4.aws.iam.3 | SecNumCloud-3.2: 8.1, 12.10, 12.12 | HIPAA: 164_308_a_5_ii_b | FedRAMP-Low-Revision-4: cm-8, sa-3 | FedRamp-Moderate-Revision-4: cm-2, cm-7-a, cm-8-1, cm-8-3-a, sa-3-a, sa-10, si-2-2, si-7-1 | ASD-Essential-Eight-Nov 2023: E8-1.1, E8-2.1, E8-2.6, E8-2.7 | NIST-800-53-Revision-4: cm_2, cm_7, cm_8_1, cm_8_3, sa_3, sa_10, si_2_2, si_7_1 | RBI-Cyber-Security-Framework: annex_i_1_1 | FFIEC: d1-g-it-b-1, d3-pc-im-b-5 | ISO27001-2022: A.5.26 | CSA-CCM-4.0: IVS-04 | GxP-21-CFR-Part-11: 11.10-a, 11.10-h | NIST-CSF-1.1: am_1, am_2, ds_3, ds_7, ds_8, ip_1, ip_2, ip_12 | NIST-800-171-Revision-2: 3_4_1, 3_4_2, 3_4_6, 3_4_9, 3_14_2 | AWS-Foundational-Security-Best-Practices: SSM.1;node-security;;;;5.27.0;https://www.trendmicro.com/trendaivisiononecloudriskmanagement/knowledge-base/aws/SSM/ssm-managed-instances.html | https://docs.aws.amazon.com/systems-manager/latest/userguide/managed_instances.html;;
profile: default;2026-05-18 12:36:20.224133;481665130730;;;;;;prowler-aws-ec2_instance_managed_by_ssm-481665130730-ap-northeast-2-i-02cd85c618c8ca45d;aws;ec2_instance_managed_by_ssm;EC2 instance is managed by AWS Systems Manager or not running;Software and Configuration Checks/AWS Security Best Practices | Software and Configuration Checks/Industry and Regulatory Standards/AWS Foundational Security Best Practices | Software and Configuration Checks/Patch Management;PASS;EC2 Instance i-02cd85c618c8ca45d is managed by Systems Manager.;False;ec2;;medium;AwsEc2Instance;arn:aws:ec2:ap-northeast-2:481665130730:instance/i-02cd85c618c8ca45d;i-02cd85c618c8ca45d;;Environment=prod | Project=acme | Repository=ACME/Assignment_2 | Role=WebServer | Name=acme-prod-web-1 | ManagedBy=Terraform | Owner=ACME-Team;aws;ap-northeast-2;"**EC2 instances** are assessed for enrollment as **Systems Manager managed nodes**. Running instances lacking Systems Manager registration are marked as unmanaged; instances in `stopped`, `terminated`, or `pending` states are noted separately.";Unmanaged instances lack centralized patching, inventory, and secure remote access. This increases exposure to brute force on SSH/RDP, delayed patching, and poor visibility. Exploits can enable lateral movement and persistence, degrading confidentiality, integrity, and availability.;;Enroll all instances as **Systems Manager managed nodes**. Prefer **Session Manager** over SSH/RDP, restrict inbound admin ports, and use **least privilege** roles. Ensure connectivity to SSM endpoints (or private endpoints), automate patching and inventory, and monitor activity for defense-in-depth.;https://hub.prowler.com/check/ec2_instance_managed_by_ssm;"```yaml
# CloudFormation: make the instance SSM-managed by attaching the required IAM role
Resources:
  <example_resource_name>Role:
    Type: AWS::IAM::Role
    Properties:
      AssumeRolePolicyDocument:
        Version: '2012-10-17'
        Statement:
          - Effect: Allow
            Principal:
              Service: ec2.amazonaws.com
            Action: sts:AssumeRole
      ManagedPolicyArns:
        - arn:aws:iam::aws:policy/AmazonSSMManagedInstanceCore  # CRITICAL: grants SSM permissions required for management

  <example_resource_name>InstanceProfile:
    Type: AWS::IAM::InstanceProfile
    Properties:
      Roles:
        - !Ref <example_resource_name>Role

  <example_resource_name>Instance:
    Type: AWS::EC2::Instance
    Properties:
      ImageId: ami-<example_resource_id>
      InstanceType: t3.micro
      IamInstanceProfile: !Ref <example_resource_name>InstanceProfile  # CRITICAL: attaches the SSM-enabled role to the instance
```";"```hcl
# Terraform: make the instance SSM-managed by attaching the required IAM role
resource ""aws_iam_role"" ""<example_resource_name>"" {
  name               = ""<example_resource_name>""
  assume_role_policy = jsonencode({
    Version = ""2012-10-17""
    Statement = [{
      Effect = ""Allow""
      Principal = { Service = ""ec2.amazonaws.com"" }
      Action   = ""sts:AssumeRole""
    }]
  })
}

resource ""aws_iam_role_policy_attachment"" ""<example_resource_name>_ssm"" {
  role       = aws_iam_role.<example_resource_name>.name
  policy_arn = ""arn:aws:iam::aws:policy/AmazonSSMManagedInstanceCore""  # CRITICAL: grants SSM permissions required for management
}

resource ""aws_iam_instance_profile"" ""<example_resource_name>"" {
  name = ""<example_resource_name>""
  role = aws_iam_role.<example_resource_name>.name
}

resource ""aws_instance"" ""<example_resource_name>"" {
  ami                  = ""ami-<example_resource_id>""
  instance_type        = ""t3.micro""
  iam_instance_profile = aws_iam_instance_profile.<example_resource_name>.name  # CRITICAL: attaches the SSM-enabled role to the instance
}
```";aws ec2 stop-instances --instance-ids <INSTANCE_ID>;"1. In IAM console: Create role > AWS service > EC2 > Next; attach policy ""AmazonSSMManagedInstanceCore""; Create role
2. In EC2 console: Instances > select the instance > Actions > Security > Modify IAM role > choose the role created above > Update IAM role
3. Wait a few minutes; in Systems Manager console: Managed nodes, verify the instance shows as Online
4. If the instance OS does not include SSM Agent by default, install the SSM Agent for that OS, then verify again";KISA-ISMS-P-2023: 2.6.2, 2.10.2 | FedRAMP-20x-KSI-Low-25.05C: ksi-cmt, ksi-piy | NIST-CSF-2.0: ac_3 | KISA-ISMS-P-2023-korean: 2.6.2, 2.10.2 | NIST-800-53-Revision-5: cm_2_a, cm_2_b, cm_2_b_1, cm_2_b_2, cm_2_b_3, cm_2_2, cm_3_3, cm_6, cm_8_1, cm_8_2, cm_8_3_a, cm_8_6, cm_8_a, cm_8_a_1, cm_8_a_2, cm_8_a_3, cm_8_a_4, cm_8_a_5, cm_8_b, si_3_c_2 | SOC2: cc_3_2, cc_7_1 | CISA: your-systems-1 | AWS-Well-Architected-Framework-Security-Pillar: SEC01-BP06, SEC06-BP04, SEC06-BP05 | ENS-RD2022: op.acc.4.aws.iam.6, op.acc.4.aws.sys.1, op.exp.1.aws.sys.1, op.exp.4.aws.sys.2, op.exp.4.r2.aws.sys.1, op.exp.9.aws.img.1, op.acc.4.aws.iam.3 | SecNumCloud-3.2: 8.1, 12.10, 12.12 | HIPAA: 164_308_a_5_ii_b | FedRAMP-Low-Revision-4: cm-8, sa-3 | FedRamp-Moderate-Revision-4: cm-2, cm-7-a, cm-8-1, cm-8-3-a, sa-3-a, sa-10, si-2-2, si-7-1 | ASD-Essential-Eight-Nov 2023: E8-1.1, E8-2.1, E8-2.6, E8-2.7 | NIST-800-53-Revision-4: cm_2, cm_7, cm_8_1, cm_8_3, sa_3, sa_10, si_2_2, si_7_1 | RBI-Cyber-Security-Framework: annex_i_1_1 | FFIEC: d1-g-it-b-1, d3-pc-im-b-5 | ISO27001-2022: A.5.26 | CSA-CCM-4.0: IVS-04 | GxP-21-CFR-Part-11: 11.10-a, 11.10-h | NIST-CSF-1.1: am_1, am_2, ds_3, ds_7, ds_8, ip_1, ip_2, ip_12 | NIST-800-171-Revision-2: 3_4_1, 3_4_2, 3_4_6, 3_4_9, 3_14_2 | AWS-Foundational-Security-Best-Practices: SSM.1;node-security;;;;5.27.0;https://www.trendmicro.com/trendaivisiononecloudriskmanagement/knowledge-base/aws/SSM/ssm-managed-instances.html | https://docs.aws.amazon.com/systems-manager/latest/userguide/managed_instances.html;;
profile: default;2026-05-18 12:36:20.224133;481665130730;;;;;;prowler-aws-ec2_instance_managed_by_ssm-481665130730-ap-northeast-2-i-00eee3ea558971b12;aws;ec2_instance_managed_by_ssm;EC2 instance is managed by AWS Systems Manager or not running;Software and Configuration Checks/AWS Security Best Practices | Software and Configuration Checks/Industry and Regulatory Standards/AWS Foundational Security Best Practices | Software and Configuration Checks/Patch Management;FAIL;EC2 Instance i-00eee3ea558971b12 is not managed by Systems Manager.;False;ec2;;medium;AwsEc2Instance;arn:aws:ec2:ap-northeast-2:481665130730:instance/i-00eee3ea558971b12;i-00eee3ea558971b12;;Owner=ACME-Team | Name=acme-prod-db-server | Role=Database | Environment=prod | Project=acme | Repository=ACME/Assignment_2 | ManagedBy=Terraform;aws;ap-northeast-2;"**EC2 instances** are assessed for enrollment as **Systems Manager managed nodes**. Running instances lacking Systems Manager registration are marked as unmanaged; instances in `stopped`, `terminated`, or `pending` states are noted separately.";Unmanaged instances lack centralized patching, inventory, and secure remote access. This increases exposure to brute force on SSH/RDP, delayed patching, and poor visibility. Exploits can enable lateral movement and persistence, degrading confidentiality, integrity, and availability.;;Enroll all instances as **Systems Manager managed nodes**. Prefer **Session Manager** over SSH/RDP, restrict inbound admin ports, and use **least privilege** roles. Ensure connectivity to SSM endpoints (or private endpoints), automate patching and inventory, and monitor activity for defense-in-depth.;https://hub.prowler.com/check/ec2_instance_managed_by_ssm;"```yaml
# CloudFormation: make the instance SSM-managed by attaching the required IAM role
Resources:
  <example_resource_name>Role:
    Type: AWS::IAM::Role
    Properties:
      AssumeRolePolicyDocument:
        Version: '2012-10-17'
        Statement:
          - Effect: Allow
            Principal:
              Service: ec2.amazonaws.com
            Action: sts:AssumeRole
      ManagedPolicyArns:
        - arn:aws:iam::aws:policy/AmazonSSMManagedInstanceCore  # CRITICAL: grants SSM permissions required for management

  <example_resource_name>InstanceProfile:
    Type: AWS::IAM::InstanceProfile
    Properties:
      Roles:
        - !Ref <example_resource_name>Role

  <example_resource_name>Instance:
    Type: AWS::EC2::Instance
    Properties:
      ImageId: ami-<example_resource_id>
      InstanceType: t3.micro
      IamInstanceProfile: !Ref <example_resource_name>InstanceProfile  # CRITICAL: attaches the SSM-enabled role to the instance
```";"```hcl
# Terraform: make the instance SSM-managed by attaching the required IAM role
resource ""aws_iam_role"" ""<example_resource_name>"" {
  name               = ""<example_resource_name>""
  assume_role_policy = jsonencode({
    Version = ""2012-10-17""
    Statement = [{
      Effect = ""Allow""
      Principal = { Service = ""ec2.amazonaws.com"" }
      Action   = ""sts:AssumeRole""
    }]
  })
}

resource ""aws_iam_role_policy_attachment"" ""<example_resource_name>_ssm"" {
  role       = aws_iam_role.<example_resource_name>.name
  policy_arn = ""arn:aws:iam::aws:policy/AmazonSSMManagedInstanceCore""  # CRITICAL: grants SSM permissions required for management
}

resource ""aws_iam_instance_profile"" ""<example_resource_name>"" {
  name = ""<example_resource_name>""
  role = aws_iam_role.<example_resource_name>.name
}

resource ""aws_instance"" ""<example_resource_name>"" {
  ami                  = ""ami-<example_resource_id>""
  instance_type        = ""t3.micro""
  iam_instance_profile = aws_iam_instance_profile.<example_resource_name>.name  # CRITICAL: attaches the SSM-enabled role to the instance
}
```";aws ec2 stop-instances --instance-ids <INSTANCE_ID>;"1. In IAM console: Create role > AWS service > EC2 > Next; attach policy ""AmazonSSMManagedInstanceCore""; Create role
2. In EC2 console: Instances > select the instance > Actions > Security > Modify IAM role > choose the role created above > Update IAM role
3. Wait a few minutes; in Systems Manager console: Managed nodes, verify the instance shows as Online
4. If the instance OS does not include SSM Agent by default, install the SSM Agent for that OS, then verify again";KISA-ISMS-P-2023: 2.6.2, 2.10.2 | FedRAMP-20x-KSI-Low-25.05C: ksi-cmt, ksi-piy | NIST-CSF-2.0: ac_3 | KISA-ISMS-P-2023-korean: 2.6.2, 2.10.2 | NIST-800-53-Revision-5: cm_2_a, cm_2_b, cm_2_b_1, cm_2_b_2, cm_2_b_3, cm_2_2, cm_3_3, cm_6, cm_8_1, cm_8_2, cm_8_3_a, cm_8_6, cm_8_a, cm_8_a_1, cm_8_a_2, cm_8_a_3, cm_8_a_4, cm_8_a_5, cm_8_b, si_3_c_2 | SOC2: cc_3_2, cc_7_1 | CISA: your-systems-1 | AWS-Well-Architected-Framework-Security-Pillar: SEC01-BP06, SEC06-BP04, SEC06-BP05 | ENS-RD2022: op.acc.4.aws.iam.6, op.acc.4.aws.sys.1, op.exp.1.aws.sys.1, op.exp.4.aws.sys.2, op.exp.4.r2.aws.sys.1, op.exp.9.aws.img.1, op.acc.4.aws.iam.3 | SecNumCloud-3.2: 8.1, 12.10, 12.12 | HIPAA: 164_308_a_5_ii_b | FedRAMP-Low-Revision-4: cm-8, sa-3 | FedRamp-Moderate-Revision-4: cm-2, cm-7-a, cm-8-1, cm-8-3-a, sa-3-a, sa-10, si-2-2, si-7-1 | ASD-Essential-Eight-Nov 2023: E8-1.1, E8-2.1, E8-2.6, E8-2.7 | NIST-800-53-Revision-4: cm_2, cm_7, cm_8_1, cm_8_3, sa_3, sa_10, si_2_2, si_7_1 | RBI-Cyber-Security-Framework: annex_i_1_1 | FFIEC: d1-g-it-b-1, d3-pc-im-b-5 | ISO27001-2022: A.5.26 | CSA-CCM-4.0: IVS-04 | GxP-21-CFR-Part-11: 11.10-a, 11.10-h | NIST-CSF-1.1: am_1, am_2, ds_3, ds_7, ds_8, ip_1, ip_2, ip_12 | NIST-800-171-Revision-2: 3_4_1, 3_4_2, 3_4_6, 3_4_9, 3_14_2 | AWS-Foundational-Security-Best-Practices: SSM.1;node-security;;;;5.27.0;https://www.trendmicro.com/trendaivisiononecloudriskmanagement/knowledge-base/aws/SSM/ssm-managed-instances.html | https://docs.aws.amazon.com/systems-manager/latest/userguide/managed_instances.html;;
profile: default;2026-05-18 12:36:20.224133;481665130730;;;;;;prowler-aws-ec2_instance_profile_attached-481665130730-ap-northeast-2-i-07bceee289ca15f66;aws;ec2_instance_profile_attached;EC2 instance is associated with an IAM instance profile role;Software and Configuration Checks/AWS Security Best Practices | Software and Configuration Checks/Industry and Regulatory Standards/CIS AWS Foundations Benchmark;PASS;EC2 Instance i-07bceee289ca15f66 associated with Instance Profile Role arn:aws:iam::481665130730:instance-profile/acme-prod-ec2-ssm-profile.;False;ec2;;medium;AwsEc2Instance;arn:aws:ec2:ap-northeast-2:481665130730:instance/i-07bceee289ca15f66;i-07bceee289ca15f66;;ManagedBy=Terraform | Owner=ACME-Team | Name=acme-prod-web-2 | Project=acme | Environment=prod | Repository=ACME/Assignment_2 | Role=WebServer;aws;ap-northeast-2;**EC2 instances** are evaluated for association with an **IAM instance profile role** that delivers temporary credentials to workloads running on the instance;Without an instance profile, apps often rely on long-term access keys on the host. Exposed keys can be used from anywhere to read data, alter resources, or disrupt services, impacting confidentiality, integrity, and availability. Keys may persist in AMIs, images, or logs, hindering rotation and amplifying blast radius.;;"Attach an **IAM instance profile** to every instance and grant only permissions each workload requires (**least privilege**). Eliminate static keys on hosts; use **temporary credentials** with automatic rotation. Separate roles per application, enforce **separation of duties**, and limit who can assign roles (govern via `iam:PassRole`). Monitor role usage for anomalies.";https://hub.prowler.com/check/ec2_instance_profile_attached;"```yaml
# CloudFormation: attach an IAM instance profile to the EC2 instance
Resources:
  ExampleInstance:
    Type: AWS::EC2::Instance
    Properties:
      ImageId: <AMI_ID>
      InstanceType: <INSTANCE_TYPE>
      IamInstanceProfile: <INSTANCE_PROFILE_NAME>  # Critical: associates an instance profile so the check passes
```";"```hcl
# Attach an IAM instance profile to the EC2 instance
resource ""aws_instance"" ""example"" {
  ami                  = ""<AMI_ID>""
  instance_type        = ""<INSTANCE_TYPE>""
  iam_instance_profile = ""<INSTANCE_PROFILE_NAME>""  # Critical: associates an instance profile so the check passes
}
```";aws ec2 associate-iam-instance-profile --instance-id <INSTANCE_ID> --iam-instance-profile Name=<INSTANCE_PROFILE_NAME>;"1. Open the AWS Management Console and go to EC2
2. Select Instances and choose the target instance
3. Click Actions > Security > Modify IAM role
4. Select the IAM role (instance profile) to attach
5. Click Update IAM role";ProwlerThreatScore-1.0: 1.2.4 | KISA-ISMS-P-2023: 2.5.1, 2.5.6, 2.10.2 | KISA-ISMS-P-2023-korean: 2.5.1, 2.5.6, 2.10.2 | CIS-5.0: 1.17 | CIS-6.0: 2.17 | NIST-800-53-Revision-5: ac_3, cm_5_1_a, cm_6_a | CIS-3.0: 1.18 | AWS-Well-Architected-Framework-Security-Pillar: SEC03-BP01, SEC03-BP02, SEC06-BP04, SEC06-BP05 | C5-2025: HR-01.01B, AM-03.01B, IAM-01.01B, IAM-01.04B, IAM-03.03B, IAM-08.02B, IAM-10.01B, IAM-10.02B, PSS-09.01AC | CIS-1.5: 1.18 | FFIEC: d3-pc-am-b-1 | PCI-4.0: 7.2.1.5, 7.2.2.5, 7.2.5.3, 7.3.1.3, 7.3.2.3, 7.3.3.3, 8.2.7.3, 8.2.8.5, 8.3.4.3 | CIS-1.4: 1.18 | CIS-2.0: 1.18 | ISO27001-2022: A.8.2, A.8.20, A.8.21, A.8.22 | CIS-4.0.1: 1.18 | GxP-21-CFR-Part-11: 11.10-d, 11.10-g | NIST-800-171-Revision-2: 3_1_1, 3_1_2 | NIS2: 11.1.1, 11.2.2.d;identity-access;;;;5.27.0;http://docs.aws.amazon.com/IAM/latest/UserGuide/id_roles_use_switch-role-ec2.html | https://www.trendmicro.com/trendaivisiononecloudriskmanagement/knowledge-base/aws/EC2/ec2-instance-using-iam-roles.html;;
profile: default;2026-05-18 12:36:20.224133;481665130730;;;;;;prowler-aws-ec2_instance_profile_attached-481665130730-ap-northeast-2-i-02cd85c618c8ca45d;aws;ec2_instance_profile_attached;EC2 instance is associated with an IAM instance profile role;Software and Configuration Checks/AWS Security Best Practices | Software and Configuration Checks/Industry and Regulatory Standards/CIS AWS Foundations Benchmark;PASS;EC2 Instance i-02cd85c618c8ca45d associated with Instance Profile Role arn:aws:iam::481665130730:instance-profile/acme-prod-ec2-ssm-profile.;False;ec2;;medium;AwsEc2Instance;arn:aws:ec2:ap-northeast-2:481665130730:instance/i-02cd85c618c8ca45d;i-02cd85c618c8ca45d;;Environment=prod | Project=acme | Repository=ACME/Assignment_2 | Role=WebServer | Name=acme-prod-web-1 | ManagedBy=Terraform | Owner=ACME-Team;aws;ap-northeast-2;**EC2 instances** are evaluated for association with an **IAM instance profile role** that delivers temporary credentials to workloads running on the instance;Without an instance profile, apps often rely on long-term access keys on the host. Exposed keys can be used from anywhere to read data, alter resources, or disrupt services, impacting confidentiality, integrity, and availability. Keys may persist in AMIs, images, or logs, hindering rotation and amplifying blast radius.;;"Attach an **IAM instance profile** to every instance and grant only permissions each workload requires (**least privilege**). Eliminate static keys on hosts; use **temporary credentials** with automatic rotation. Separate roles per application, enforce **separation of duties**, and limit who can assign roles (govern via `iam:PassRole`). Monitor role usage for anomalies.";https://hub.prowler.com/check/ec2_instance_profile_attached;"```yaml
# CloudFormation: attach an IAM instance profile to the EC2 instance
Resources:
  ExampleInstance:
    Type: AWS::EC2::Instance
    Properties:
      ImageId: <AMI_ID>
      InstanceType: <INSTANCE_TYPE>
      IamInstanceProfile: <INSTANCE_PROFILE_NAME>  # Critical: associates an instance profile so the check passes
```";"```hcl
# Attach an IAM instance profile to the EC2 instance
resource ""aws_instance"" ""example"" {
  ami                  = ""<AMI_ID>""
  instance_type        = ""<INSTANCE_TYPE>""
  iam_instance_profile = ""<INSTANCE_PROFILE_NAME>""  # Critical: associates an instance profile so the check passes
}
```";aws ec2 associate-iam-instance-profile --instance-id <INSTANCE_ID> --iam-instance-profile Name=<INSTANCE_PROFILE_NAME>;"1. Open the AWS Management Console and go to EC2
2. Select Instances and choose the target instance
3. Click Actions > Security > Modify IAM role
4. Select the IAM role (instance profile) to attach
5. Click Update IAM role";ProwlerThreatScore-1.0: 1.2.4 | KISA-ISMS-P-2023: 2.5.1, 2.5.6, 2.10.2 | KISA-ISMS-P-2023-korean: 2.5.1, 2.5.6, 2.10.2 | CIS-5.0: 1.17 | CIS-6.0: 2.17 | NIST-800-53-Revision-5: ac_3, cm_5_1_a, cm_6_a | CIS-3.0: 1.18 | AWS-Well-Architected-Framework-Security-Pillar: SEC03-BP01, SEC03-BP02, SEC06-BP04, SEC06-BP05 | C5-2025: HR-01.01B, AM-03.01B, IAM-01.01B, IAM-01.04B, IAM-03.03B, IAM-08.02B, IAM-10.01B, IAM-10.02B, PSS-09.01AC | CIS-1.5: 1.18 | FFIEC: d3-pc-am-b-1 | PCI-4.0: 7.2.1.5, 7.2.2.5, 7.2.5.3, 7.3.1.3, 7.3.2.3, 7.3.3.3, 8.2.7.3, 8.2.8.5, 8.3.4.3 | CIS-1.4: 1.18 | CIS-2.0: 1.18 | ISO27001-2022: A.8.2, A.8.20, A.8.21, A.8.22 | CIS-4.0.1: 1.18 | GxP-21-CFR-Part-11: 11.10-d, 11.10-g | NIST-800-171-Revision-2: 3_1_1, 3_1_2 | NIS2: 11.1.1, 11.2.2.d;identity-access;;;;5.27.0;http://docs.aws.amazon.com/IAM/latest/UserGuide/id_roles_use_switch-role-ec2.html | https://www.trendmicro.com/trendaivisiononecloudriskmanagement/knowledge-base/aws/EC2/ec2-instance-using-iam-roles.html;;
profile: default;2026-05-18 12:36:20.224133;481665130730;;;;;;prowler-aws-ec2_instance_profile_attached-481665130730-ap-northeast-2-i-00eee3ea558971b12;aws;ec2_instance_profile_attached;EC2 instance is associated with an IAM instance profile role;Software and Configuration Checks/AWS Security Best Practices | Software and Configuration Checks/Industry and Regulatory Standards/CIS AWS Foundations Benchmark;PASS;EC2 Instance i-00eee3ea558971b12 associated with Instance Profile Role arn:aws:iam::481665130730:instance-profile/acme-prod-ec2-ssm-profile.;False;ec2;;medium;AwsEc2Instance;arn:aws:ec2:ap-northeast-2:481665130730:instance/i-00eee3ea558971b12;i-00eee3ea558971b12;;Owner=ACME-Team | Name=acme-prod-db-server | Role=Database | Environment=prod | Project=acme | Repository=ACME/Assignment_2 | ManagedBy=Terraform;aws;ap-northeast-2;**EC2 instances** are evaluated for association with an **IAM instance profile role** that delivers temporary credentials to workloads running on the instance;Without an instance profile, apps often rely on long-term access keys on the host. Exposed keys can be used from anywhere to read data, alter resources, or disrupt services, impacting confidentiality, integrity, and availability. Keys may persist in AMIs, images, or logs, hindering rotation and amplifying blast radius.;;"Attach an **IAM instance profile** to every instance and grant only permissions each workload requires (**least privilege**). Eliminate static keys on hosts; use **temporary credentials** with automatic rotation. Separate roles per application, enforce **separation of duties**, and limit who can assign roles (govern via `iam:PassRole`). Monitor role usage for anomalies.";https://hub.prowler.com/check/ec2_instance_profile_attached;"```yaml
# CloudFormation: attach an IAM instance profile to the EC2 instance
Resources:
  ExampleInstance:
    Type: AWS::EC2::Instance
    Properties:
      ImageId: <AMI_ID>
      InstanceType: <INSTANCE_TYPE>
      IamInstanceProfile: <INSTANCE_PROFILE_NAME>  # Critical: associates an instance profile so the check passes
```";"```hcl
# Attach an IAM instance profile to the EC2 instance
resource ""aws_instance"" ""example"" {
  ami                  = ""<AMI_ID>""
  instance_type        = ""<INSTANCE_TYPE>""
  iam_instance_profile = ""<INSTANCE_PROFILE_NAME>""  # Critical: associates an instance profile so the check passes
}
```";aws ec2 associate-iam-instance-profile --instance-id <INSTANCE_ID> --iam-instance-profile Name=<INSTANCE_PROFILE_NAME>;"1. Open the AWS Management Console and go to EC2
2. Select Instances and choose the target instance
3. Click Actions > Security > Modify IAM role
4. Select the IAM role (instance profile) to attach
5. Click Update IAM role";ProwlerThreatScore-1.0: 1.2.4 | KISA-ISMS-P-2023: 2.5.1, 2.5.6, 2.10.2 | KISA-ISMS-P-2023-korean: 2.5.1, 2.5.6, 2.10.2 | CIS-5.0: 1.17 | CIS-6.0: 2.17 | NIST-800-53-Revision-5: ac_3, cm_5_1_a, cm_6_a | CIS-3.0: 1.18 | AWS-Well-Architected-Framework-Security-Pillar: SEC03-BP01, SEC03-BP02, SEC06-BP04, SEC06-BP05 | C5-2025: HR-01.01B, AM-03.01B, IAM-01.01B, IAM-01.04B, IAM-03.03B, IAM-08.02B, IAM-10.01B, IAM-10.02B, PSS-09.01AC | CIS-1.5: 1.18 | FFIEC: d3-pc-am-b-1 | PCI-4.0: 7.2.1.5, 7.2.2.5, 7.2.5.3, 7.3.1.3, 7.3.2.3, 7.3.3.3, 8.2.7.3, 8.2.8.5, 8.3.4.3 | CIS-1.4: 1.18 | CIS-2.0: 1.18 | ISO27001-2022: A.8.2, A.8.20, A.8.21, A.8.22 | CIS-4.0.1: 1.18 | GxP-21-CFR-Part-11: 11.10-d, 11.10-g | NIST-800-171-Revision-2: 3_1_1, 3_1_2 | NIS2: 11.1.1, 11.2.2.d;identity-access;;;;5.27.0;http://docs.aws.amazon.com/IAM/latest/UserGuide/id_roles_use_switch-role-ec2.html | https://www.trendmicro.com/trendaivisiononecloudriskmanagement/knowledge-base/aws/EC2/ec2-instance-using-iam-roles.html;;
profile: default;2026-05-18 12:36:20.224133;481665130730;;;;;;prowler-aws-ec2_instance_public_ip-481665130730-ap-northeast-2-i-07bceee289ca15f66;aws;ec2_instance_public_ip;EC2 instance does not have a public IP address;Software and Configuration Checks/AWS Security Best Practices/Network Reachability | Software and Configuration Checks/Industry and Regulatory Standards/AWS Foundational Security Best Practices | TTPs/Initial Access;FAIL;EC2 Instance i-07bceee289ca15f66 has a Public IP: 3.39.189.196 (ec2-3-39-189-196.ap-northeast-2.compute.amazonaws.com).;False;ec2;;medium;AwsEc2Instance;arn:aws:ec2:ap-northeast-2:481665130730:instance/i-07bceee289ca15f66;i-07bceee289ca15f66;;ManagedBy=Terraform | Owner=ACME-Team | Name=acme-prod-web-2 | Project=acme | Environment=prod | Repository=ACME/Assignment_2 | Role=WebServer;aws;ap-northeast-2;"**EC2 instances** are assessed for the presence of a **public IPv4 address** and public DNS. A public IP indicates the instance is directly reachable from the Internet; no public IP implies access only through private networking paths such as load balancers, gateways, or proxies.";Publicly addressed instances are Internet-scannable, enabling direct probing and brute-force of exposed services and management ports. This increases risks of unauthorized access, remote code execution, and data exfiltration (**confidentiality, integrity**), and allows direct DDoS targeting, degrading **availability**.;;"Avoid assigning public IPs unless strictly required. Place workloads in private subnets and expose only via **load balancers** with **WAF**; use **bastions** or **Session Manager** for administration. Enforce **least privilege** security groups, prefer **private endpoints**, and route egress via **NAT** for **defense in depth**.";https://hub.prowler.com/check/ec2_instance_public_ip;"```yaml
# CloudFormation: Launch EC2 without a public IP
Resources:
  ExampleInstance:
    Type: AWS::EC2::Instance
    Properties:
      ImageId: <ami_id>
      InstanceType: <instance_type>
      NetworkInterfaces:
        - DeviceIndex: 0
          SubnetId: <example_subnet_id>
          AssociatePublicIpAddress: false  # CRITICAL: ensures the instance has no public IPv4 address
```";"```hcl
# Terraform: Launch EC2 without a public IP
resource ""aws_instance"" ""example"" {
  ami           = ""<ami_id>""
  instance_type = ""<instance_type>""
  subnet_id     = ""<example_subnet_id>""

  associate_public_ip_address = false  # CRITICAL: ensures no public IPv4 is assigned
}
```";;"1. In the AWS Console, go to EC2 > Instances and select the instance with a public IPv4 address
2. Check the Networking tab to see if an Elastic IP is attached
3. If an Elastic IP is attached:
   - Go to EC2 > Elastic IPs, select the address, choose Actions > Disassociate Elastic IP
4. If the public IPv4 is auto-assigned (no Elastic IP shown):
   - Create a new instance (or an AMI from the current one) and, during launch, in Network settings, set Auto-assign public IP to Disable
   - Verify the new instance has no public IPv4, then migrate and terminate the old instance";KISA-ISMS-P-2023: 2.6.1, 2.10.2 | NIST-CSF-2.0: ip_1 | KISA-ISMS-P-2023-korean: 2.6.1, 2.10.2 | PCI-3.2.1: 1.3, 2.2, 2.2.2, 7.2, 7.2.1 | NIST-800-53-Revision-5: ac_2_6, ac_3, ac_3_7, ac_4_21, ac_6, ac_17_b, ac_17_1, ac_17_4_a, ac_17_9, ac_17_10, mp_2, sc_7_2, sc_7_3, sc_7_7, sc_7_9_a, sc_7_11, sc_7_12, sc_7_16, sc_7_20, sc_7_21, sc_7_24_b, sc_7_25, sc_7_26, sc_7_27, sc_7_28, sc_7_a, sc_7_b, sc_7_c, sc_25 | AWS-Foundational-Technical-Review: NETSEC-001 | SOC2: cc_6_6 | CISA: your-systems-3, your-data-2 | AWS-Well-Architected-Framework-Security-Pillar: SEC03-BP07 | SecNumCloud-3.2: 9.7 | HIPAA: 164_308_a_1_ii_b, 164_308_a_3_i, 164_312_a_1 | FedRAMP-Low-Revision-4: ac-3, ac-17, cm-2, sc-7 | FedRamp-Moderate-Revision-4: ac-3, ac-4, ac-6, ac-17-1, ac-21-b, cm-2, sc-7-3, sc-7 | NIST-800-53-Revision-4: ac_4, ac_6, ac_21, sc_7_3, sc_7 | C5-2025: PS-03.02B | RBI-Cyber-Security-Framework: annex_i_1_3 | FFIEC: d3-pc-im-b-1 | ISO27001-2022: A.8.1, A.8.20, A.8.21, A.8.22 | CSA-CCM-4.0: IVS-06 | GxP-21-CFR-Part-11: 11.10-d, 11.10-g | MITRE-ATTACK: T1190 | NIST-CSF-1.1: ac_3, ac_5, ip_8 | NIST-800-171-Revision-2: 3_1_1, 3_1_2, 3_1_3, 3_1_14, 3_13_2, 3_13_5 | AWS-Foundational-Security-Best-Practices: EC2.9;internet-exposed;;;;5.27.0;https://www.trendmicro.com/trendaivisiononecloudriskmanagement/knowledge-base/aws/EC2/aws-ec2-public-ip.html | https://docs.aws.amazon.com/AWSEC2/latest/UserGuide/using-instance-addressing.html;;
profile: default;2026-05-18 12:36:20.224133;481665130730;;;;;;prowler-aws-ec2_instance_public_ip-481665130730-ap-northeast-2-i-02cd85c618c8ca45d;aws;ec2_instance_public_ip;EC2 instance does not have a public IP address;Software and Configuration Checks/AWS Security Best Practices/Network Reachability | Software and Configuration Checks/Industry and Regulatory Standards/AWS Foundational Security Best Practices | TTPs/Initial Access;FAIL;EC2 Instance i-02cd85c618c8ca45d has a Public IP: 43.203.124.181 (ec2-43-203-124-181.ap-northeast-2.compute.amazonaws.com).;False;ec2;;medium;AwsEc2Instance;arn:aws:ec2:ap-northeast-2:481665130730:instance/i-02cd85c618c8ca45d;i-02cd85c618c8ca45d;;Environment=prod | Project=acme | Repository=ACME/Assignment_2 | Role=WebServer | Name=acme-prod-web-1 | ManagedBy=Terraform | Owner=ACME-Team;aws;ap-northeast-2;"**EC2 instances** are assessed for the presence of a **public IPv4 address** and public DNS. A public IP indicates the instance is directly reachable from the Internet; no public IP implies access only through private networking paths such as load balancers, gateways, or proxies.";Publicly addressed instances are Internet-scannable, enabling direct probing and brute-force of exposed services and management ports. This increases risks of unauthorized access, remote code execution, and data exfiltration (**confidentiality, integrity**), and allows direct DDoS targeting, degrading **availability**.;;"Avoid assigning public IPs unless strictly required. Place workloads in private subnets and expose only via **load balancers** with **WAF**; use **bastions** or **Session Manager** for administration. Enforce **least privilege** security groups, prefer **private endpoints**, and route egress via **NAT** for **defense in depth**.";https://hub.prowler.com/check/ec2_instance_public_ip;"```yaml
# CloudFormation: Launch EC2 without a public IP
Resources:
  ExampleInstance:
    Type: AWS::EC2::Instance
    Properties:
      ImageId: <ami_id>
      InstanceType: <instance_type>
      NetworkInterfaces:
        - DeviceIndex: 0
          SubnetId: <example_subnet_id>
          AssociatePublicIpAddress: false  # CRITICAL: ensures the instance has no public IPv4 address
```";"```hcl
# Terraform: Launch EC2 without a public IP
resource ""aws_instance"" ""example"" {
  ami           = ""<ami_id>""
  instance_type = ""<instance_type>""
  subnet_id     = ""<example_subnet_id>""

  associate_public_ip_address = false  # CRITICAL: ensures no public IPv4 is assigned
}
```";;"1. In the AWS Console, go to EC2 > Instances and select the instance with a public IPv4 address
2. Check the Networking tab to see if an Elastic IP is attached
3. If an Elastic IP is attached:
   - Go to EC2 > Elastic IPs, select the address, choose Actions > Disassociate Elastic IP
4. If the public IPv4 is auto-assigned (no Elastic IP shown):
   - Create a new instance (or an AMI from the current one) and, during launch, in Network settings, set Auto-assign public IP to Disable
   - Verify the new instance has no public IPv4, then migrate and terminate the old instance";KISA-ISMS-P-2023: 2.6.1, 2.10.2 | NIST-CSF-2.0: ip_1 | KISA-ISMS-P-2023-korean: 2.6.1, 2.10.2 | PCI-3.2.1: 1.3, 2.2, 2.2.2, 7.2, 7.2.1 | NIST-800-53-Revision-5: ac_2_6, ac_3, ac_3_7, ac_4_21, ac_6, ac_17_b, ac_17_1, ac_17_4_a, ac_17_9, ac_17_10, mp_2, sc_7_2, sc_7_3, sc_7_7, sc_7_9_a, sc_7_11, sc_7_12, sc_7_16, sc_7_20, sc_7_21, sc_7_24_b, sc_7_25, sc_7_26, sc_7_27, sc_7_28, sc_7_a, sc_7_b, sc_7_c, sc_25 | AWS-Foundational-Technical-Review: NETSEC-001 | SOC2: cc_6_6 | CISA: your-systems-3, your-data-2 | AWS-Well-Architected-Framework-Security-Pillar: SEC03-BP07 | SecNumCloud-3.2: 9.7 | HIPAA: 164_308_a_1_ii_b, 164_308_a_3_i, 164_312_a_1 | FedRAMP-Low-Revision-4: ac-3, ac-17, cm-2, sc-7 | FedRamp-Moderate-Revision-4: ac-3, ac-4, ac-6, ac-17-1, ac-21-b, cm-2, sc-7-3, sc-7 | NIST-800-53-Revision-4: ac_4, ac_6, ac_21, sc_7_3, sc_7 | C5-2025: PS-03.02B | RBI-Cyber-Security-Framework: annex_i_1_3 | FFIEC: d3-pc-im-b-1 | ISO27001-2022: A.8.1, A.8.20, A.8.21, A.8.22 | CSA-CCM-4.0: IVS-06 | GxP-21-CFR-Part-11: 11.10-d, 11.10-g | MITRE-ATTACK: T1190 | NIST-CSF-1.1: ac_3, ac_5, ip_8 | NIST-800-171-Revision-2: 3_1_1, 3_1_2, 3_1_3, 3_1_14, 3_13_2, 3_13_5 | AWS-Foundational-Security-Best-Practices: EC2.9;internet-exposed;;;;5.27.0;https://www.trendmicro.com/trendaivisiononecloudriskmanagement/knowledge-base/aws/EC2/aws-ec2-public-ip.html | https://docs.aws.amazon.com/AWSEC2/latest/UserGuide/using-instance-addressing.html;;
profile: default;2026-05-18 12:36:20.224133;481665130730;;;;;;prowler-aws-ec2_instance_public_ip-481665130730-ap-northeast-2-i-00eee3ea558971b12;aws;ec2_instance_public_ip;EC2 instance does not have a public IP address;Software and Configuration Checks/AWS Security Best Practices/Network Reachability | Software and Configuration Checks/Industry and Regulatory Standards/AWS Foundational Security Best Practices | TTPs/Initial Access;PASS;EC2 Instance i-00eee3ea558971b12 does not have a Public IP.;False;ec2;;medium;AwsEc2Instance;arn:aws:ec2:ap-northeast-2:481665130730:instance/i-00eee3ea558971b12;i-00eee3ea558971b12;;Owner=ACME-Team | Name=acme-prod-db-server | Role=Database | Environment=prod | Project=acme | Repository=ACME/Assignment_2 | ManagedBy=Terraform;aws;ap-northeast-2;"**EC2 instances** are assessed for the presence of a **public IPv4 address** and public DNS. A public IP indicates the instance is directly reachable from the Internet; no public IP implies access only through private networking paths such as load balancers, gateways, or proxies.";Publicly addressed instances are Internet-scannable, enabling direct probing and brute-force of exposed services and management ports. This increases risks of unauthorized access, remote code execution, and data exfiltration (**confidentiality, integrity**), and allows direct DDoS targeting, degrading **availability**.;;"Avoid assigning public IPs unless strictly required. Place workloads in private subnets and expose only via **load balancers** with **WAF**; use **bastions** or **Session Manager** for administration. Enforce **least privilege** security groups, prefer **private endpoints**, and route egress via **NAT** for **defense in depth**.";https://hub.prowler.com/check/ec2_instance_public_ip;"```yaml
# CloudFormation: Launch EC2 without a public IP
Resources:
  ExampleInstance:
    Type: AWS::EC2::Instance
    Properties:
      ImageId: <ami_id>
      InstanceType: <instance_type>
      NetworkInterfaces:
        - DeviceIndex: 0
          SubnetId: <example_subnet_id>
          AssociatePublicIpAddress: false  # CRITICAL: ensures the instance has no public IPv4 address
```";"```hcl
# Terraform: Launch EC2 without a public IP
resource ""aws_instance"" ""example"" {
  ami           = ""<ami_id>""
  instance_type = ""<instance_type>""
  subnet_id     = ""<example_subnet_id>""

  associate_public_ip_address = false  # CRITICAL: ensures no public IPv4 is assigned
}
```";;"1. In the AWS Console, go to EC2 > Instances and select the instance with a public IPv4 address
2. Check the Networking tab to see if an Elastic IP is attached
3. If an Elastic IP is attached:
   - Go to EC2 > Elastic IPs, select the address, choose Actions > Disassociate Elastic IP
4. If the public IPv4 is auto-assigned (no Elastic IP shown):
   - Create a new instance (or an AMI from the current one) and, during launch, in Network settings, set Auto-assign public IP to Disable
   - Verify the new instance has no public IPv4, then migrate and terminate the old instance";KISA-ISMS-P-2023: 2.6.1, 2.10.2 | NIST-CSF-2.0: ip_1 | KISA-ISMS-P-2023-korean: 2.6.1, 2.10.2 | PCI-3.2.1: 1.3, 2.2, 2.2.2, 7.2, 7.2.1 | NIST-800-53-Revision-5: ac_2_6, ac_3, ac_3_7, ac_4_21, ac_6, ac_17_b, ac_17_1, ac_17_4_a, ac_17_9, ac_17_10, mp_2, sc_7_2, sc_7_3, sc_7_7, sc_7_9_a, sc_7_11, sc_7_12, sc_7_16, sc_7_20, sc_7_21, sc_7_24_b, sc_7_25, sc_7_26, sc_7_27, sc_7_28, sc_7_a, sc_7_b, sc_7_c, sc_25 | AWS-Foundational-Technical-Review: NETSEC-001 | SOC2: cc_6_6 | CISA: your-systems-3, your-data-2 | AWS-Well-Architected-Framework-Security-Pillar: SEC03-BP07 | SecNumCloud-3.2: 9.7 | HIPAA: 164_308_a_1_ii_b, 164_308_a_3_i, 164_312_a_1 | FedRAMP-Low-Revision-4: ac-3, ac-17, cm-2, sc-7 | FedRamp-Moderate-Revision-4: ac-3, ac-4, ac-6, ac-17-1, ac-21-b, cm-2, sc-7-3, sc-7 | NIST-800-53-Revision-4: ac_4, ac_6, ac_21, sc_7_3, sc_7 | C5-2025: PS-03.02B | RBI-Cyber-Security-Framework: annex_i_1_3 | FFIEC: d3-pc-im-b-1 | ISO27001-2022: A.8.1, A.8.20, A.8.21, A.8.22 | CSA-CCM-4.0: IVS-06 | GxP-21-CFR-Part-11: 11.10-d, 11.10-g | MITRE-ATTACK: T1190 | NIST-CSF-1.1: ac_3, ac_5, ip_8 | NIST-800-171-Revision-2: 3_1_1, 3_1_2, 3_1_3, 3_1_14, 3_13_2, 3_13_5 | AWS-Foundational-Security-Best-Practices: EC2.9;internet-exposed;;;;5.27.0;https://www.trendmicro.com/trendaivisiononecloudriskmanagement/knowledge-base/aws/EC2/aws-ec2-public-ip.html | https://docs.aws.amazon.com/AWSEC2/latest/UserGuide/using-instance-addressing.html;;
profile: default;2026-05-18 12:36:20.224133;481665130730;;;;;;prowler-aws-ec2_instance_secrets_user_data-481665130730-ap-northeast-2-i-07bceee289ca15f66;aws;ec2_instance_secrets_user_data;EC2 instance user data contains no secrets;Software and Configuration Checks/AWS Security Best Practices | Sensitive Data Identifications/Security | Sensitive Data Identifications/Passwords | Effects/Data Exposure;PASS;No secrets found in EC2 instance i-07bceee289ca15f66 User Data.;False;ec2;;high;AwsEc2Instance;arn:aws:ec2:ap-northeast-2:481665130730:instance/i-07bceee289ca15f66;i-07bceee289ca15f66;;ManagedBy=Terraform | Owner=ACME-Team | Name=acme-prod-web-2 | Project=acme | Environment=prod | Repository=ACME/Assignment_2 | Role=WebServer;aws;ap-northeast-2;**EC2 instance User Data** is inspected for **secret-like values** (credentials, tokens, keys). Both plain and compressed content are parsed, honoring configured exclusions, to identify patterns that resemble sensitive material within initialization scripts.;**Secrets embedded in User Data** undermine confidentiality and integrity. Anyone with instance or build-system access can read them, reuse credentials to call services, exfiltrate data, or move laterally. Exposure may persist in AMIs, snapshots, and backups, increasing blast radius over time.;;Avoid placing secrets in User Data. Store them in a **managed secret service** and fetch at runtime via a **least-privilege instance role**. Prefer short-lived credentials with **regular rotation**. Limit who can view or edit User Data and apply **defense in depth** with automated secret scanning in build pipelines.;https://hub.prowler.com/check/ec2_instance_secrets_user_data;"```yaml
# CloudFormation: EC2 instance with empty user data
Resources:
  <example_resource_name>:
    Type: AWS::EC2::Instance
    Properties:
      ImageId: <AMI_ID>
      InstanceType: t3.micro
      UserData: !Base64 """"  # Critical: empty user data ensures no secrets are present
```";"```hcl
resource ""aws_instance"" ""<example_resource_name>"" {
  ami           = ""<AMI_ID>""
  instance_type = ""t3.micro""
  user_data     = """" # Critical: empty user data so no secrets are stored
}
```";"aws ec2 modify-instance-attribute --instance-id <INSTANCE_ID> --user-data ""Value=""";"1. Open the AWS EC2 console and go to Instances
2. Select the affected instance
3. Click Actions > Instance settings > Edit user data
4. Delete all contents of the user data field
5. Click Save";KISA-ISMS-P-2023: 2.7.1, 2.10.2 | NIST-CSF-2.0: ds_5 | KISA-ISMS-P-2023-korean: 2.7.1, 2.10.2 | AWS-Well-Architected-Framework-Security-Pillar: SEC02-BP03 | SecNumCloud-3.2: 10.5 | ISO27001-2022: A.8.20, A.8.21, A.8.22 | MITRE-ATTACK: T1552 | NIS2: 3.5.3.a;secrets;;;;5.27.0;https://docs.aws.amazon.com/secretsmanager/latest/userguide/tutorials_basic.html | https://support.icompaas.com/support/solutions/articles/62000127092-ensure-no-secrets-are-found-in-ec2-user-data;;
profile: default;2026-05-18 12:36:20.224133;481665130730;;;;;;prowler-aws-ec2_instance_secrets_user_data-481665130730-ap-northeast-2-i-02cd85c618c8ca45d;aws;ec2_instance_secrets_user_data;EC2 instance user data contains no secrets;Software and Configuration Checks/AWS Security Best Practices | Sensitive Data Identifications/Security | Sensitive Data Identifications/Passwords | Effects/Data Exposure;PASS;No secrets found in EC2 instance i-02cd85c618c8ca45d User Data.;False;ec2;;high;AwsEc2Instance;arn:aws:ec2:ap-northeast-2:481665130730:instance/i-02cd85c618c8ca45d;i-02cd85c618c8ca45d;;Environment=prod | Project=acme | Repository=ACME/Assignment_2 | Role=WebServer | Name=acme-prod-web-1 | ManagedBy=Terraform | Owner=ACME-Team;aws;ap-northeast-2;**EC2 instance User Data** is inspected for **secret-like values** (credentials, tokens, keys). Both plain and compressed content are parsed, honoring configured exclusions, to identify patterns that resemble sensitive material within initialization scripts.;**Secrets embedded in User Data** undermine confidentiality and integrity. Anyone with instance or build-system access can read them, reuse credentials to call services, exfiltrate data, or move laterally. Exposure may persist in AMIs, snapshots, and backups, increasing blast radius over time.;;Avoid placing secrets in User Data. Store them in a **managed secret service** and fetch at runtime via a **least-privilege instance role**. Prefer short-lived credentials with **regular rotation**. Limit who can view or edit User Data and apply **defense in depth** with automated secret scanning in build pipelines.;https://hub.prowler.com/check/ec2_instance_secrets_user_data;"```yaml
# CloudFormation: EC2 instance with empty user data
Resources:
  <example_resource_name>:
    Type: AWS::EC2::Instance
    Properties:
      ImageId: <AMI_ID>
      InstanceType: t3.micro
      UserData: !Base64 """"  # Critical: empty user data ensures no secrets are present
```";"```hcl
resource ""aws_instance"" ""<example_resource_name>"" {
  ami           = ""<AMI_ID>""
  instance_type = ""t3.micro""
  user_data     = """" # Critical: empty user data so no secrets are stored
}
```";"aws ec2 modify-instance-attribute --instance-id <INSTANCE_ID> --user-data ""Value=""";"1. Open the AWS EC2 console and go to Instances
2. Select the affected instance
3. Click Actions > Instance settings > Edit user data
4. Delete all contents of the user data field
5. Click Save";KISA-ISMS-P-2023: 2.7.1, 2.10.2 | NIST-CSF-2.0: ds_5 | KISA-ISMS-P-2023-korean: 2.7.1, 2.10.2 | AWS-Well-Architected-Framework-Security-Pillar: SEC02-BP03 | SecNumCloud-3.2: 10.5 | ISO27001-2022: A.8.20, A.8.21, A.8.22 | MITRE-ATTACK: T1552 | NIS2: 3.5.3.a;secrets;;;;5.27.0;https://docs.aws.amazon.com/secretsmanager/latest/userguide/tutorials_basic.html | https://support.icompaas.com/support/solutions/articles/62000127092-ensure-no-secrets-are-found-in-ec2-user-data;;
profile: default;2026-05-18 12:36:20.224133;481665130730;;;;;;prowler-aws-ec2_instance_secrets_user_data-481665130730-ap-northeast-2-i-00eee3ea558971b12;aws;ec2_instance_secrets_user_data;EC2 instance user data contains no secrets;Software and Configuration Checks/AWS Security Best Practices | Sensitive Data Identifications/Security | Sensitive Data Identifications/Passwords | Effects/Data Exposure;PASS;No secrets found in EC2 instance i-00eee3ea558971b12 since User Data is empty.;False;ec2;;high;AwsEc2Instance;arn:aws:ec2:ap-northeast-2:481665130730:instance/i-00eee3ea558971b12;i-00eee3ea558971b12;;Owner=ACME-Team | Name=acme-prod-db-server | Role=Database | Environment=prod | Project=acme | Repository=ACME/Assignment_2 | ManagedBy=Terraform;aws;ap-northeast-2;**EC2 instance User Data** is inspected for **secret-like values** (credentials, tokens, keys). Both plain and compressed content are parsed, honoring configured exclusions, to identify patterns that resemble sensitive material within initialization scripts.;**Secrets embedded in User Data** undermine confidentiality and integrity. Anyone with instance or build-system access can read them, reuse credentials to call services, exfiltrate data, or move laterally. Exposure may persist in AMIs, snapshots, and backups, increasing blast radius over time.;;Avoid placing secrets in User Data. Store them in a **managed secret service** and fetch at runtime via a **least-privilege instance role**. Prefer short-lived credentials with **regular rotation**. Limit who can view or edit User Data and apply **defense in depth** with automated secret scanning in build pipelines.;https://hub.prowler.com/check/ec2_instance_secrets_user_data;"```yaml
# CloudFormation: EC2 instance with empty user data
Resources:
  <example_resource_name>:
    Type: AWS::EC2::Instance
    Properties:
      ImageId: <AMI_ID>
      InstanceType: t3.micro
      UserData: !Base64 """"  # Critical: empty user data ensures no secrets are present
```";"```hcl
resource ""aws_instance"" ""<example_resource_name>"" {
  ami           = ""<AMI_ID>""
  instance_type = ""t3.micro""
  user_data     = """" # Critical: empty user data so no secrets are stored
}
```";"aws ec2 modify-instance-attribute --instance-id <INSTANCE_ID> --user-data ""Value=""";"1. Open the AWS EC2 console and go to Instances
2. Select the affected instance
3. Click Actions > Instance settings > Edit user data
4. Delete all contents of the user data field
5. Click Save";KISA-ISMS-P-2023: 2.7.1, 2.10.2 | NIST-CSF-2.0: ds_5 | KISA-ISMS-P-2023-korean: 2.7.1, 2.10.2 | AWS-Well-Architected-Framework-Security-Pillar: SEC02-BP03 | SecNumCloud-3.2: 10.5 | ISO27001-2022: A.8.20, A.8.21, A.8.22 | MITRE-ATTACK: T1552 | NIS2: 3.5.3.a;secrets;;;;5.27.0;https://docs.aws.amazon.com/secretsmanager/latest/userguide/tutorials_basic.html | https://support.icompaas.com/support/solutions/articles/62000127092-ensure-no-secrets-are-found-in-ec2-user-data;;
profile: default;2026-05-18 12:36:20.224133;481665130730;;;;;;prowler-aws-ec2_launch_template_no_secrets-481665130730-ap-northeast-2-lt-03cea2068298ca687;aws;ec2_launch_template_no_secrets;EC2 launch template user data contains no secrets in any version;Software and Configuration Checks/AWS Security Best Practices | Sensitive Data Identifications/Security | Sensitive Data Identifications/Passwords | Effects/Data Exposure | TTPs/Credential Access;PASS;No secrets found in User Data of any version for EC2 Launch Template acme-prod-web-lt-20260518112600592100000003.;False;ec2;;high;AwsEc2LaunchTemplate;arn:aws:ec2:ap-northeast-2:481665130730:launch-template/lt-03cea2068298ca687;lt-03cea2068298ca687;;Project=acme | Repository=ACME/Assignment_2 | ManagedBy=Terraform;aws;ap-northeast-2;**EC2 launch template** user data is analyzed across versions to identify embedded secrets-hard-coded passwords, tokens, API keys, or private keys-within the startup scripts or configuration supplied to instances.;"Secrets in user data can be read by identities able to view launch templates, eroding confidentiality.

Exposed credentials enable unauthorized API actions, data exfiltration, and lateral movement. Past template versions retain leaked values, complicating rotation and recovery.";;"Keep user data free of secrets. Retrieve sensitive values at runtime from **AWS Secrets Manager** or **SSM Parameter Store** `SecureString` using instance roles.

Enforce **least privilege**, rotate to short-lived credentials, and review template history; if exposure occurred, rotate affected secrets.";https://hub.prowler.com/check/ec2_launch_template_no_secrets;"```yaml
# CloudFormation: Launch Template without user data secrets
Resources:
  <example_resource_name>:
    Type: AWS::EC2::LaunchTemplate
    Properties:
      LaunchTemplateData:
        UserData: """"  # Critical: empty user data ensures no secrets are stored in any new version
```";"```hcl
# Terraform: Launch Template with empty user data
resource ""aws_launch_template"" ""<example_resource_name>"" {
  name      = ""<example_resource_name>""
  user_data = """"  # Critical: empty user data prevents secrets from being stored
}
```";;"1. In the AWS Console, go to EC2 > Launch Templates
2. Select the launch template and click Create new version
3. In Advanced details, clear the User data field so it is blank
4. Save and set this clean version as the Default version
5. Back in the Versions tab, select all versions that contain secrets and click Actions > Delete versions
6. Ensure only versions with blank (or non-secret) user data remain";KISA-ISMS-P-2023: 2.7.1, 2.10.2 | KISA-ISMS-P-2023-korean: 2.7.1, 2.10.2 | AWS-Well-Architected-Framework-Security-Pillar: SEC02-BP03 | SecNumCloud-3.2: 10.5 | ISO27001-2022: A.8.20, A.8.21, A.8.22 | MITRE-ATTACK: T1552;secrets;;;;5.27.0;https://docs.aws.amazon.com/secretsmanager/latest/userguide/intro.html | https://docs.aws.amazon.com/AWSEC2/latest/UserGuide/ec2-launch-templates.html | https://support.icompaas.com/support/solutions/articles/62000233727-ensure-no-secrets-are-hardcoded-in-ec2-launch-templates;;
profile: default;2026-05-18 12:36:20.224133;481665130730;;;;;;prowler-aws-ec2_securitygroup_allow_ingress_from_internet_to_all_ports-481665130730-ap-northeast-2-sg-079f24a1b34315c3c;aws;ec2_securitygroup_allow_ingress_from_internet_to_all_ports;Security group does not have all ports open to the Internet;Software and Configuration Checks/AWS Security Best Practices/Network Reachability | Software and Configuration Checks/Industry and Regulatory Standards/AWS Foundational Security Best Practices | Software and Configuration Checks/Industry and Regulatory Standards/CIS AWS Foundations Benchmark | TTPs/Initial Access/Unauthorized Access | Effects/Data Exposure;PASS;Security group acme-prod-db-sg (sg-079f24a1b34315c3c) does not have all ports open to the Internet.;False;ec2;;critical;AwsEc2SecurityGroup;arn:aws:ec2:ap-northeast-2:481665130730:security-group/sg-079f24a1b34315c3c;sg-079f24a1b34315c3c;acme-prod-db-sg;ManagedBy=Terraform | Environment=prod | Project=acme | Repository=ACME/Assignment_2 | Name=acme-prod-db-sg | Owner=ACME-Team;aws;ap-northeast-2;**EC2 security groups** with **inbound rules** permitting Internet sources (`0.0.0.0/0`, `::/0`) to `all ports` across any protocol;Opening every port to the Internet enables broad scanning and exploit attempts, leading to **unauthorized access**, **remote code execution**, and **data exfiltration**, with easier lateral movement into the VPC. Confidentiality, integrity, and availability are all at risk.;;Enforce **least privilege** on ingress: allow only required ports from trusted sources, avoid `0.0.0.0/0` and `::/0`. Prefer private access (VPN, bastion, or Session Manager), use security group references, and layer **defense in depth** with network ACLs. Periodically review and remove unused rules.;https://hub.prowler.com/check/ec2_securitygroup_allow_ingress_from_internet_to_all_ports;"```yaml
# CloudFormation: Security Group without an inbound rule that opens all ports to the Internet
Resources:
  <example_resource_name>:
    Type: AWS::EC2::SecurityGroup
    Properties:
      GroupDescription: Example SG
      VpcId: <example_resource_id>
      # Critical: Omit SecurityGroupIngress to ensure no rule with IpProtocol ""-1"" from 0.0.0.0/0 or ::/0 exists,
      # which prevents all ports from being open to the Internet.
```";"```hcl
# Security Group with no inbound rules (prevents all ports open to the Internet)
resource ""aws_security_group"" ""<example_resource_name>"" {
  name   = ""<example_resource_name>""
  vpc_id = ""<example_resource_id>""

  # Critical: no ingress blocks; avoids any rule with protocol ""-1"" from 0.0.0.0/0 or ::/0
}
```";;"1. In the AWS Console, go to EC2 > Security Groups
2. Select the affected security group
3. Open the Inbound rules tab and click Edit inbound rules
4. Delete any rule where Type is All traffic (protocol = All) with Source 0.0.0.0/0 or ::/0
5. Click Save rules";ProwlerThreatScore-1.0: 2.1.4 | KISA-ISMS-P-2023: 2.6.1, 2.6.2, 2.6.4, 2.6.6, 2.10.2 | NIST-CSF-2.0: ac_3, ac_5, ds_5, ip_1, pt_4 | KISA-ISMS-P-2023-korean: 2.6.1, 2.6.2, 2.6.4, 2.6.6, 2.10.2 | CIS-5.0: 5.3, 5.4 | CIS-6.0: 6.3, 6.4 | PCI-3.2.1: 1.1, 1.1.4, 1.1.4.c, 1.2, 1.2.1, 1.2.1.a, 1.2.1.b, 1.2.1.c, 1.2.3, 1.2.3.b, 1.3, 1.3.2, 1.3.5 | AWS-Foundational-Technical-Review: NETSEC-001 | SOC2: cc_6_6 | CISA: your-systems-3, your-data-2 | CIS-3.0: 5.2, 5.3 | CCC-v2025.10: CCC.Core.CN01.AR02, CCC.Core.CN05.AR01, CCC.Core.CN05.AR05 | AWS-Well-Architected-Framework-Security-Pillar: SEC05-BP03 | ENS-RD2022: mp.com.1.aws.sg.2 | SecNumCloud-3.2: 13.2 | C5-2025: PI-01.01AC | CIS-1.5: 5.2, 5.3 | CIS-1.4: 5.2 | CIS-2.0: 5.2, 5.3 | ISO27001-2022: A.8.20, A.8.21, A.8.22 | CSA-CCM-4.0: IVS-03 | CIS-4.0.1: 5.3, 5.4 | MITRE-ATTACK: T1199, T1048, T1499, T1498, T1046;internet-exposed;;;;5.27.0;https://docs.aws.amazon.com/vpc/latest/userguide/VPC_SecurityGroups.html | https://www.trendmicro.com/trendaivisiononecloudriskmanagement/knowledge-base/aws/EC2/security-group-ingress-any.html;;
profile: default;2026-05-18 12:36:20.224133;481665130730;;;;;;prowler-aws-ec2_securitygroup_allow_ingress_from_internet_to_all_ports-481665130730-ap-northeast-2-sg-0af8ef2d6e3dba258;aws;ec2_securitygroup_allow_ingress_from_internet_to_all_ports;Security group does not have all ports open to the Internet;Software and Configuration Checks/AWS Security Best Practices/Network Reachability | Software and Configuration Checks/Industry and Regulatory Standards/AWS Foundational Security Best Practices | Software and Configuration Checks/Industry and Regulatory Standards/CIS AWS Foundations Benchmark | TTPs/Initial Access/Unauthorized Access | Effects/Data Exposure;PASS;Security group acme-prod-web-sg (sg-0af8ef2d6e3dba258) does not have all ports open to the Internet.;False;ec2;;critical;AwsEc2SecurityGroup;arn:aws:ec2:ap-northeast-2:481665130730:security-group/sg-0af8ef2d6e3dba258;sg-0af8ef2d6e3dba258;acme-prod-web-sg;Environment=prod | Project=acme | Repository=ACME/Assignment_2 | Name=acme-prod-web-sg | ManagedBy=Terraform | Owner=ACME-Team;aws;ap-northeast-2;**EC2 security groups** with **inbound rules** permitting Internet sources (`0.0.0.0/0`, `::/0`) to `all ports` across any protocol;Opening every port to the Internet enables broad scanning and exploit attempts, leading to **unauthorized access**, **remote code execution**, and **data exfiltration**, with easier lateral movement into the VPC. Confidentiality, integrity, and availability are all at risk.;;Enforce **least privilege** on ingress: allow only required ports from trusted sources, avoid `0.0.0.0/0` and `::/0`. Prefer private access (VPN, bastion, or Session Manager), use security group references, and layer **defense in depth** with network ACLs. Periodically review and remove unused rules.;https://hub.prowler.com/check/ec2_securitygroup_allow_ingress_from_internet_to_all_ports;"```yaml
# CloudFormation: Security Group without an inbound rule that opens all ports to the Internet
Resources:
  <example_resource_name>:
    Type: AWS::EC2::SecurityGroup
    Properties:
      GroupDescription: Example SG
      VpcId: <example_resource_id>
      # Critical: Omit SecurityGroupIngress to ensure no rule with IpProtocol ""-1"" from 0.0.0.0/0 or ::/0 exists,
      # which prevents all ports from being open to the Internet.
```";"```hcl
# Security Group with no inbound rules (prevents all ports open to the Internet)
resource ""aws_security_group"" ""<example_resource_name>"" {
  name   = ""<example_resource_name>""
  vpc_id = ""<example_resource_id>""

  # Critical: no ingress blocks; avoids any rule with protocol ""-1"" from 0.0.0.0/0 or ::/0
}
```";;"1. In the AWS Console, go to EC2 > Security Groups
2. Select the affected security group
3. Open the Inbound rules tab and click Edit inbound rules
4. Delete any rule where Type is All traffic (protocol = All) with Source 0.0.0.0/0 or ::/0
5. Click Save rules";ProwlerThreatScore-1.0: 2.1.4 | KISA-ISMS-P-2023: 2.6.1, 2.6.2, 2.6.4, 2.6.6, 2.10.2 | NIST-CSF-2.0: ac_3, ac_5, ds_5, ip_1, pt_4 | KISA-ISMS-P-2023-korean: 2.6.1, 2.6.2, 2.6.4, 2.6.6, 2.10.2 | CIS-5.0: 5.3, 5.4 | CIS-6.0: 6.3, 6.4 | PCI-3.2.1: 1.1, 1.1.4, 1.1.4.c, 1.2, 1.2.1, 1.2.1.a, 1.2.1.b, 1.2.1.c, 1.2.3, 1.2.3.b, 1.3, 1.3.2, 1.3.5 | AWS-Foundational-Technical-Review: NETSEC-001 | SOC2: cc_6_6 | CISA: your-systems-3, your-data-2 | CIS-3.0: 5.2, 5.3 | CCC-v2025.10: CCC.Core.CN01.AR02, CCC.Core.CN05.AR01, CCC.Core.CN05.AR05 | AWS-Well-Architected-Framework-Security-Pillar: SEC05-BP03 | ENS-RD2022: mp.com.1.aws.sg.2 | SecNumCloud-3.2: 13.2 | C5-2025: PI-01.01AC | CIS-1.5: 5.2, 5.3 | CIS-1.4: 5.2 | CIS-2.0: 5.2, 5.3 | ISO27001-2022: A.8.20, A.8.21, A.8.22 | CSA-CCM-4.0: IVS-03 | CIS-4.0.1: 5.3, 5.4 | MITRE-ATTACK: T1199, T1048, T1499, T1498, T1046;internet-exposed;;;;5.27.0;https://docs.aws.amazon.com/vpc/latest/userguide/VPC_SecurityGroups.html | https://www.trendmicro.com/trendaivisiononecloudriskmanagement/knowledge-base/aws/EC2/security-group-ingress-any.html;;
profile: default;2026-05-18 12:36:20.224133;481665130730;;;;;;prowler-aws-ec2_securitygroup_allow_ingress_from_internet_to_all_ports-481665130730-ap-northeast-2-sg-018446cf6b80a5cea;aws;ec2_securitygroup_allow_ingress_from_internet_to_all_ports;Security group does not have all ports open to the Internet;Software and Configuration Checks/AWS Security Best Practices/Network Reachability | Software and Configuration Checks/Industry and Regulatory Standards/AWS Foundational Security Best Practices | Software and Configuration Checks/Industry and Regulatory Standards/CIS AWS Foundations Benchmark | TTPs/Initial Access/Unauthorized Access | Effects/Data Exposure;PASS;Security group acme-prod-alb-sg (sg-018446cf6b80a5cea) does not have all ports open to the Internet.;False;ec2;;critical;AwsEc2SecurityGroup;arn:aws:ec2:ap-northeast-2:481665130730:security-group/sg-018446cf6b80a5cea;sg-018446cf6b80a5cea;acme-prod-alb-sg;Environment=prod | Project=acme | Repository=ACME/Assignment_2 | Name=acme-prod-alb-sg | ManagedBy=Terraform | Owner=ACME-Team;aws;ap-northeast-2;**EC2 security groups** with **inbound rules** permitting Internet sources (`0.0.0.0/0`, `::/0`) to `all ports` across any protocol;Opening every port to the Internet enables broad scanning and exploit attempts, leading to **unauthorized access**, **remote code execution**, and **data exfiltration**, with easier lateral movement into the VPC. Confidentiality, integrity, and availability are all at risk.;;Enforce **least privilege** on ingress: allow only required ports from trusted sources, avoid `0.0.0.0/0` and `::/0`. Prefer private access (VPN, bastion, or Session Manager), use security group references, and layer **defense in depth** with network ACLs. Periodically review and remove unused rules.;https://hub.prowler.com/check/ec2_securitygroup_allow_ingress_from_internet_to_all_ports;"```yaml
# CloudFormation: Security Group without an inbound rule that opens all ports to the Internet
Resources:
  <example_resource_name>:
    Type: AWS::EC2::SecurityGroup
    Properties:
      GroupDescription: Example SG
      VpcId: <example_resource_id>
      # Critical: Omit SecurityGroupIngress to ensure no rule with IpProtocol ""-1"" from 0.0.0.0/0 or ::/0 exists,
      # which prevents all ports from being open to the Internet.
```";"```hcl
# Security Group with no inbound rules (prevents all ports open to the Internet)
resource ""aws_security_group"" ""<example_resource_name>"" {
  name   = ""<example_resource_name>""
  vpc_id = ""<example_resource_id>""

  # Critical: no ingress blocks; avoids any rule with protocol ""-1"" from 0.0.0.0/0 or ::/0
}
```";;"1. In the AWS Console, go to EC2 > Security Groups
2. Select the affected security group
3. Open the Inbound rules tab and click Edit inbound rules
4. Delete any rule where Type is All traffic (protocol = All) with Source 0.0.0.0/0 or ::/0
5. Click Save rules";ProwlerThreatScore-1.0: 2.1.4 | KISA-ISMS-P-2023: 2.6.1, 2.6.2, 2.6.4, 2.6.6, 2.10.2 | NIST-CSF-2.0: ac_3, ac_5, ds_5, ip_1, pt_4 | KISA-ISMS-P-2023-korean: 2.6.1, 2.6.2, 2.6.4, 2.6.6, 2.10.2 | CIS-5.0: 5.3, 5.4 | CIS-6.0: 6.3, 6.4 | PCI-3.2.1: 1.1, 1.1.4, 1.1.4.c, 1.2, 1.2.1, 1.2.1.a, 1.2.1.b, 1.2.1.c, 1.2.3, 1.2.3.b, 1.3, 1.3.2, 1.3.5 | AWS-Foundational-Technical-Review: NETSEC-001 | SOC2: cc_6_6 | CISA: your-systems-3, your-data-2 | CIS-3.0: 5.2, 5.3 | CCC-v2025.10: CCC.Core.CN01.AR02, CCC.Core.CN05.AR01, CCC.Core.CN05.AR05 | AWS-Well-Architected-Framework-Security-Pillar: SEC05-BP03 | ENS-RD2022: mp.com.1.aws.sg.2 | SecNumCloud-3.2: 13.2 | C5-2025: PI-01.01AC | CIS-1.5: 5.2, 5.3 | CIS-1.4: 5.2 | CIS-2.0: 5.2, 5.3 | ISO27001-2022: A.8.20, A.8.21, A.8.22 | CSA-CCM-4.0: IVS-03 | CIS-4.0.1: 5.3, 5.4 | MITRE-ATTACK: T1199, T1048, T1499, T1498, T1046;internet-exposed;;;;5.27.0;https://docs.aws.amazon.com/vpc/latest/userguide/VPC_SecurityGroups.html | https://www.trendmicro.com/trendaivisiononecloudriskmanagement/knowledge-base/aws/EC2/security-group-ingress-any.html;;
profile: default;2026-05-18 12:36:20.224133;481665130730;;;;;;prowler-aws-ec2_securitygroup_allow_ingress_from_internet_to_tcp_port_22-481665130730-ap-northeast-2-sg-079f24a1b34315c3c;aws;ec2_securitygroup_allow_ingress_from_internet_to_tcp_port_22;Security group does not allow ingress from 0.0.0.0/0 or ::/0 to TCP port 22 (SSH);Software and Configuration Checks/AWS Security Best Practices/Network Reachability | Software and Configuration Checks/Industry and Regulatory Standards/AWS Foundational Security Best Practices | Software and Configuration Checks/Industry and Regulatory Standards/CIS AWS Foundations Benchmark | TTPs/Initial Access/Unauthorized Access;PASS;Security group acme-prod-db-sg (sg-079f24a1b34315c3c) does not have SSH port 22 open to the Internet.;False;ec2;;high;AwsEc2SecurityGroup;arn:aws:ec2:ap-northeast-2:481665130730:security-group/sg-079f24a1b34315c3c;sg-079f24a1b34315c3c;acme-prod-db-sg;ManagedBy=Terraform | Environment=prod | Project=acme | Repository=ACME/Assignment_2 | Name=acme-prod-db-sg | Owner=ACME-Team;aws;ap-northeast-2;"**EC2 security groups** are assessed for **inbound SSH exposure** by locating ingress rules that allow `TCP 22` from the Internet (`0.0.0.0/0` or `::/0`).

Only groups in use are considered; sets already flagged for all-port exposure are not repeated.";Exposed **SSH** invites Internet-scale **brute force** and **credential stuffing**. A successful login grants **remote shell**, enabling data theft (confidentiality), code or config tampering (integrity), and cryptomining or service disruption (availability), plus **lateral movement** within the environment.;;"Apply **least privilege** to SSH:
- Disallow `0.0.0.0/0` and `::/0`; allow only trusted IPs or VPN ranges
- Prefer **private access** via bastion hosts or AWS Systems Manager Session Manager
- Enforce **key-based auth**, disable passwords, rotate keys
- Add **network segmentation** and monitoring for **defense in depth**";https://hub.prowler.com/check/ec2_securitygroup_allow_ingress_from_internet_to_tcp_port_22;"```yaml
# CloudFormation: restrict SSH from the Internet
Resources:
  <example_resource_name>:
    Type: AWS::EC2::SecurityGroup
    Properties:
      GroupDescription: Restrict SSH
      VpcId: <example_resource_id>
      SecurityGroupIngress:
        - IpProtocol: tcp
          FromPort: 22
          ToPort: 22
          CidrIp: 10.0.0.0/8  # Critical: allows SSH only from a private range, not 0.0.0.0/0
```";"```hcl
# Terraform: restrict SSH from the Internet
resource ""aws_security_group"" ""<example_resource_name>"" {
  vpc_id = ""<example_resource_id>""

  ingress {
    from_port   = 22
    to_port     = 22
    protocol    = ""tcp""
    cidr_blocks = [""10.0.0.0/8""]  # Critical: do not use 0.0.0.0/0 or ::/0
  }
}
```";aws ec2 revoke-security-group-ingress --group-id <SECURITY_GROUP_ID> --protocol tcp --port 22 --cidr 0.0.0.0/0;"1. In the AWS Console, go to EC2 > Security Groups
2. Select the affected security group
3. Open the Inbound rules tab
4. Delete any rule for port 22 (SSH) with source 0.0.0.0/0 or ::/0
5. Click Save rules";ISO27001-2013: A.12.6.C, A.13.1.C | ProwlerThreatScore-1.0: 2.1.4, 2.1.7 | KISA-ISMS-P-2023: 2.6.1, 2.6.2, 2.6.6, 2.10.2 | NIST-CSF-2.0: ac_3 | KISA-ISMS-P-2023-korean: 2.6.1, 2.6.2, 2.6.6, 2.10.2 | CIS-5.0: 5.3, 5.4 | CIS-6.0: 6.3, 6.4 | PCI-3.2.1: 1.2, 1.2.1, 1.2.1.a, 1.2.1.b, 1.2.1.c, 1.3, 1.3.1, 2.2, 2.2.2 | NIST-800-53-Revision-5: ac_17_b, ac_17_1, ac_17_9, ac_17_10, cm_9_b, sc_7_7, sc_7_11, sc_7_12, sc_7_16, sc_7_21, sc_7_24_b, sc_7_25, sc_7_26, sc_7_27, sc_7_28, sc_7_a, sc_7_c | AWS-Foundational-Technical-Review: NETSEC-001 | SOC2: cc_6_6, cc_7_2 | CISA: your-systems-3, your-data-2 | CIS-3.0: 5.2, 5.3 | CCC-v2025.10: CCC.Core.CN01.AR02 | AWS-Well-Architected-Framework-Security-Pillar: SEC05-BP03 | SecNumCloud-3.2: 13.2 | HIPAA: 164_308_a_1_ii_b, 164_312_e_1 | FedRAMP-Low-Revision-4: ac-17, cm-2, sc-7 | AWS-Audit-Manager-Control-Tower-Guardrails: 2.0.2 | FedRamp-Moderate-Revision-4: ac-4, ac-17-1, cm-2, sc-4, sc-7-3, sc-7 | NIST-800-53-Revision-4: ac_4, sc_7_3, sc_7 | C5-2025: PI-01.01AC | RBI-Cyber-Security-Framework: annex_i_5_1, annex_i_7_3 | CIS-1.5: 5.2, 5.3 | FFIEC: d3-pc-am-b-10, d3-pc-im-b-1, d3-pc-im-b-2, d3-pc-im-b-6, d4-c-co-b-2 | PCI-4.0: 1.2.8.17, 1.3.1.19, 1.3.2.19, 1.4.2.18, 1.5.1.17, A1.1.3.17 | CIS-1.4: 5.2 | CIS-2.0: 5.2, 5.3 | ISO27001-2022: A.8.20, A.8.21, A.8.22 | CSA-CCM-4.0: IVS-03 | CIS-4.0.1: 5.3, 5.4 | GxP-21-CFR-Part-11: 11.10-d, 11.10-g | MITRE-ATTACK: T1199, T1048, T1499, T1498, T1046 | NIST-CSF-1.1: ae_1, ac_3, ac_5, ds_7, pt_4 | NIST-800-171-Revision-2: 3_1_1, 3_1_2, 3_1_3, 3_1_14, 3_1_20, 3_4_7, 3_13_1, 3_13_2, 3_13_5, 3_13_6 | AWS-Foundational-Security-Best-Practices: EC2.13;internet-exposed;;;;5.27.0;https://docs.aws.amazon.com/vpc/latest/userguide/VPC_SecurityGroups.html | https://www.trendmicro.com/trendaivisiononecloudriskmanagement/knowledge-base/aws/EC2/unrestricted-ssh-access.html;;
profile: default;2026-05-18 12:36:20.224133;481665130730;;;;;;prowler-aws-ec2_securitygroup_allow_ingress_from_internet_to_tcp_port_22-481665130730-ap-northeast-2-sg-0af8ef2d6e3dba258;aws;ec2_securitygroup_allow_ingress_from_internet_to_tcp_port_22;Security group does not allow ingress from 0.0.0.0/0 or ::/0 to TCP port 22 (SSH);Software and Configuration Checks/AWS Security Best Practices/Network Reachability | Software and Configuration Checks/Industry and Regulatory Standards/AWS Foundational Security Best Practices | Software and Configuration Checks/Industry and Regulatory Standards/CIS AWS Foundations Benchmark | TTPs/Initial Access/Unauthorized Access;PASS;Security group acme-prod-web-sg (sg-0af8ef2d6e3dba258) does not have SSH port 22 open to the Internet.;False;ec2;;high;AwsEc2SecurityGroup;arn:aws:ec2:ap-northeast-2:481665130730:security-group/sg-0af8ef2d6e3dba258;sg-0af8ef2d6e3dba258;acme-prod-web-sg;Environment=prod | Project=acme | Repository=ACME/Assignment_2 | Name=acme-prod-web-sg | ManagedBy=Terraform | Owner=ACME-Team;aws;ap-northeast-2;"**EC2 security groups** are assessed for **inbound SSH exposure** by locating ingress rules that allow `TCP 22` from the Internet (`0.0.0.0/0` or `::/0`).

Only groups in use are considered; sets already flagged for all-port exposure are not repeated.";Exposed **SSH** invites Internet-scale **brute force** and **credential stuffing**. A successful login grants **remote shell**, enabling data theft (confidentiality), code or config tampering (integrity), and cryptomining or service disruption (availability), plus **lateral movement** within the environment.;;"Apply **least privilege** to SSH:
- Disallow `0.0.0.0/0` and `::/0`; allow only trusted IPs or VPN ranges
- Prefer **private access** via bastion hosts or AWS Systems Manager Session Manager
- Enforce **key-based auth**, disable passwords, rotate keys
- Add **network segmentation** and monitoring for **defense in depth**";https://hub.prowler.com/check/ec2_securitygroup_allow_ingress_from_internet_to_tcp_port_22;"```yaml
# CloudFormation: restrict SSH from the Internet
Resources:
  <example_resource_name>:
    Type: AWS::EC2::SecurityGroup
    Properties:
      GroupDescription: Restrict SSH
      VpcId: <example_resource_id>
      SecurityGroupIngress:
        - IpProtocol: tcp
          FromPort: 22
          ToPort: 22
          CidrIp: 10.0.0.0/8  # Critical: allows SSH only from a private range, not 0.0.0.0/0
```";"```hcl
# Terraform: restrict SSH from the Internet
resource ""aws_security_group"" ""<example_resource_name>"" {
  vpc_id = ""<example_resource_id>""

  ingress {
    from_port   = 22
    to_port     = 22
    protocol    = ""tcp""
    cidr_blocks = [""10.0.0.0/8""]  # Critical: do not use 0.0.0.0/0 or ::/0
  }
}
```";aws ec2 revoke-security-group-ingress --group-id <SECURITY_GROUP_ID> --protocol tcp --port 22 --cidr 0.0.0.0/0;"1. In the AWS Console, go to EC2 > Security Groups
2. Select the affected security group
3. Open the Inbound rules tab
4. Delete any rule for port 22 (SSH) with source 0.0.0.0/0 or ::/0
5. Click Save rules";ISO27001-2013: A.12.6.C, A.13.1.C | ProwlerThreatScore-1.0: 2.1.4, 2.1.7 | KISA-ISMS-P-2023: 2.6.1, 2.6.2, 2.6.6, 2.10.2 | NIST-CSF-2.0: ac_3 | KISA-ISMS-P-2023-korean: 2.6.1, 2.6.2, 2.6.6, 2.10.2 | CIS-5.0: 5.3, 5.4 | CIS-6.0: 6.3, 6.4 | PCI-3.2.1: 1.2, 1.2.1, 1.2.1.a, 1.2.1.b, 1.2.1.c, 1.3, 1.3.1, 2.2, 2.2.2 | NIST-800-53-Revision-5: ac_17_b, ac_17_1, ac_17_9, ac_17_10, cm_9_b, sc_7_7, sc_7_11, sc_7_12, sc_7_16, sc_7_21, sc_7_24_b, sc_7_25, sc_7_26, sc_7_27, sc_7_28, sc_7_a, sc_7_c | AWS-Foundational-Technical-Review: NETSEC-001 | SOC2: cc_6_6, cc_7_2 | CISA: your-systems-3, your-data-2 | CIS-3.0: 5.2, 5.3 | CCC-v2025.10: CCC.Core.CN01.AR02 | AWS-Well-Architected-Framework-Security-Pillar: SEC05-BP03 | SecNumCloud-3.2: 13.2 | HIPAA: 164_308_a_1_ii_b, 164_312_e_1 | FedRAMP-Low-Revision-4: ac-17, cm-2, sc-7 | AWS-Audit-Manager-Control-Tower-Guardrails: 2.0.2 | FedRamp-Moderate-Revision-4: ac-4, ac-17-1, cm-2, sc-4, sc-7-3, sc-7 | NIST-800-53-Revision-4: ac_4, sc_7_3, sc_7 | C5-2025: PI-01.01AC | RBI-Cyber-Security-Framework: annex_i_5_1, annex_i_7_3 | CIS-1.5: 5.2, 5.3 | FFIEC: d3-pc-am-b-10, d3-pc-im-b-1, d3-pc-im-b-2, d3-pc-im-b-6, d4-c-co-b-2 | PCI-4.0: 1.2.8.17, 1.3.1.19, 1.3.2.19, 1.4.2.18, 1.5.1.17, A1.1.3.17 | CIS-1.4: 5.2 | CIS-2.0: 5.2, 5.3 | ISO27001-2022: A.8.20, A.8.21, A.8.22 | CSA-CCM-4.0: IVS-03 | CIS-4.0.1: 5.3, 5.4 | GxP-21-CFR-Part-11: 11.10-d, 11.10-g | MITRE-ATTACK: T1199, T1048, T1499, T1498, T1046 | NIST-CSF-1.1: ae_1, ac_3, ac_5, ds_7, pt_4 | NIST-800-171-Revision-2: 3_1_1, 3_1_2, 3_1_3, 3_1_14, 3_1_20, 3_4_7, 3_13_1, 3_13_2, 3_13_5, 3_13_6 | AWS-Foundational-Security-Best-Practices: EC2.13;internet-exposed;;;;5.27.0;https://docs.aws.amazon.com/vpc/latest/userguide/VPC_SecurityGroups.html | https://www.trendmicro.com/trendaivisiononecloudriskmanagement/knowledge-base/aws/EC2/unrestricted-ssh-access.html;;
profile: default;2026-05-18 12:36:20.224133;481665130730;;;;;;prowler-aws-ec2_securitygroup_allow_ingress_from_internet_to_tcp_port_22-481665130730-ap-northeast-2-sg-018446cf6b80a5cea;aws;ec2_securitygroup_allow_ingress_from_internet_to_tcp_port_22;Security group does not allow ingress from 0.0.0.0/0 or ::/0 to TCP port 22 (SSH);Software and Configuration Checks/AWS Security Best Practices/Network Reachability | Software and Configuration Checks/Industry and Regulatory Standards/AWS Foundational Security Best Practices | Software and Configuration Checks/Industry and Regulatory Standards/CIS AWS Foundations Benchmark | TTPs/Initial Access/Unauthorized Access;PASS;Security group acme-prod-alb-sg (sg-018446cf6b80a5cea) does not have SSH port 22 open to the Internet.;False;ec2;;high;AwsEc2SecurityGroup;arn:aws:ec2:ap-northeast-2:481665130730:security-group/sg-018446cf6b80a5cea;sg-018446cf6b80a5cea;acme-prod-alb-sg;Environment=prod | Project=acme | Repository=ACME/Assignment_2 | Name=acme-prod-alb-sg | ManagedBy=Terraform | Owner=ACME-Team;aws;ap-northeast-2;"**EC2 security groups** are assessed for **inbound SSH exposure** by locating ingress rules that allow `TCP 22` from the Internet (`0.0.0.0/0` or `::/0`).

Only groups in use are considered; sets already flagged for all-port exposure are not repeated.";Exposed **SSH** invites Internet-scale **brute force** and **credential stuffing**. A successful login grants **remote shell**, enabling data theft (confidentiality), code or config tampering (integrity), and cryptomining or service disruption (availability), plus **lateral movement** within the environment.;;"Apply **least privilege** to SSH:
- Disallow `0.0.0.0/0` and `::/0`; allow only trusted IPs or VPN ranges
- Prefer **private access** via bastion hosts or AWS Systems Manager Session Manager
- Enforce **key-based auth**, disable passwords, rotate keys
- Add **network segmentation** and monitoring for **defense in depth**";https://hub.prowler.com/check/ec2_securitygroup_allow_ingress_from_internet_to_tcp_port_22;"```yaml
# CloudFormation: restrict SSH from the Internet
Resources:
  <example_resource_name>:
    Type: AWS::EC2::SecurityGroup
    Properties:
      GroupDescription: Restrict SSH
      VpcId: <example_resource_id>
      SecurityGroupIngress:
        - IpProtocol: tcp
          FromPort: 22
          ToPort: 22
          CidrIp: 10.0.0.0/8  # Critical: allows SSH only from a private range, not 0.0.0.0/0
```";"```hcl
# Terraform: restrict SSH from the Internet
resource ""aws_security_group"" ""<example_resource_name>"" {
  vpc_id = ""<example_resource_id>""

  ingress {
    from_port   = 22
    to_port     = 22
    protocol    = ""tcp""
    cidr_blocks = [""10.0.0.0/8""]  # Critical: do not use 0.0.0.0/0 or ::/0
  }
}
```";aws ec2 revoke-security-group-ingress --group-id <SECURITY_GROUP_ID> --protocol tcp --port 22 --cidr 0.0.0.0/0;"1. In the AWS Console, go to EC2 > Security Groups
2. Select the affected security group
3. Open the Inbound rules tab
4. Delete any rule for port 22 (SSH) with source 0.0.0.0/0 or ::/0
5. Click Save rules";ISO27001-2013: A.12.6.C, A.13.1.C | ProwlerThreatScore-1.0: 2.1.4, 2.1.7 | KISA-ISMS-P-2023: 2.6.1, 2.6.2, 2.6.6, 2.10.2 | NIST-CSF-2.0: ac_3 | KISA-ISMS-P-2023-korean: 2.6.1, 2.6.2, 2.6.6, 2.10.2 | CIS-5.0: 5.3, 5.4 | CIS-6.0: 6.3, 6.4 | PCI-3.2.1: 1.2, 1.2.1, 1.2.1.a, 1.2.1.b, 1.2.1.c, 1.3, 1.3.1, 2.2, 2.2.2 | NIST-800-53-Revision-5: ac_17_b, ac_17_1, ac_17_9, ac_17_10, cm_9_b, sc_7_7, sc_7_11, sc_7_12, sc_7_16, sc_7_21, sc_7_24_b, sc_7_25, sc_7_26, sc_7_27, sc_7_28, sc_7_a, sc_7_c | AWS-Foundational-Technical-Review: NETSEC-001 | SOC2: cc_6_6, cc_7_2 | CISA: your-systems-3, your-data-2 | CIS-3.0: 5.2, 5.3 | CCC-v2025.10: CCC.Core.CN01.AR02 | AWS-Well-Architected-Framework-Security-Pillar: SEC05-BP03 | SecNumCloud-3.2: 13.2 | HIPAA: 164_308_a_1_ii_b, 164_312_e_1 | FedRAMP-Low-Revision-4: ac-17, cm-2, sc-7 | AWS-Audit-Manager-Control-Tower-Guardrails: 2.0.2 | FedRamp-Moderate-Revision-4: ac-4, ac-17-1, cm-2, sc-4, sc-7-3, sc-7 | NIST-800-53-Revision-4: ac_4, sc_7_3, sc_7 | C5-2025: PI-01.01AC | RBI-Cyber-Security-Framework: annex_i_5_1, annex_i_7_3 | CIS-1.5: 5.2, 5.3 | FFIEC: d3-pc-am-b-10, d3-pc-im-b-1, d3-pc-im-b-2, d3-pc-im-b-6, d4-c-co-b-2 | PCI-4.0: 1.2.8.17, 1.3.1.19, 1.3.2.19, 1.4.2.18, 1.5.1.17, A1.1.3.17 | CIS-1.4: 5.2 | CIS-2.0: 5.2, 5.3 | ISO27001-2022: A.8.20, A.8.21, A.8.22 | CSA-CCM-4.0: IVS-03 | CIS-4.0.1: 5.3, 5.4 | GxP-21-CFR-Part-11: 11.10-d, 11.10-g | MITRE-ATTACK: T1199, T1048, T1499, T1498, T1046 | NIST-CSF-1.1: ae_1, ac_3, ac_5, ds_7, pt_4 | NIST-800-171-Revision-2: 3_1_1, 3_1_2, 3_1_3, 3_1_14, 3_1_20, 3_4_7, 3_13_1, 3_13_2, 3_13_5, 3_13_6 | AWS-Foundational-Security-Best-Practices: EC2.13;internet-exposed;;;;5.27.0;https://docs.aws.amazon.com/vpc/latest/userguide/VPC_SecurityGroups.html | https://www.trendmicro.com/trendaivisiononecloudriskmanagement/knowledge-base/aws/EC2/unrestricted-ssh-access.html;;
profile: default;2026-05-18 12:36:20.224133;481665130730;;;;;;prowler-aws-ec2_securitygroup_allow_ingress_from_internet_to_tcp_port_3389-481665130730-ap-northeast-2-sg-079f24a1b34315c3c;aws;ec2_securitygroup_allow_ingress_from_internet_to_tcp_port_3389;Security group does not allow ingress from the Internet to TCP port 3389 (RDP);Software and Configuration Checks/AWS Security Best Practices/Network Reachability | Software and Configuration Checks/Industry and Regulatory Standards/AWS Foundational Security Best Practices | Software and Configuration Checks/Industry and Regulatory Standards/CIS AWS Foundations Benchmark | TTPs/Initial Access;PASS;Security group acme-prod-db-sg (sg-079f24a1b34315c3c) does not have Microsoft RDP port 3389 open to the Internet.;False;ec2;;high;AwsEc2SecurityGroup;arn:aws:ec2:ap-northeast-2:481665130730:security-group/sg-079f24a1b34315c3c;sg-079f24a1b34315c3c;acme-prod-db-sg;ManagedBy=Terraform | Environment=prod | Project=acme | Repository=ACME/Assignment_2 | Name=acme-prod-db-sg | Owner=ACME-Team;aws;ap-northeast-2;**EC2 security groups** restrict **inbound RDP** on `TCP 3389` to trusted sources, avoiding Internet-wide (`0.0.0.0/0`, `::/0`) exposure.;"**Internet-exposed RDP** enables brute force and credential stuffing and increases the chance of **remote code execution** via RDP flaws.

Adversaries can gain interactive access, exfiltrate data (**confidentiality**), tamper with systems (**integrity**), and trigger ransomware or service disruption (**availability**).";;"Apply **least privilege**: disallow `0.0.0.0/0` and `::/0` to `3389`; permit only specific IPs or private networks.

Prefer **Session Manager**, VPN, or a hardened bastion with MFA and just-in-time access. Use private subnets and add **defense in depth** with network controls and monitoring.";https://hub.prowler.com/check/ec2_securitygroup_allow_ingress_from_internet_to_tcp_port_3389;"```yaml
# CloudFormation: restrict RDP (3389) from the Internet
Resources:
  <example_resource_name>:
    Type: AWS::EC2::SecurityGroup
    Properties:
      GroupDescription: Restrict RDP
      VpcId: vpc-<example_resource_id>
      SecurityGroupIngress:
        - IpProtocol: tcp
          FromPort: 3389
          ToPort: 3389
          CidrIp: 10.0.0.0/8  # FIX: not 0.0.0.0/0; limits RDP to internal range, closing Internet access
```";"```hcl
# Restrict RDP (3389) from the Internet
resource ""aws_security_group"" ""<example_resource_name>"" {
  vpc_id = ""<example_resource_id>""

  ingress {
    from_port   = 3389
    to_port     = 3389
    protocol    = ""tcp""
    cidr_blocks = [""10.0.0.0/8""] # FIX: not 0.0.0.0/0; restricts RDP to internal range
  }
}
```";aws ec2 revoke-security-group-ingress --group-id <SECURITY_GROUP_ID> --protocol tcp --port 3389 --cidr 0.0.0.0/0;"1. In AWS Console, go to EC2 > Security Groups
2. Select the security group attached to the instance
3. In the Inbound rules tab, click Edit inbound rules
4. Find any rule with Type RDP (TCP 3389) and Source 0.0.0.0/0 or ::/0
5. Delete the rule or change Source to a specific trusted CIDR (e.g., your office IP)
6. Click Save rules";ISO27001-2013: A.12.6.B, A.13.1.B | ProwlerThreatScore-1.0: 2.1.4, 2.1.7 | KISA-ISMS-P-2023: 2.6.1, 2.6.2, 2.6.6, 2.10.2 | NIST-CSF-2.0: ac_3, ac_5 | KISA-ISMS-P-2023-korean: 2.6.1, 2.6.2, 2.6.6, 2.10.2 | CIS-5.0: 5.3, 5.4 | CIS-6.0: 6.3, 6.4 | AWS-Foundational-Technical-Review: NETSEC-001 | SOC2: cc_6_6 | CIS-3.0: 5.2, 5.3 | AWS-Well-Architected-Framework-Security-Pillar: SEC05-BP03 | SecNumCloud-3.2: 13.2 | AWS-Audit-Manager-Control-Tower-Guardrails: 2.0.1 | C5-2025: PI-01.01AC | RBI-Cyber-Security-Framework: annex_i_1_3 | CIS-1.5: 5.2, 5.3 | CIS-1.4: 5.2 | CIS-2.0: 5.2, 5.3 | ISO27001-2022: A.8.20, A.8.21, A.8.22 | CSA-CCM-4.0: IVS-03 | CIS-4.0.1: 5.3, 5.4 | MITRE-ATTACK: T1199, T1048, T1499, T1498, T1046 | AWS-Foundational-Security-Best-Practices: EC2.14;internet-exposed;;;;5.27.0;https://docs.aws.amazon.com/vpc/latest/userguide/VPC_SecurityGroups.html | https://www.trendmicro.com/trendaivisiononecloudriskmanagement/knowledge-base/aws/EC2/unrestricted-rdp-access.html;;
profile: default;2026-05-18 12:36:20.224133;481665130730;;;;;;prowler-aws-ec2_securitygroup_allow_ingress_from_internet_to_tcp_port_3389-481665130730-ap-northeast-2-sg-0af8ef2d6e3dba258;aws;ec2_securitygroup_allow_ingress_from_internet_to_tcp_port_3389;Security group does not allow ingress from the Internet to TCP port 3389 (RDP);Software and Configuration Checks/AWS Security Best Practices/Network Reachability | Software and Configuration Checks/Industry and Regulatory Standards/AWS Foundational Security Best Practices | Software and Configuration Checks/Industry and Regulatory Standards/CIS AWS Foundations Benchmark | TTPs/Initial Access;PASS;Security group acme-prod-web-sg (sg-0af8ef2d6e3dba258) does not have Microsoft RDP port 3389 open to the Internet.;False;ec2;;high;AwsEc2SecurityGroup;arn:aws:ec2:ap-northeast-2:481665130730:security-group/sg-0af8ef2d6e3dba258;sg-0af8ef2d6e3dba258;acme-prod-web-sg;Environment=prod | Project=acme | Repository=ACME/Assignment_2 | Name=acme-prod-web-sg | ManagedBy=Terraform | Owner=ACME-Team;aws;ap-northeast-2;**EC2 security groups** restrict **inbound RDP** on `TCP 3389` to trusted sources, avoiding Internet-wide (`0.0.0.0/0`, `::/0`) exposure.;"**Internet-exposed RDP** enables brute force and credential stuffing and increases the chance of **remote code execution** via RDP flaws.

Adversaries can gain interactive access, exfiltrate data (**confidentiality**), tamper with systems (**integrity**), and trigger ransomware or service disruption (**availability**).";;"Apply **least privilege**: disallow `0.0.0.0/0` and `::/0` to `3389`; permit only specific IPs or private networks.

Prefer **Session Manager**, VPN, or a hardened bastion with MFA and just-in-time access. Use private subnets and add **defense in depth** with network controls and monitoring.";https://hub.prowler.com/check/ec2_securitygroup_allow_ingress_from_internet_to_tcp_port_3389;"```yaml
# CloudFormation: restrict RDP (3389) from the Internet
Resources:
  <example_resource_name>:
    Type: AWS::EC2::SecurityGroup
    Properties:
      GroupDescription: Restrict RDP
      VpcId: vpc-<example_resource_id>
      SecurityGroupIngress:
        - IpProtocol: tcp
          FromPort: 3389
          ToPort: 3389
          CidrIp: 10.0.0.0/8  # FIX: not 0.0.0.0/0; limits RDP to internal range, closing Internet access
```";"```hcl
# Restrict RDP (3389) from the Internet
resource ""aws_security_group"" ""<example_resource_name>"" {
  vpc_id = ""<example_resource_id>""

  ingress {
    from_port   = 3389
    to_port     = 3389
    protocol    = ""tcp""
    cidr_blocks = [""10.0.0.0/8""] # FIX: not 0.0.0.0/0; restricts RDP to internal range
  }
}
```";aws ec2 revoke-security-group-ingress --group-id <SECURITY_GROUP_ID> --protocol tcp --port 3389 --cidr 0.0.0.0/0;"1. In AWS Console, go to EC2 > Security Groups
2. Select the security group attached to the instance
3. In the Inbound rules tab, click Edit inbound rules
4. Find any rule with Type RDP (TCP 3389) and Source 0.0.0.0/0 or ::/0
5. Delete the rule or change Source to a specific trusted CIDR (e.g., your office IP)
6. Click Save rules";ISO27001-2013: A.12.6.B, A.13.1.B | ProwlerThreatScore-1.0: 2.1.4, 2.1.7 | KISA-ISMS-P-2023: 2.6.1, 2.6.2, 2.6.6, 2.10.2 | NIST-CSF-2.0: ac_3, ac_5 | KISA-ISMS-P-2023-korean: 2.6.1, 2.6.2, 2.6.6, 2.10.2 | CIS-5.0: 5.3, 5.4 | CIS-6.0: 6.3, 6.4 | AWS-Foundational-Technical-Review: NETSEC-001 | SOC2: cc_6_6 | CIS-3.0: 5.2, 5.3 | AWS-Well-Architected-Framework-Security-Pillar: SEC05-BP03 | SecNumCloud-3.2: 13.2 | AWS-Audit-Manager-Control-Tower-Guardrails: 2.0.1 | C5-2025: PI-01.01AC | RBI-Cyber-Security-Framework: annex_i_1_3 | CIS-1.5: 5.2, 5.3 | CIS-1.4: 5.2 | CIS-2.0: 5.2, 5.3 | ISO27001-2022: A.8.20, A.8.21, A.8.22 | CSA-CCM-4.0: IVS-03 | CIS-4.0.1: 5.3, 5.4 | MITRE-ATTACK: T1199, T1048, T1499, T1498, T1046 | AWS-Foundational-Security-Best-Practices: EC2.14;internet-exposed;;;;5.27.0;https://docs.aws.amazon.com/vpc/latest/userguide/VPC_SecurityGroups.html | https://www.trendmicro.com/trendaivisiononecloudriskmanagement/knowledge-base/aws/EC2/unrestricted-rdp-access.html;;
profile: default;2026-05-18 12:36:20.224133;481665130730;;;;;;prowler-aws-ec2_securitygroup_allow_ingress_from_internet_to_tcp_port_3389-481665130730-ap-northeast-2-sg-018446cf6b80a5cea;aws;ec2_securitygroup_allow_ingress_from_internet_to_tcp_port_3389;Security group does not allow ingress from the Internet to TCP port 3389 (RDP);Software and Configuration Checks/AWS Security Best Practices/Network Reachability | Software and Configuration Checks/Industry and Regulatory Standards/AWS Foundational Security Best Practices | Software and Configuration Checks/Industry and Regulatory Standards/CIS AWS Foundations Benchmark | TTPs/Initial Access;PASS;Security group acme-prod-alb-sg (sg-018446cf6b80a5cea) does not have Microsoft RDP port 3389 open to the Internet.;False;ec2;;high;AwsEc2SecurityGroup;arn:aws:ec2:ap-northeast-2:481665130730:security-group/sg-018446cf6b80a5cea;sg-018446cf6b80a5cea;acme-prod-alb-sg;Environment=prod | Project=acme | Repository=ACME/Assignment_2 | Name=acme-prod-alb-sg | ManagedBy=Terraform | Owner=ACME-Team;aws;ap-northeast-2;**EC2 security groups** restrict **inbound RDP** on `TCP 3389` to trusted sources, avoiding Internet-wide (`0.0.0.0/0`, `::/0`) exposure.;"**Internet-exposed RDP** enables brute force and credential stuffing and increases the chance of **remote code execution** via RDP flaws.

Adversaries can gain interactive access, exfiltrate data (**confidentiality**), tamper with systems (**integrity**), and trigger ransomware or service disruption (**availability**).";;"Apply **least privilege**: disallow `0.0.0.0/0` and `::/0` to `3389`; permit only specific IPs or private networks.

Prefer **Session Manager**, VPN, or a hardened bastion with MFA and just-in-time access. Use private subnets and add **defense in depth** with network controls and monitoring.";https://hub.prowler.com/check/ec2_securitygroup_allow_ingress_from_internet_to_tcp_port_3389;"```yaml
# CloudFormation: restrict RDP (3389) from the Internet
Resources:
  <example_resource_name>:
    Type: AWS::EC2::SecurityGroup
    Properties:
      GroupDescription: Restrict RDP
      VpcId: vpc-<example_resource_id>
      SecurityGroupIngress:
        - IpProtocol: tcp
          FromPort: 3389
          ToPort: 3389
          CidrIp: 10.0.0.0/8  # FIX: not 0.0.0.0/0; limits RDP to internal range, closing Internet access
```";"```hcl
# Restrict RDP (3389) from the Internet
resource ""aws_security_group"" ""<example_resource_name>"" {
  vpc_id = ""<example_resource_id>""

  ingress {
    from_port   = 3389
    to_port     = 3389
    protocol    = ""tcp""
    cidr_blocks = [""10.0.0.0/8""] # FIX: not 0.0.0.0/0; restricts RDP to internal range
  }
}
```";aws ec2 revoke-security-group-ingress --group-id <SECURITY_GROUP_ID> --protocol tcp --port 3389 --cidr 0.0.0.0/0;"1. In AWS Console, go to EC2 > Security Groups
2. Select the security group attached to the instance
3. In the Inbound rules tab, click Edit inbound rules
4. Find any rule with Type RDP (TCP 3389) and Source 0.0.0.0/0 or ::/0
5. Delete the rule or change Source to a specific trusted CIDR (e.g., your office IP)
6. Click Save rules";ISO27001-2013: A.12.6.B, A.13.1.B | ProwlerThreatScore-1.0: 2.1.4, 2.1.7 | KISA-ISMS-P-2023: 2.6.1, 2.6.2, 2.6.6, 2.10.2 | NIST-CSF-2.0: ac_3, ac_5 | KISA-ISMS-P-2023-korean: 2.6.1, 2.6.2, 2.6.6, 2.10.2 | CIS-5.0: 5.3, 5.4 | CIS-6.0: 6.3, 6.4 | AWS-Foundational-Technical-Review: NETSEC-001 | SOC2: cc_6_6 | CIS-3.0: 5.2, 5.3 | AWS-Well-Architected-Framework-Security-Pillar: SEC05-BP03 | SecNumCloud-3.2: 13.2 | AWS-Audit-Manager-Control-Tower-Guardrails: 2.0.1 | C5-2025: PI-01.01AC | RBI-Cyber-Security-Framework: annex_i_1_3 | CIS-1.5: 5.2, 5.3 | CIS-1.4: 5.2 | CIS-2.0: 5.2, 5.3 | ISO27001-2022: A.8.20, A.8.21, A.8.22 | CSA-CCM-4.0: IVS-03 | CIS-4.0.1: 5.3, 5.4 | MITRE-ATTACK: T1199, T1048, T1499, T1498, T1046 | AWS-Foundational-Security-Best-Practices: EC2.14;internet-exposed;;;;5.27.0;https://docs.aws.amazon.com/vpc/latest/userguide/VPC_SecurityGroups.html | https://www.trendmicro.com/trendaivisiononecloudriskmanagement/knowledge-base/aws/EC2/unrestricted-rdp-access.html;;
profile: default;2026-05-18 12:36:20.224133;481665130730;;;;;;prowler-aws-ec2_securitygroup_allow_ingress_from_internet_to_tcp_port_cassandra_7199_9160_8888-481665130730-ap-northeast-2-sg-079f24a1b34315c3c;aws;ec2_securitygroup_allow_ingress_from_internet_to_tcp_port_cassandra_7199_9160_8888;Security group does not allow ingress from 0.0.0.0/0 or ::/0 to Cassandra TCP ports 7199, 9160, or 8888;Software and Configuration Checks/AWS Security Best Practices/Network Reachability | Software and Configuration Checks/Industry and Regulatory Standards/AWS Foundational Security Best Practices | TTPs/Initial Access/Unauthorized Access | Effects/Data Exposure;PASS;Security group acme-prod-db-sg (sg-079f24a1b34315c3c) does not have Casandra ports 7199, 8888 and 9160 open to the Internet.;False;ec2;;high;AwsEc2SecurityGroup;arn:aws:ec2:ap-northeast-2:481665130730:security-group/sg-079f24a1b34315c3c;sg-079f24a1b34315c3c;acme-prod-db-sg;ManagedBy=Terraform | Environment=prod | Project=acme | Repository=ACME/Assignment_2 | Name=acme-prod-db-sg | Owner=ACME-Team;aws;ap-northeast-2;"**EC2 security groups** are evaluated for inbound rules that allow the Internet (`0.0.0.0/0` or `::/0`) to reach **Cassandra ports** `7199`, `9160`, or `8888`.

Focuses on `tcp` rules that expose these ports to public sources.";"Exposed **Cassandra interfaces** (`7199` JMX, `9160` Thrift, `8888` tools) enable:
- Unauthorized reads of data/metrics (confidentiality)
- Schema and cluster changes (integrity)
- Remote operations causing outages (availability)

Public reachability also increases brute-force and exploit attempts.";;"Restrict **ingress** on `7199`, `9160`, `8888` to trusted sources:
- Enforce **least privilege** allow-lists; avoid `0.0.0.0/0` and `::/0`
- Place nodes in private subnets; use VPN or a bastion for admin
- Prefer strong auth and *mTLS*; bind management to internal interfaces
- Apply **defense in depth** with segmentation (north-south and east-west)";https://hub.prowler.com/check/ec2_securitygroup_allow_ingress_from_internet_to_tcp_port_cassandra_7199_9160_8888;"```yaml
# CloudFormation: restrict Cassandra ports from Internet
Resources:
  <example_resource_name>:
    Type: AWS::EC2::SecurityGroup
    Properties:
      GroupDescription: Restrict Cassandra ports
      VpcId: <example_resource_id>
      SecurityGroupIngress:
        - IpProtocol: tcp
          FromPort: 7199
          ToPort: 7199
          CidrIp: 10.0.0.0/16  # Critical: not 0.0.0.0/0; restricts IPv4 source
        - IpProtocol: tcp
          FromPort: 9160
          ToPort: 9160
          CidrIp: 10.0.0.0/16  # Critical: not 0.0.0.0/0; restricts IPv4 source
        - IpProtocol: tcp
          FromPort: 8888
          ToPort: 8888
          CidrIp: 10.0.0.0/16  # Critical: not 0.0.0.0/0; restricts IPv4 source
```";"```hcl
# Restrict Cassandra ports from Internet
resource ""aws_security_group"" ""example"" {
  name   = ""<example_resource_name>""
  vpc_id = ""<example_resource_id>""

  ingress {
    from_port   = 7199
    to_port     = 7199
    protocol    = ""tcp""
    cidr_blocks = [""10.0.0.0/16""]  # Critical: not 0.0.0.0/0; restricts IPv4 source
  }
  ingress {
    from_port   = 9160
    to_port     = 9160
    protocol    = ""tcp""
    cidr_blocks = [""10.0.0.0/16""]  # Critical: not 0.0.0.0/0; restricts IPv4 source
  }
  ingress {
    from_port   = 8888
    to_port     = 8888
    protocol    = ""tcp""
    cidr_blocks = [""10.0.0.0/16""]  # Critical: not 0.0.0.0/0; restricts IPv4 source
  }
}
```";aws ec2 revoke-security-group-ingress --group-id <SECURITY_GROUP_ID> --ip-permissions IpProtocol=tcp,FromPort=7199,ToPort=7199,IpRanges='[{CidrIp=0.0.0.0/0}]',Ipv6Ranges='[{CidrIpv6=::/0}]' IpProtocol=tcp,FromPort=9160,ToPort=9160,IpRanges='[{CidrIp=0.0.0.0/0}]',Ipv6Ranges='[{CidrIpv6=::/0}]' IpProtocol=tcp,FromPort=8888,ToPort=8888,IpRanges='[{CidrIp=0.0.0.0/0}]',Ipv6Ranges='[{CidrIpv6=::/0}]';"1. In AWS Console, go to EC2 > Security Groups
2. Select the security group attached to the instance
3. In Inbound rules, delete any rule allowing TCP 7199, 9160, or 8888 from 0.0.0.0/0 or ::/0
4. If needed, add new rules for these ports limited to specific trusted CIDR(s)
5. Save rules";ProwlerThreatScore-1.0: 2.1.7 | KISA-ISMS-P-2023: 2.6.1, 2.6.4, 2.10.2 | KISA-ISMS-P-2023-korean: 2.6.1, 2.6.4, 2.10.2 | AWS-Foundational-Technical-Review: NETSEC-001 | SOC2: cc_6_6 | AWS-Well-Architected-Framework-Security-Pillar: SEC05-BP03 | C5-2025: PI-01.01AC | ISO27001-2022: A.8.20, A.8.21, A.8.22 | MITRE-ATTACK: T1199, T1048, T1499, T1498, T1046;internet-exposed;;;;5.27.0;https://docs.aws.amazon.com/vpc/latest/userguide/VPC_SecurityGroups.html | https://support.icompaas.com/support/solutions/articles/62000127020-ensure-security-groups-do-not-allow-unrestricted-ingress-access-to-cassandra-ports-7199-or-9160-or-88;;
profile: default;2026-05-18 12:36:20.224133;481665130730;;;;;;prowler-aws-ec2_securitygroup_allow_ingress_from_internet_to_tcp_port_cassandra_7199_9160_8888-481665130730-ap-northeast-2-sg-0af8ef2d6e3dba258;aws;ec2_securitygroup_allow_ingress_from_internet_to_tcp_port_cassandra_7199_9160_8888;Security group does not allow ingress from 0.0.0.0/0 or ::/0 to Cassandra TCP ports 7199, 9160, or 8888;Software and Configuration Checks/AWS Security Best Practices/Network Reachability | Software and Configuration Checks/Industry and Regulatory Standards/AWS Foundational Security Best Practices | TTPs/Initial Access/Unauthorized Access | Effects/Data Exposure;PASS;Security group acme-prod-web-sg (sg-0af8ef2d6e3dba258) does not have Casandra ports 7199, 8888 and 9160 open to the Internet.;False;ec2;;high;AwsEc2SecurityGroup;arn:aws:ec2:ap-northeast-2:481665130730:security-group/sg-0af8ef2d6e3dba258;sg-0af8ef2d6e3dba258;acme-prod-web-sg;Environment=prod | Project=acme | Repository=ACME/Assignment_2 | Name=acme-prod-web-sg | ManagedBy=Terraform | Owner=ACME-Team;aws;ap-northeast-2;"**EC2 security groups** are evaluated for inbound rules that allow the Internet (`0.0.0.0/0` or `::/0`) to reach **Cassandra ports** `7199`, `9160`, or `8888`.

Focuses on `tcp` rules that expose these ports to public sources.";"Exposed **Cassandra interfaces** (`7199` JMX, `9160` Thrift, `8888` tools) enable:
- Unauthorized reads of data/metrics (confidentiality)
- Schema and cluster changes (integrity)
- Remote operations causing outages (availability)

Public reachability also increases brute-force and exploit attempts.";;"Restrict **ingress** on `7199`, `9160`, `8888` to trusted sources:
- Enforce **least privilege** allow-lists; avoid `0.0.0.0/0` and `::/0`
- Place nodes in private subnets; use VPN or a bastion for admin
- Prefer strong auth and *mTLS*; bind management to internal interfaces
- Apply **defense in depth** with segmentation (north-south and east-west)";https://hub.prowler.com/check/ec2_securitygroup_allow_ingress_from_internet_to_tcp_port_cassandra_7199_9160_8888;"```yaml
# CloudFormation: restrict Cassandra ports from Internet
Resources:
  <example_resource_name>:
    Type: AWS::EC2::SecurityGroup
    Properties:
      GroupDescription: Restrict Cassandra ports
      VpcId: <example_resource_id>
      SecurityGroupIngress:
        - IpProtocol: tcp
          FromPort: 7199
          ToPort: 7199
          CidrIp: 10.0.0.0/16  # Critical: not 0.0.0.0/0; restricts IPv4 source
        - IpProtocol: tcp
          FromPort: 9160
          ToPort: 9160
          CidrIp: 10.0.0.0/16  # Critical: not 0.0.0.0/0; restricts IPv4 source
        - IpProtocol: tcp
          FromPort: 8888
          ToPort: 8888
          CidrIp: 10.0.0.0/16  # Critical: not 0.0.0.0/0; restricts IPv4 source
```";"```hcl
# Restrict Cassandra ports from Internet
resource ""aws_security_group"" ""example"" {
  name   = ""<example_resource_name>""
  vpc_id = ""<example_resource_id>""

  ingress {
    from_port   = 7199
    to_port     = 7199
    protocol    = ""tcp""
    cidr_blocks = [""10.0.0.0/16""]  # Critical: not 0.0.0.0/0; restricts IPv4 source
  }
  ingress {
    from_port   = 9160
    to_port     = 9160
    protocol    = ""tcp""
    cidr_blocks = [""10.0.0.0/16""]  # Critical: not 0.0.0.0/0; restricts IPv4 source
  }
  ingress {
    from_port   = 8888
    to_port     = 8888
    protocol    = ""tcp""
    cidr_blocks = [""10.0.0.0/16""]  # Critical: not 0.0.0.0/0; restricts IPv4 source
  }
}
```";aws ec2 revoke-security-group-ingress --group-id <SECURITY_GROUP_ID> --ip-permissions IpProtocol=tcp,FromPort=7199,ToPort=7199,IpRanges='[{CidrIp=0.0.0.0/0}]',Ipv6Ranges='[{CidrIpv6=::/0}]' IpProtocol=tcp,FromPort=9160,ToPort=9160,IpRanges='[{CidrIp=0.0.0.0/0}]',Ipv6Ranges='[{CidrIpv6=::/0}]' IpProtocol=tcp,FromPort=8888,ToPort=8888,IpRanges='[{CidrIp=0.0.0.0/0}]',Ipv6Ranges='[{CidrIpv6=::/0}]';"1. In AWS Console, go to EC2 > Security Groups
2. Select the security group attached to the instance
3. In Inbound rules, delete any rule allowing TCP 7199, 9160, or 8888 from 0.0.0.0/0 or ::/0
4. If needed, add new rules for these ports limited to specific trusted CIDR(s)
5. Save rules";ProwlerThreatScore-1.0: 2.1.7 | KISA-ISMS-P-2023: 2.6.1, 2.6.4, 2.10.2 | KISA-ISMS-P-2023-korean: 2.6.1, 2.6.4, 2.10.2 | AWS-Foundational-Technical-Review: NETSEC-001 | SOC2: cc_6_6 | AWS-Well-Architected-Framework-Security-Pillar: SEC05-BP03 | C5-2025: PI-01.01AC | ISO27001-2022: A.8.20, A.8.21, A.8.22 | MITRE-ATTACK: T1199, T1048, T1499, T1498, T1046;internet-exposed;;;;5.27.0;https://docs.aws.amazon.com/vpc/latest/userguide/VPC_SecurityGroups.html | https://support.icompaas.com/support/solutions/articles/62000127020-ensure-security-groups-do-not-allow-unrestricted-ingress-access-to-cassandra-ports-7199-or-9160-or-88;;
profile: default;2026-05-18 12:36:20.224133;481665130730;;;;;;prowler-aws-ec2_securitygroup_allow_ingress_from_internet_to_tcp_port_cassandra_7199_9160_8888-481665130730-ap-northeast-2-sg-018446cf6b80a5cea;aws;ec2_securitygroup_allow_ingress_from_internet_to_tcp_port_cassandra_7199_9160_8888;Security group does not allow ingress from 0.0.0.0/0 or ::/0 to Cassandra TCP ports 7199, 9160, or 8888;Software and Configuration Checks/AWS Security Best Practices/Network Reachability | Software and Configuration Checks/Industry and Regulatory Standards/AWS Foundational Security Best Practices | TTPs/Initial Access/Unauthorized Access | Effects/Data Exposure;PASS;Security group acme-prod-alb-sg (sg-018446cf6b80a5cea) does not have Casandra ports 7199, 8888 and 9160 open to the Internet.;False;ec2;;high;AwsEc2SecurityGroup;arn:aws:ec2:ap-northeast-2:481665130730:security-group/sg-018446cf6b80a5cea;sg-018446cf6b80a5cea;acme-prod-alb-sg;Environment=prod | Project=acme | Repository=ACME/Assignment_2 | Name=acme-prod-alb-sg | ManagedBy=Terraform | Owner=ACME-Team;aws;ap-northeast-2;"**EC2 security groups** are evaluated for inbound rules that allow the Internet (`0.0.0.0/0` or `::/0`) to reach **Cassandra ports** `7199`, `9160`, or `8888`.

Focuses on `tcp` rules that expose these ports to public sources.";"Exposed **Cassandra interfaces** (`7199` JMX, `9160` Thrift, `8888` tools) enable:
- Unauthorized reads of data/metrics (confidentiality)
- Schema and cluster changes (integrity)
- Remote operations causing outages (availability)

Public reachability also increases brute-force and exploit attempts.";;"Restrict **ingress** on `7199`, `9160`, `8888` to trusted sources:
- Enforce **least privilege** allow-lists; avoid `0.0.0.0/0` and `::/0`
- Place nodes in private subnets; use VPN or a bastion for admin
- Prefer strong auth and *mTLS*; bind management to internal interfaces
- Apply **defense in depth** with segmentation (north-south and east-west)";https://hub.prowler.com/check/ec2_securitygroup_allow_ingress_from_internet_to_tcp_port_cassandra_7199_9160_8888;"```yaml
# CloudFormation: restrict Cassandra ports from Internet
Resources:
  <example_resource_name>:
    Type: AWS::EC2::SecurityGroup
    Properties:
      GroupDescription: Restrict Cassandra ports
      VpcId: <example_resource_id>
      SecurityGroupIngress:
        - IpProtocol: tcp
          FromPort: 7199
          ToPort: 7199
          CidrIp: 10.0.0.0/16  # Critical: not 0.0.0.0/0; restricts IPv4 source
        - IpProtocol: tcp
          FromPort: 9160
          ToPort: 9160
          CidrIp: 10.0.0.0/16  # Critical: not 0.0.0.0/0; restricts IPv4 source
        - IpProtocol: tcp
          FromPort: 8888
          ToPort: 8888
          CidrIp: 10.0.0.0/16  # Critical: not 0.0.0.0/0; restricts IPv4 source
```";"```hcl
# Restrict Cassandra ports from Internet
resource ""aws_security_group"" ""example"" {
  name   = ""<example_resource_name>""
  vpc_id = ""<example_resource_id>""

  ingress {
    from_port   = 7199
    to_port     = 7199
    protocol    = ""tcp""
    cidr_blocks = [""10.0.0.0/16""]  # Critical: not 0.0.0.0/0; restricts IPv4 source
  }
  ingress {
    from_port   = 9160
    to_port     = 9160
    protocol    = ""tcp""
    cidr_blocks = [""10.0.0.0/16""]  # Critical: not 0.0.0.0/0; restricts IPv4 source
  }
  ingress {
    from_port   = 8888
    to_port     = 8888
    protocol    = ""tcp""
    cidr_blocks = [""10.0.0.0/16""]  # Critical: not 0.0.0.0/0; restricts IPv4 source
  }
}
```";aws ec2 revoke-security-group-ingress --group-id <SECURITY_GROUP_ID> --ip-permissions IpProtocol=tcp,FromPort=7199,ToPort=7199,IpRanges='[{CidrIp=0.0.0.0/0}]',Ipv6Ranges='[{CidrIpv6=::/0}]' IpProtocol=tcp,FromPort=9160,ToPort=9160,IpRanges='[{CidrIp=0.0.0.0/0}]',Ipv6Ranges='[{CidrIpv6=::/0}]' IpProtocol=tcp,FromPort=8888,ToPort=8888,IpRanges='[{CidrIp=0.0.0.0/0}]',Ipv6Ranges='[{CidrIpv6=::/0}]';"1. In AWS Console, go to EC2 > Security Groups
2. Select the security group attached to the instance
3. In Inbound rules, delete any rule allowing TCP 7199, 9160, or 8888 from 0.0.0.0/0 or ::/0
4. If needed, add new rules for these ports limited to specific trusted CIDR(s)
5. Save rules";ProwlerThreatScore-1.0: 2.1.7 | KISA-ISMS-P-2023: 2.6.1, 2.6.4, 2.10.2 | KISA-ISMS-P-2023-korean: 2.6.1, 2.6.4, 2.10.2 | AWS-Foundational-Technical-Review: NETSEC-001 | SOC2: cc_6_6 | AWS-Well-Architected-Framework-Security-Pillar: SEC05-BP03 | C5-2025: PI-01.01AC | ISO27001-2022: A.8.20, A.8.21, A.8.22 | MITRE-ATTACK: T1199, T1048, T1499, T1498, T1046;internet-exposed;;;;5.27.0;https://docs.aws.amazon.com/vpc/latest/userguide/VPC_SecurityGroups.html | https://support.icompaas.com/support/solutions/articles/62000127020-ensure-security-groups-do-not-allow-unrestricted-ingress-access-to-cassandra-ports-7199-or-9160-or-88;;
profile: default;2026-05-18 12:36:20.224133;481665130730;;;;;;prowler-aws-ec2_securitygroup_allow_ingress_from_internet_to_tcp_port_elasticsearch_kibana_9200_9300_5601-481665130730-ap-northeast-2-sg-079f24a1b34315c3c;aws;ec2_securitygroup_allow_ingress_from_internet_to_tcp_port_elasticsearch_kibana_9200_9300_5601;Security group does not allow ingress from 0.0.0.0/0 or ::/0 to Elasticsearch/Kibana TCP ports 9200, 9300, and 5601;Software and Configuration Checks/AWS Security Best Practices/Network Reachability | Software and Configuration Checks/Industry and Regulatory Standards/AWS Foundational Security Best Practices | TTPs/Initial Access;PASS;Security group acme-prod-db-sg (sg-079f24a1b34315c3c) does not have Elasticsearch/Kibana ports 9200, 9300 and 5601 open to the Internet.;False;ec2;;high;AwsEc2SecurityGroup;arn:aws:ec2:ap-northeast-2:481665130730:security-group/sg-079f24a1b34315c3c;sg-079f24a1b34315c3c;acme-prod-db-sg;ManagedBy=Terraform | Environment=prod | Project=acme | Repository=ACME/Assignment_2 | Name=acme-prod-db-sg | Owner=ACME-Team;aws;ap-northeast-2;**EC2 security groups** restrict public ingress to Elasticsearch/Kibana ports `9200`, `9300`, and `5601`, denying sources `0.0.0.0/0` and `::/0`;"Open Elasticsearch/Kibana ports to the Internet erode CIA:
- Confidentiality: unauthorized queries and data exfiltration
- Integrity: index tampering/deletion, cluster control via `9300`
- Availability: API abuse, exploit-based outages, and Kibana `5601` brute-force";;"Limit ingress to `9200`, `9300`, and `5601` to trusted CIDRs or private connectivity; never allow `0.0.0.0/0` or `::/0`. Prefer **private access** via VPN, bastion, or private endpoints. Apply **least privilege**, network segmentation, and **defense in depth** (NACLs/WAF). Require strong auth and TLS on Elasticsearch/Kibana.";https://hub.prowler.com/check/ec2_securitygroup_allow_ingress_from_internet_to_tcp_port_elasticsearch_kibana_9200_9300_5601;"```yaml
# CloudFormation: restrict Elasticsearch/Kibana ports from Internet
Resources:
  <example_resource_name>:
    Type: AWS::EC2::SecurityGroup
    Properties:
      GroupDescription: Block Internet access to 9200, 9300, 5601
      VpcId: vpc-<example_resource_id>
      SecurityGroupIngress:
        - IpProtocol: tcp
          FromPort: 9200
          ToPort: 9200
          CidrIp: 10.0.0.0/8  # CRITICAL: not 0.0.0.0/0 or ::/0; restricts 9200 to trusted CIDR
        - IpProtocol: tcp
          FromPort: 9300
          ToPort: 9300
          CidrIp: 10.0.0.0/8  # CRITICAL: restricts 9300 from Internet
        - IpProtocol: tcp
          FromPort: 5601
          ToPort: 5601
          CidrIp: 10.0.0.0/8  # CRITICAL: restricts 5601 (Kibana) from Internet
```";"```hcl
resource ""aws_security_group"" ""<example_resource_name>"" {
  name   = ""<example_resource_name>""
  vpc_id = ""<example_resource_id>""

  # CRITICAL: Do not use 0.0.0.0/0 or ::/0; restrict these ports to trusted CIDRs
  ingress {
    from_port   = 9200
    to_port     = 9200
    protocol    = ""tcp""
    cidr_blocks = [""10.0.0.0/8""]  # CRITICAL: restricts 9200 from Internet
  }
  ingress {
    from_port   = 9300
    to_port     = 9300
    protocol    = ""tcp""
    cidr_blocks = [""10.0.0.0/8""]  # CRITICAL: restricts 9300 from Internet
  }
  ingress {
    from_port   = 5601
    to_port     = 5601
    protocol    = ""tcp""
    cidr_blocks = [""10.0.0.0/8""]  # CRITICAL: restricts 5601 (Kibana) from Internet
  }
}
```";"aws ec2 revoke-security-group-ingress --group-id <SECURITY_GROUP_ID> --ip-permissions '[{""IpProtocol"":""tcp"",""FromPort"":9200,""ToPort"":9200,""IpRanges"":[{""CidrIp"":""0.0.0.0/0""}],""Ipv6Ranges"":[{""CidrIpv6"":""::/0""}]},{""IpProtocol"":""tcp"",""FromPort"":9300,""ToPort"":9300,""IpRanges"":[{""CidrIp"":""0.0.0.0/0""}],""Ipv6Ranges"":[{""CidrIpv6"":""::/0""}]},{""IpProtocol"":""tcp"",""FromPort"":5601,""ToPort"":5601,""IpRanges"":[{""CidrIp"":""0.0.0.0/0""}],""Ipv6Ranges"":[{""CidrIpv6"":""::/0""}]}]'";"1. Open the AWS Console and go to VPC > Security Groups
2. Select the affected security group
3. Choose Inbound rules > Edit inbound rules
4. For ports 9200, 9300, and 5601, remove any rule with Source 0.0.0.0/0 or ::/0
5. If access is required, add rules for only trusted CIDR(s) instead
6. Save rules";ProwlerThreatScore-1.0: 2.1.7 | KISA-ISMS-P-2023: 2.6.1, 2.6.2, 2.10.2 | NIST-CSF-2.0: ac_5 | KISA-ISMS-P-2023-korean: 2.6.1, 2.6.2, 2.10.2 | AWS-Foundational-Technical-Review: NETSEC-001 | SOC2: cc_6_6 | AWS-Well-Architected-Framework-Security-Pillar: SEC05-BP03 | C5-2025: PI-01.01AC | ISO27001-2022: A.8.20, A.8.21, A.8.22 | MITRE-ATTACK: T1199, T1048, T1499, T1498, T1046;internet-exposed;;;;5.27.0;https://docs.aws.amazon.com/vpc/latest/userguide/VPC_SecurityGroups.html | https://support.icompaas.com/support/solutions/articles/62000233821-ensure-no-ec2-instances-allow-ingress-from-the-internet-to-elasticsearch-and-kibana-ports-tcp-9200-;;
profile: default;2026-05-18 12:36:20.224133;481665130730;;;;;;prowler-aws-ec2_securitygroup_allow_ingress_from_internet_to_tcp_port_elasticsearch_kibana_9200_9300_5601-481665130730-ap-northeast-2-sg-0af8ef2d6e3dba258;aws;ec2_securitygroup_allow_ingress_from_internet_to_tcp_port_elasticsearch_kibana_9200_9300_5601;Security group does not allow ingress from 0.0.0.0/0 or ::/0 to Elasticsearch/Kibana TCP ports 9200, 9300, and 5601;Software and Configuration Checks/AWS Security Best Practices/Network Reachability | Software and Configuration Checks/Industry and Regulatory Standards/AWS Foundational Security Best Practices | TTPs/Initial Access;PASS;Security group acme-prod-web-sg (sg-0af8ef2d6e3dba258) does not have Elasticsearch/Kibana ports 9200, 9300 and 5601 open to the Internet.;False;ec2;;high;AwsEc2SecurityGroup;arn:aws:ec2:ap-northeast-2:481665130730:security-group/sg-0af8ef2d6e3dba258;sg-0af8ef2d6e3dba258;acme-prod-web-sg;Environment=prod | Project=acme | Repository=ACME/Assignment_2 | Name=acme-prod-web-sg | ManagedBy=Terraform | Owner=ACME-Team;aws;ap-northeast-2;**EC2 security groups** restrict public ingress to Elasticsearch/Kibana ports `9200`, `9300`, and `5601`, denying sources `0.0.0.0/0` and `::/0`;"Open Elasticsearch/Kibana ports to the Internet erode CIA:
- Confidentiality: unauthorized queries and data exfiltration
- Integrity: index tampering/deletion, cluster control via `9300`
- Availability: API abuse, exploit-based outages, and Kibana `5601` brute-force";;"Limit ingress to `9200`, `9300`, and `5601` to trusted CIDRs or private connectivity; never allow `0.0.0.0/0` or `::/0`. Prefer **private access** via VPN, bastion, or private endpoints. Apply **least privilege**, network segmentation, and **defense in depth** (NACLs/WAF). Require strong auth and TLS on Elasticsearch/Kibana.";https://hub.prowler.com/check/ec2_securitygroup_allow_ingress_from_internet_to_tcp_port_elasticsearch_kibana_9200_9300_5601;"```yaml
# CloudFormation: restrict Elasticsearch/Kibana ports from Internet
Resources:
  <example_resource_name>:
    Type: AWS::EC2::SecurityGroup
    Properties:
      GroupDescription: Block Internet access to 9200, 9300, 5601
      VpcId: vpc-<example_resource_id>
      SecurityGroupIngress:
        - IpProtocol: tcp
          FromPort: 9200
          ToPort: 9200
          CidrIp: 10.0.0.0/8  # CRITICAL: not 0.0.0.0/0 or ::/0; restricts 9200 to trusted CIDR
        - IpProtocol: tcp
          FromPort: 9300
          ToPort: 9300
          CidrIp: 10.0.0.0/8  # CRITICAL: restricts 9300 from Internet
        - IpProtocol: tcp
          FromPort: 5601
          ToPort: 5601
          CidrIp: 10.0.0.0/8  # CRITICAL: restricts 5601 (Kibana) from Internet
```";"```hcl
resource ""aws_security_group"" ""<example_resource_name>"" {
  name   = ""<example_resource_name>""
  vpc_id = ""<example_resource_id>""

  # CRITICAL: Do not use 0.0.0.0/0 or ::/0; restrict these ports to trusted CIDRs
  ingress {
    from_port   = 9200
    to_port     = 9200
    protocol    = ""tcp""
    cidr_blocks = [""10.0.0.0/8""]  # CRITICAL: restricts 9200 from Internet
  }
  ingress {
    from_port   = 9300
    to_port     = 9300
    protocol    = ""tcp""
    cidr_blocks = [""10.0.0.0/8""]  # CRITICAL: restricts 9300 from Internet
  }
  ingress {
    from_port   = 5601
    to_port     = 5601
    protocol    = ""tcp""
    cidr_blocks = [""10.0.0.0/8""]  # CRITICAL: restricts 5601 (Kibana) from Internet
  }
}
```";"aws ec2 revoke-security-group-ingress --group-id <SECURITY_GROUP_ID> --ip-permissions '[{""IpProtocol"":""tcp"",""FromPort"":9200,""ToPort"":9200,""IpRanges"":[{""CidrIp"":""0.0.0.0/0""}],""Ipv6Ranges"":[{""CidrIpv6"":""::/0""}]},{""IpProtocol"":""tcp"",""FromPort"":9300,""ToPort"":9300,""IpRanges"":[{""CidrIp"":""0.0.0.0/0""}],""Ipv6Ranges"":[{""CidrIpv6"":""::/0""}]},{""IpProtocol"":""tcp"",""FromPort"":5601,""ToPort"":5601,""IpRanges"":[{""CidrIp"":""0.0.0.0/0""}],""Ipv6Ranges"":[{""CidrIpv6"":""::/0""}]}]'";"1. Open the AWS Console and go to VPC > Security Groups
2. Select the affected security group
3. Choose Inbound rules > Edit inbound rules
4. For ports 9200, 9300, and 5601, remove any rule with Source 0.0.0.0/0 or ::/0
5. If access is required, add rules for only trusted CIDR(s) instead
6. Save rules";ProwlerThreatScore-1.0: 2.1.7 | KISA-ISMS-P-2023: 2.6.1, 2.6.2, 2.10.2 | NIST-CSF-2.0: ac_5 | KISA-ISMS-P-2023-korean: 2.6.1, 2.6.2, 2.10.2 | AWS-Foundational-Technical-Review: NETSEC-001 | SOC2: cc_6_6 | AWS-Well-Architected-Framework-Security-Pillar: SEC05-BP03 | C5-2025: PI-01.01AC | ISO27001-2022: A.8.20, A.8.21, A.8.22 | MITRE-ATTACK: T1199, T1048, T1499, T1498, T1046;internet-exposed;;;;5.27.0;https://docs.aws.amazon.com/vpc/latest/userguide/VPC_SecurityGroups.html | https://support.icompaas.com/support/solutions/articles/62000233821-ensure-no-ec2-instances-allow-ingress-from-the-internet-to-elasticsearch-and-kibana-ports-tcp-9200-;;
profile: default;2026-05-18 12:36:20.224133;481665130730;;;;;;prowler-aws-ec2_securitygroup_allow_ingress_from_internet_to_tcp_port_elasticsearch_kibana_9200_9300_5601-481665130730-ap-northeast-2-sg-018446cf6b80a5cea;aws;ec2_securitygroup_allow_ingress_from_internet_to_tcp_port_elasticsearch_kibana_9200_9300_5601;Security group does not allow ingress from 0.0.0.0/0 or ::/0 to Elasticsearch/Kibana TCP ports 9200, 9300, and 5601;Software and Configuration Checks/AWS Security Best Practices/Network Reachability | Software and Configuration Checks/Industry and Regulatory Standards/AWS Foundational Security Best Practices | TTPs/Initial Access;PASS;Security group acme-prod-alb-sg (sg-018446cf6b80a5cea) does not have Elasticsearch/Kibana ports 9200, 9300 and 5601 open to the Internet.;False;ec2;;high;AwsEc2SecurityGroup;arn:aws:ec2:ap-northeast-2:481665130730:security-group/sg-018446cf6b80a5cea;sg-018446cf6b80a5cea;acme-prod-alb-sg;Environment=prod | Project=acme | Repository=ACME/Assignment_2 | Name=acme-prod-alb-sg | ManagedBy=Terraform | Owner=ACME-Team;aws;ap-northeast-2;**EC2 security groups** restrict public ingress to Elasticsearch/Kibana ports `9200`, `9300`, and `5601`, denying sources `0.0.0.0/0` and `::/0`;"Open Elasticsearch/Kibana ports to the Internet erode CIA:
- Confidentiality: unauthorized queries and data exfiltration
- Integrity: index tampering/deletion, cluster control via `9300`
- Availability: API abuse, exploit-based outages, and Kibana `5601` brute-force";;"Limit ingress to `9200`, `9300`, and `5601` to trusted CIDRs or private connectivity; never allow `0.0.0.0/0` or `::/0`. Prefer **private access** via VPN, bastion, or private endpoints. Apply **least privilege**, network segmentation, and **defense in depth** (NACLs/WAF). Require strong auth and TLS on Elasticsearch/Kibana.";https://hub.prowler.com/check/ec2_securitygroup_allow_ingress_from_internet_to_tcp_port_elasticsearch_kibana_9200_9300_5601;"```yaml
# CloudFormation: restrict Elasticsearch/Kibana ports from Internet
Resources:
  <example_resource_name>:
    Type: AWS::EC2::SecurityGroup
    Properties:
      GroupDescription: Block Internet access to 9200, 9300, 5601
      VpcId: vpc-<example_resource_id>
      SecurityGroupIngress:
        - IpProtocol: tcp
          FromPort: 9200
          ToPort: 9200
          CidrIp: 10.0.0.0/8  # CRITICAL: not 0.0.0.0/0 or ::/0; restricts 9200 to trusted CIDR
        - IpProtocol: tcp
          FromPort: 9300
          ToPort: 9300
          CidrIp: 10.0.0.0/8  # CRITICAL: restricts 9300 from Internet
        - IpProtocol: tcp
          FromPort: 5601
          ToPort: 5601
          CidrIp: 10.0.0.0/8  # CRITICAL: restricts 5601 (Kibana) from Internet
```";"```hcl
resource ""aws_security_group"" ""<example_resource_name>"" {
  name   = ""<example_resource_name>""
  vpc_id = ""<example_resource_id>""

  # CRITICAL: Do not use 0.0.0.0/0 or ::/0; restrict these ports to trusted CIDRs
  ingress {
    from_port   = 9200
    to_port     = 9200
    protocol    = ""tcp""
    cidr_blocks = [""10.0.0.0/8""]  # CRITICAL: restricts 9200 from Internet
  }
  ingress {
    from_port   = 9300
    to_port     = 9300
    protocol    = ""tcp""
    cidr_blocks = [""10.0.0.0/8""]  # CRITICAL: restricts 9300 from Internet
  }
  ingress {
    from_port   = 5601
    to_port     = 5601
    protocol    = ""tcp""
    cidr_blocks = [""10.0.0.0/8""]  # CRITICAL: restricts 5601 (Kibana) from Internet
  }
}
```";"aws ec2 revoke-security-group-ingress --group-id <SECURITY_GROUP_ID> --ip-permissions '[{""IpProtocol"":""tcp"",""FromPort"":9200,""ToPort"":9200,""IpRanges"":[{""CidrIp"":""0.0.0.0/0""}],""Ipv6Ranges"":[{""CidrIpv6"":""::/0""}]},{""IpProtocol"":""tcp"",""FromPort"":9300,""ToPort"":9300,""IpRanges"":[{""CidrIp"":""0.0.0.0/0""}],""Ipv6Ranges"":[{""CidrIpv6"":""::/0""}]},{""IpProtocol"":""tcp"",""FromPort"":5601,""ToPort"":5601,""IpRanges"":[{""CidrIp"":""0.0.0.0/0""}],""Ipv6Ranges"":[{""CidrIpv6"":""::/0""}]}]'";"1. Open the AWS Console and go to VPC > Security Groups
2. Select the affected security group
3. Choose Inbound rules > Edit inbound rules
4. For ports 9200, 9300, and 5601, remove any rule with Source 0.0.0.0/0 or ::/0
5. If access is required, add rules for only trusted CIDR(s) instead
6. Save rules";ProwlerThreatScore-1.0: 2.1.7 | KISA-ISMS-P-2023: 2.6.1, 2.6.2, 2.10.2 | NIST-CSF-2.0: ac_5 | KISA-ISMS-P-2023-korean: 2.6.1, 2.6.2, 2.10.2 | AWS-Foundational-Technical-Review: NETSEC-001 | SOC2: cc_6_6 | AWS-Well-Architected-Framework-Security-Pillar: SEC05-BP03 | C5-2025: PI-01.01AC | ISO27001-2022: A.8.20, A.8.21, A.8.22 | MITRE-ATTACK: T1199, T1048, T1499, T1498, T1046;internet-exposed;;;;5.27.0;https://docs.aws.amazon.com/vpc/latest/userguide/VPC_SecurityGroups.html | https://support.icompaas.com/support/solutions/articles/62000233821-ensure-no-ec2-instances-allow-ingress-from-the-internet-to-elasticsearch-and-kibana-ports-tcp-9200-;;
profile: default;2026-05-18 12:36:20.224133;481665130730;;;;;;prowler-aws-ec2_securitygroup_allow_ingress_from_internet_to_tcp_port_ftp_20_21-481665130730-ap-northeast-2-sg-079f24a1b34315c3c;aws;ec2_securitygroup_allow_ingress_from_internet_to_tcp_port_ftp_20_21;Security group does not allow ingress from 0.0.0.0/0 or ::/0 to FTP ports 20 or 21;Software and Configuration Checks/AWS Security Best Practices/Network Reachability | TTPs/Initial Access;PASS;Security group acme-prod-db-sg (sg-079f24a1b34315c3c) does not have FTP ports 20 and 21 open to the Internet.;False;ec2;;high;AwsEc2SecurityGroup;arn:aws:ec2:ap-northeast-2:481665130730:security-group/sg-079f24a1b34315c3c;sg-079f24a1b34315c3c;acme-prod-db-sg;ManagedBy=Terraform | Environment=prod | Project=acme | Repository=ACME/Assignment_2 | Name=acme-prod-db-sg | Owner=ACME-Team;aws;ap-northeast-2;EC2 security groups are evaluated for Internet-exposed **FTP**: any inbound rule allowing `tcp` ports `20` or `21` from `0.0.0.0/0` or `::/0`.;"Exposed FTP weakens CIA:
- Confidentiality: cleartext credentials/files enable interception and brute force.
- Integrity: unauthorized uploads or tampering enable malware staging.
- Availability: mass scans and login attempts can exhaust resources and disrupt services.";;"Apply **least privilege** and **defense in depth**:
- Remove `0.0.0.0/0` and `::/0` to `20`/`21`; allow only trusted IPs or private access (VPN/peering).
- Prefer **SFTP/FTPS** or HTTPS; disable anonymous FTP.
- Segment transfer hosts, monitor access, and enforce rate limits and strong authentication.";https://hub.prowler.com/check/ec2_securitygroup_allow_ingress_from_internet_to_tcp_port_ftp_20_21;"```yaml
# CloudFormation: restrict FTP (20,21) from Internet
Resources:
  <example_resource_name>:
    Type: AWS::EC2::SecurityGroup
    Properties:
      GroupDescription: Restrict FTP from Internet
      VpcId: <example_resource_id>
      SecurityGroupIngress:
        - IpProtocol: tcp
          FromPort: 20
          ToPort: 20
          CidrIp: 10.0.0.0/8  # Critical: not 0.0.0.0/0; limits IPv4 to a private range
        - IpProtocol: tcp
          FromPort: 21
          ToPort: 21
          CidrIp: 10.0.0.0/8  # Critical: not 0.0.0.0/0; limits IPv4 to a private range
```";"```hcl
# Terraform: restrict FTP (20,21) from Internet
resource ""aws_security_group"" ""<example_resource_name>"" {
  name   = ""<example_resource_name>""
  vpc_id = ""<example_resource_id>""

  ingress {
    from_port   = 20
    to_port     = 20
    protocol    = ""tcp""
    cidr_blocks = [""10.0.0.0/8""] # Critical: not 0.0.0.0/0; restricts IPv4
  }

  ingress {
    from_port   = 21
    to_port     = 21
    protocol    = ""tcp""
    cidr_blocks = [""10.0.0.0/8""] # Critical: not 0.0.0.0/0; restricts IPv4
  }
}
```";"aws ec2 revoke-security-group-ingress --group-id <SECURITY_GROUP_ID> --ip-permissions '[{""IpProtocol"":""tcp"",""FromPort"":20,""ToPort"":20,""IpRanges"":[{""CidrIp"":""0.0.0.0/0""}],""Ipv6Ranges"":[{""CidrIpv6"":""::/0""}]},{""IpProtocol"":""tcp"",""FromPort"":21,""ToPort"":21,""IpRanges"":[{""CidrIp"":""0.0.0.0/0""}],""Ipv6Ranges"":[{""CidrIpv6"":""::/0""}]}]'";"1. Open the AWS Console and go to EC2 > Security Groups
2. Select the security group attached to the affected resource
3. In Inbound rules, find any rules for TCP ports 20 or 21 with Source 0.0.0.0/0 or ::/0
4. Delete those rules (or edit them to a specific trusted CIDR only)
5. Save rules";ProwlerThreatScore-1.0: 2.1.7 | KISA-ISMS-P-2023: 2.6.1, 2.6.2, 2.6.6, 2.10.2 | KISA-ISMS-P-2023-korean: 2.6.1, 2.6.2, 2.6.6, 2.10.2 | AWS-Foundational-Technical-Review: NETSEC-001 | SOC2: cc_6_6 | CCC-v2025.10: CCC.Core.CN01.AR03 | AWS-Well-Architected-Framework-Security-Pillar: SEC05-BP03 | C5-2025: PI-01.01AC | RBI-Cyber-Security-Framework: annex_i_1_3 | ISO27001-2022: A.8.20, A.8.21, A.8.22 | MITRE-ATTACK: T1199, T1048, T1499, T1498, T1046;internet-exposed;;;;5.27.0;https://docs.aws.amazon.com/vpc/latest/userguide/VPC_SecurityGroups.html | https://www.trendmicro.com/trendaivisiononecloudriskmanagement/knowledge-base/aws/EC2/unrestricted-ftp-access.html;;
profile: default;2026-05-18 12:36:20.224133;481665130730;;;;;;prowler-aws-ec2_securitygroup_allow_ingress_from_internet_to_tcp_port_ftp_20_21-481665130730-ap-northeast-2-sg-0af8ef2d6e3dba258;aws;ec2_securitygroup_allow_ingress_from_internet_to_tcp_port_ftp_20_21;Security group does not allow ingress from 0.0.0.0/0 or ::/0 to FTP ports 20 or 21;Software and Configuration Checks/AWS Security Best Practices/Network Reachability | TTPs/Initial Access;PASS;Security group acme-prod-web-sg (sg-0af8ef2d6e3dba258) does not have FTP ports 20 and 21 open to the Internet.;False;ec2;;high;AwsEc2SecurityGroup;arn:aws:ec2:ap-northeast-2:481665130730:security-group/sg-0af8ef2d6e3dba258;sg-0af8ef2d6e3dba258;acme-prod-web-sg;Environment=prod | Project=acme | Repository=ACME/Assignment_2 | Name=acme-prod-web-sg | ManagedBy=Terraform | Owner=ACME-Team;aws;ap-northeast-2;EC2 security groups are evaluated for Internet-exposed **FTP**: any inbound rule allowing `tcp` ports `20` or `21` from `0.0.0.0/0` or `::/0`.;"Exposed FTP weakens CIA:
- Confidentiality: cleartext credentials/files enable interception and brute force.
- Integrity: unauthorized uploads or tampering enable malware staging.
- Availability: mass scans and login attempts can exhaust resources and disrupt services.";;"Apply **least privilege** and **defense in depth**:
- Remove `0.0.0.0/0` and `::/0` to `20`/`21`; allow only trusted IPs or private access (VPN/peering).
- Prefer **SFTP/FTPS** or HTTPS; disable anonymous FTP.
- Segment transfer hosts, monitor access, and enforce rate limits and strong authentication.";https://hub.prowler.com/check/ec2_securitygroup_allow_ingress_from_internet_to_tcp_port_ftp_20_21;"```yaml
# CloudFormation: restrict FTP (20,21) from Internet
Resources:
  <example_resource_name>:
    Type: AWS::EC2::SecurityGroup
    Properties:
      GroupDescription: Restrict FTP from Internet
      VpcId: <example_resource_id>
      SecurityGroupIngress:
        - IpProtocol: tcp
          FromPort: 20
          ToPort: 20
          CidrIp: 10.0.0.0/8  # Critical: not 0.0.0.0/0; limits IPv4 to a private range
        - IpProtocol: tcp
          FromPort: 21
          ToPort: 21
          CidrIp: 10.0.0.0/8  # Critical: not 0.0.0.0/0; limits IPv4 to a private range
```";"```hcl
# Terraform: restrict FTP (20,21) from Internet
resource ""aws_security_group"" ""<example_resource_name>"" {
  name   = ""<example_resource_name>""
  vpc_id = ""<example_resource_id>""

  ingress {
    from_port   = 20
    to_port     = 20
    protocol    = ""tcp""
    cidr_blocks = [""10.0.0.0/8""] # Critical: not 0.0.0.0/0; restricts IPv4
  }

  ingress {
    from_port   = 21
    to_port     = 21
    protocol    = ""tcp""
    cidr_blocks = [""10.0.0.0/8""] # Critical: not 0.0.0.0/0; restricts IPv4
  }
}
```";"aws ec2 revoke-security-group-ingress --group-id <SECURITY_GROUP_ID> --ip-permissions '[{""IpProtocol"":""tcp"",""FromPort"":20,""ToPort"":20,""IpRanges"":[{""CidrIp"":""0.0.0.0/0""}],""Ipv6Ranges"":[{""CidrIpv6"":""::/0""}]},{""IpProtocol"":""tcp"",""FromPort"":21,""ToPort"":21,""IpRanges"":[{""CidrIp"":""0.0.0.0/0""}],""Ipv6Ranges"":[{""CidrIpv6"":""::/0""}]}]'";"1. Open the AWS Console and go to EC2 > Security Groups
2. Select the security group attached to the affected resource
3. In Inbound rules, find any rules for TCP ports 20 or 21 with Source 0.0.0.0/0 or ::/0
4. Delete those rules (or edit them to a specific trusted CIDR only)
5. Save rules";ProwlerThreatScore-1.0: 2.1.7 | KISA-ISMS-P-2023: 2.6.1, 2.6.2, 2.6.6, 2.10.2 | KISA-ISMS-P-2023-korean: 2.6.1, 2.6.2, 2.6.6, 2.10.2 | AWS-Foundational-Technical-Review: NETSEC-001 | SOC2: cc_6_6 | CCC-v2025.10: CCC.Core.CN01.AR03 | AWS-Well-Architected-Framework-Security-Pillar: SEC05-BP03 | C5-2025: PI-01.01AC | RBI-Cyber-Security-Framework: annex_i_1_3 | ISO27001-2022: A.8.20, A.8.21, A.8.22 | MITRE-ATTACK: T1199, T1048, T1499, T1498, T1046;internet-exposed;;;;5.27.0;https://docs.aws.amazon.com/vpc/latest/userguide/VPC_SecurityGroups.html | https://www.trendmicro.com/trendaivisiononecloudriskmanagement/knowledge-base/aws/EC2/unrestricted-ftp-access.html;;
profile: default;2026-05-18 12:36:20.224133;481665130730;;;;;;prowler-aws-ec2_securitygroup_allow_ingress_from_internet_to_tcp_port_ftp_20_21-481665130730-ap-northeast-2-sg-018446cf6b80a5cea;aws;ec2_securitygroup_allow_ingress_from_internet_to_tcp_port_ftp_20_21;Security group does not allow ingress from 0.0.0.0/0 or ::/0 to FTP ports 20 or 21;Software and Configuration Checks/AWS Security Best Practices/Network Reachability | TTPs/Initial Access;PASS;Security group acme-prod-alb-sg (sg-018446cf6b80a5cea) does not have FTP ports 20 and 21 open to the Internet.;False;ec2;;high;AwsEc2SecurityGroup;arn:aws:ec2:ap-northeast-2:481665130730:security-group/sg-018446cf6b80a5cea;sg-018446cf6b80a5cea;acme-prod-alb-sg;Environment=prod | Project=acme | Repository=ACME/Assignment_2 | Name=acme-prod-alb-sg | ManagedBy=Terraform | Owner=ACME-Team;aws;ap-northeast-2;EC2 security groups are evaluated for Internet-exposed **FTP**: any inbound rule allowing `tcp` ports `20` or `21` from `0.0.0.0/0` or `::/0`.;"Exposed FTP weakens CIA:
- Confidentiality: cleartext credentials/files enable interception and brute force.
- Integrity: unauthorized uploads or tampering enable malware staging.
- Availability: mass scans and login attempts can exhaust resources and disrupt services.";;"Apply **least privilege** and **defense in depth**:
- Remove `0.0.0.0/0` and `::/0` to `20`/`21`; allow only trusted IPs or private access (VPN/peering).
- Prefer **SFTP/FTPS** or HTTPS; disable anonymous FTP.
- Segment transfer hosts, monitor access, and enforce rate limits and strong authentication.";https://hub.prowler.com/check/ec2_securitygroup_allow_ingress_from_internet_to_tcp_port_ftp_20_21;"```yaml
# CloudFormation: restrict FTP (20,21) from Internet
Resources:
  <example_resource_name>:
    Type: AWS::EC2::SecurityGroup
    Properties:
      GroupDescription: Restrict FTP from Internet
      VpcId: <example_resource_id>
      SecurityGroupIngress:
        - IpProtocol: tcp
          FromPort: 20
          ToPort: 20
          CidrIp: 10.0.0.0/8  # Critical: not 0.0.0.0/0; limits IPv4 to a private range
        - IpProtocol: tcp
          FromPort: 21
          ToPort: 21
          CidrIp: 10.0.0.0/8  # Critical: not 0.0.0.0/0; limits IPv4 to a private range
```";"```hcl
# Terraform: restrict FTP (20,21) from Internet
resource ""aws_security_group"" ""<example_resource_name>"" {
  name   = ""<example_resource_name>""
  vpc_id = ""<example_resource_id>""

  ingress {
    from_port   = 20
    to_port     = 20
    protocol    = ""tcp""
    cidr_blocks = [""10.0.0.0/8""] # Critical: not 0.0.0.0/0; restricts IPv4
  }

  ingress {
    from_port   = 21
    to_port     = 21
    protocol    = ""tcp""
    cidr_blocks = [""10.0.0.0/8""] # Critical: not 0.0.0.0/0; restricts IPv4
  }
}
```";"aws ec2 revoke-security-group-ingress --group-id <SECURITY_GROUP_ID> --ip-permissions '[{""IpProtocol"":""tcp"",""FromPort"":20,""ToPort"":20,""IpRanges"":[{""CidrIp"":""0.0.0.0/0""}],""Ipv6Ranges"":[{""CidrIpv6"":""::/0""}]},{""IpProtocol"":""tcp"",""FromPort"":21,""ToPort"":21,""IpRanges"":[{""CidrIp"":""0.0.0.0/0""}],""Ipv6Ranges"":[{""CidrIpv6"":""::/0""}]}]'";"1. Open the AWS Console and go to EC2 > Security Groups
2. Select the security group attached to the affected resource
3. In Inbound rules, find any rules for TCP ports 20 or 21 with Source 0.0.0.0/0 or ::/0
4. Delete those rules (or edit them to a specific trusted CIDR only)
5. Save rules";ProwlerThreatScore-1.0: 2.1.7 | KISA-ISMS-P-2023: 2.6.1, 2.6.2, 2.6.6, 2.10.2 | KISA-ISMS-P-2023-korean: 2.6.1, 2.6.2, 2.6.6, 2.10.2 | AWS-Foundational-Technical-Review: NETSEC-001 | SOC2: cc_6_6 | CCC-v2025.10: CCC.Core.CN01.AR03 | AWS-Well-Architected-Framework-Security-Pillar: SEC05-BP03 | C5-2025: PI-01.01AC | RBI-Cyber-Security-Framework: annex_i_1_3 | ISO27001-2022: A.8.20, A.8.21, A.8.22 | MITRE-ATTACK: T1199, T1048, T1499, T1498, T1046;internet-exposed;;;;5.27.0;https://docs.aws.amazon.com/vpc/latest/userguide/VPC_SecurityGroups.html | https://www.trendmicro.com/trendaivisiononecloudriskmanagement/knowledge-base/aws/EC2/unrestricted-ftp-access.html;;
profile: default;2026-05-18 12:36:20.224133;481665130730;;;;;;prowler-aws-ec2_securitygroup_allow_ingress_from_internet_to_tcp_port_kafka_9092-481665130730-ap-northeast-2-sg-079f24a1b34315c3c;aws;ec2_securitygroup_allow_ingress_from_internet_to_tcp_port_kafka_9092;Security group does not allow ingress from 0.0.0.0/0 or ::/0 to TCP port 9092 (Kafka);Software and Configuration Checks/AWS Security Best Practices/Network Reachability | Software and Configuration Checks/Industry and Regulatory Standards/AWS Foundational Security Best Practices | TTPs/Initial Access/Unauthorized Access | Effects/Data Exposure;PASS;Security group acme-prod-db-sg (sg-079f24a1b34315c3c) does not have Kafka port 9092 open to the Internet.;False;ec2;;high;AwsEc2SecurityGroup;arn:aws:ec2:ap-northeast-2:481665130730:security-group/sg-079f24a1b34315c3c;sg-079f24a1b34315c3c;acme-prod-db-sg;ManagedBy=Terraform | Environment=prod | Project=acme | Repository=ACME/Assignment_2 | Name=acme-prod-db-sg | Owner=ACME-Team;aws;ap-northeast-2;**EC2 security groups** are evaluated for ingress rules that expose **Kafka** on `TCP 9092` to the Internet via `0.0.0.0/0` or `::/0`;Public Kafka `9092` access allows arbitrary clients to connect, enabling topic enumeration, data exfiltration, and producer/consumer impersonation (**C/I**). Brokers can be flooded or exploited, disrupting clusters (**A**). Exposure gives attackers a foothold for lateral movement inside the VPC.;;"Apply **least privilege**: restrict `9092` to required subnets or IPs; avoid `0.0.0.0/0` and `::/0`. Place brokers on private networks and use peering or VPN for access. Enforce **mutual TLS/SASL** and topic ACLs, and add **defense in depth** with segmentation and NACLs.";https://hub.prowler.com/check/ec2_securitygroup_allow_ingress_from_internet_to_tcp_port_kafka_9092;"```yaml
# CloudFormation: restrict Kafka (9092) from Internet
Resources:
  <example_resource_name>:
    Type: AWS::EC2::SecurityGroup
    Properties:
      GroupDescription: Restrict Kafka 9092
      VpcId: <example_resource_id>
      SecurityGroupIngress:
        - IpProtocol: tcp
          FromPort: 9092
          ToPort: 9092
          CidrIp: 10.0.0.0/8  # Critical: not 0.0.0.0/0; restricts access to private range to avoid Internet exposure
```";"```hcl
# Restrict Kafka (9092) from Internet
resource ""aws_security_group"" ""<example_resource_name>"" {
  name   = ""<example_resource_name>""
  vpc_id = ""<example_resource_id>""

  ingress {
    from_port   = 9092
    to_port     = 9092
    protocol    = ""tcp""
    cidr_blocks = [""10.0.0.0/8""] # Critical: not 0.0.0.0/0; restricts access to avoid Internet exposure
  }
}
```";"aws ec2 revoke-security-group-ingress --group-id <SECURITY_GROUP_ID> --ip-permissions '[{""IpProtocol"":""tcp"",""FromPort"":9092,""ToPort"":9092,""IpRanges"":[{""CidrIp"":""0.0.0.0/0""}],""Ipv6Ranges"":[{""CidrIpv6"":""::/0""}]}]'";"1. In AWS Console, go to EC2 > Security Groups
2. Select the group attached to the resource
3. Inbound rules > Edit inbound rules
4. Find any rule for TCP port 9092 with Source 0.0.0.0/0 or ::/0
5. Delete the rule or change Source to a specific trusted CIDR or security group
6. Save rules";ProwlerThreatScore-1.0: 2.1.7 | KISA-ISMS-P-2023: 2.6.1, 2.6.2, 2.10.2 | KISA-ISMS-P-2023-korean: 2.6.1, 2.6.2, 2.10.2 | AWS-Foundational-Technical-Review: NETSEC-001 | SOC2: cc_6_6 | AWS-Well-Architected-Framework-Security-Pillar: SEC05-BP03 | C5-2025: PI-01.01AC | ISO27001-2022: A.8.20, A.8.21, A.8.22 | MITRE-ATTACK: T1199, T1048, T1499, T1498, T1046;internet-exposed;;;;5.27.0;https://docs.aws.amazon.com/vpc/latest/userguide/VPC_SecurityGroups.html | https://support.icompaas.com/support/solutions/articles/62000233725-ensure-no-security-groups-allow-ingress-from-0-0-0-0-0-or-0-to-kafka-port-9092-;;
profile: default;2026-05-18 12:36:20.224133;481665130730;;;;;;prowler-aws-ec2_securitygroup_allow_ingress_from_internet_to_tcp_port_kafka_9092-481665130730-ap-northeast-2-sg-0af8ef2d6e3dba258;aws;ec2_securitygroup_allow_ingress_from_internet_to_tcp_port_kafka_9092;Security group does not allow ingress from 0.0.0.0/0 or ::/0 to TCP port 9092 (Kafka);Software and Configuration Checks/AWS Security Best Practices/Network Reachability | Software and Configuration Checks/Industry and Regulatory Standards/AWS Foundational Security Best Practices | TTPs/Initial Access/Unauthorized Access | Effects/Data Exposure;PASS;Security group acme-prod-web-sg (sg-0af8ef2d6e3dba258) does not have Kafka port 9092 open to the Internet.;False;ec2;;high;AwsEc2SecurityGroup;arn:aws:ec2:ap-northeast-2:481665130730:security-group/sg-0af8ef2d6e3dba258;sg-0af8ef2d6e3dba258;acme-prod-web-sg;Environment=prod | Project=acme | Repository=ACME/Assignment_2 | Name=acme-prod-web-sg | ManagedBy=Terraform | Owner=ACME-Team;aws;ap-northeast-2;**EC2 security groups** are evaluated for ingress rules that expose **Kafka** on `TCP 9092` to the Internet via `0.0.0.0/0` or `::/0`;Public Kafka `9092` access allows arbitrary clients to connect, enabling topic enumeration, data exfiltration, and producer/consumer impersonation (**C/I**). Brokers can be flooded or exploited, disrupting clusters (**A**). Exposure gives attackers a foothold for lateral movement inside the VPC.;;"Apply **least privilege**: restrict `9092` to required subnets or IPs; avoid `0.0.0.0/0` and `::/0`. Place brokers on private networks and use peering or VPN for access. Enforce **mutual TLS/SASL** and topic ACLs, and add **defense in depth** with segmentation and NACLs.";https://hub.prowler.com/check/ec2_securitygroup_allow_ingress_from_internet_to_tcp_port_kafka_9092;"```yaml
# CloudFormation: restrict Kafka (9092) from Internet
Resources:
  <example_resource_name>:
    Type: AWS::EC2::SecurityGroup
    Properties:
      GroupDescription: Restrict Kafka 9092
      VpcId: <example_resource_id>
      SecurityGroupIngress:
        - IpProtocol: tcp
          FromPort: 9092
          ToPort: 9092
          CidrIp: 10.0.0.0/8  # Critical: not 0.0.0.0/0; restricts access to private range to avoid Internet exposure
```";"```hcl
# Restrict Kafka (9092) from Internet
resource ""aws_security_group"" ""<example_resource_name>"" {
  name   = ""<example_resource_name>""
  vpc_id = ""<example_resource_id>""

  ingress {
    from_port   = 9092
    to_port     = 9092
    protocol    = ""tcp""
    cidr_blocks = [""10.0.0.0/8""] # Critical: not 0.0.0.0/0; restricts access to avoid Internet exposure
  }
}
```";"aws ec2 revoke-security-group-ingress --group-id <SECURITY_GROUP_ID> --ip-permissions '[{""IpProtocol"":""tcp"",""FromPort"":9092,""ToPort"":9092,""IpRanges"":[{""CidrIp"":""0.0.0.0/0""}],""Ipv6Ranges"":[{""CidrIpv6"":""::/0""}]}]'";"1. In AWS Console, go to EC2 > Security Groups
2. Select the group attached to the resource
3. Inbound rules > Edit inbound rules
4. Find any rule for TCP port 9092 with Source 0.0.0.0/0 or ::/0
5. Delete the rule or change Source to a specific trusted CIDR or security group
6. Save rules";ProwlerThreatScore-1.0: 2.1.7 | KISA-ISMS-P-2023: 2.6.1, 2.6.2, 2.10.2 | KISA-ISMS-P-2023-korean: 2.6.1, 2.6.2, 2.10.2 | AWS-Foundational-Technical-Review: NETSEC-001 | SOC2: cc_6_6 | AWS-Well-Architected-Framework-Security-Pillar: SEC05-BP03 | C5-2025: PI-01.01AC | ISO27001-2022: A.8.20, A.8.21, A.8.22 | MITRE-ATTACK: T1199, T1048, T1499, T1498, T1046;internet-exposed;;;;5.27.0;https://docs.aws.amazon.com/vpc/latest/userguide/VPC_SecurityGroups.html | https://support.icompaas.com/support/solutions/articles/62000233725-ensure-no-security-groups-allow-ingress-from-0-0-0-0-0-or-0-to-kafka-port-9092-;;
profile: default;2026-05-18 12:36:20.224133;481665130730;;;;;;prowler-aws-ec2_securitygroup_allow_ingress_from_internet_to_tcp_port_kafka_9092-481665130730-ap-northeast-2-sg-018446cf6b80a5cea;aws;ec2_securitygroup_allow_ingress_from_internet_to_tcp_port_kafka_9092;Security group does not allow ingress from 0.0.0.0/0 or ::/0 to TCP port 9092 (Kafka);Software and Configuration Checks/AWS Security Best Practices/Network Reachability | Software and Configuration Checks/Industry and Regulatory Standards/AWS Foundational Security Best Practices | TTPs/Initial Access/Unauthorized Access | Effects/Data Exposure;PASS;Security group acme-prod-alb-sg (sg-018446cf6b80a5cea) does not have Kafka port 9092 open to the Internet.;False;ec2;;high;AwsEc2SecurityGroup;arn:aws:ec2:ap-northeast-2:481665130730:security-group/sg-018446cf6b80a5cea;sg-018446cf6b80a5cea;acme-prod-alb-sg;Environment=prod | Project=acme | Repository=ACME/Assignment_2 | Name=acme-prod-alb-sg | ManagedBy=Terraform | Owner=ACME-Team;aws;ap-northeast-2;**EC2 security groups** are evaluated for ingress rules that expose **Kafka** on `TCP 9092` to the Internet via `0.0.0.0/0` or `::/0`;Public Kafka `9092` access allows arbitrary clients to connect, enabling topic enumeration, data exfiltration, and producer/consumer impersonation (**C/I**). Brokers can be flooded or exploited, disrupting clusters (**A**). Exposure gives attackers a foothold for lateral movement inside the VPC.;;"Apply **least privilege**: restrict `9092` to required subnets or IPs; avoid `0.0.0.0/0` and `::/0`. Place brokers on private networks and use peering or VPN for access. Enforce **mutual TLS/SASL** and topic ACLs, and add **defense in depth** with segmentation and NACLs.";https://hub.prowler.com/check/ec2_securitygroup_allow_ingress_from_internet_to_tcp_port_kafka_9092;"```yaml
# CloudFormation: restrict Kafka (9092) from Internet
Resources:
  <example_resource_name>:
    Type: AWS::EC2::SecurityGroup
    Properties:
      GroupDescription: Restrict Kafka 9092
      VpcId: <example_resource_id>
      SecurityGroupIngress:
        - IpProtocol: tcp
          FromPort: 9092
          ToPort: 9092
          CidrIp: 10.0.0.0/8  # Critical: not 0.0.0.0/0; restricts access to private range to avoid Internet exposure
```";"```hcl
# Restrict Kafka (9092) from Internet
resource ""aws_security_group"" ""<example_resource_name>"" {
  name   = ""<example_resource_name>""
  vpc_id = ""<example_resource_id>""

  ingress {
    from_port   = 9092
    to_port     = 9092
    protocol    = ""tcp""
    cidr_blocks = [""10.0.0.0/8""] # Critical: not 0.0.0.0/0; restricts access to avoid Internet exposure
  }
}
```";"aws ec2 revoke-security-group-ingress --group-id <SECURITY_GROUP_ID> --ip-permissions '[{""IpProtocol"":""tcp"",""FromPort"":9092,""ToPort"":9092,""IpRanges"":[{""CidrIp"":""0.0.0.0/0""}],""Ipv6Ranges"":[{""CidrIpv6"":""::/0""}]}]'";"1. In AWS Console, go to EC2 > Security Groups
2. Select the group attached to the resource
3. Inbound rules > Edit inbound rules
4. Find any rule for TCP port 9092 with Source 0.0.0.0/0 or ::/0
5. Delete the rule or change Source to a specific trusted CIDR or security group
6. Save rules";ProwlerThreatScore-1.0: 2.1.7 | KISA-ISMS-P-2023: 2.6.1, 2.6.2, 2.10.2 | KISA-ISMS-P-2023-korean: 2.6.1, 2.6.2, 2.10.2 | AWS-Foundational-Technical-Review: NETSEC-001 | SOC2: cc_6_6 | AWS-Well-Architected-Framework-Security-Pillar: SEC05-BP03 | C5-2025: PI-01.01AC | ISO27001-2022: A.8.20, A.8.21, A.8.22 | MITRE-ATTACK: T1199, T1048, T1499, T1498, T1046;internet-exposed;;;;5.27.0;https://docs.aws.amazon.com/vpc/latest/userguide/VPC_SecurityGroups.html | https://support.icompaas.com/support/solutions/articles/62000233725-ensure-no-security-groups-allow-ingress-from-0-0-0-0-0-or-0-to-kafka-port-9092-;;
profile: default;2026-05-18 12:36:20.224133;481665130730;;;;;;prowler-aws-ec2_securitygroup_allow_ingress_from_internet_to_tcp_port_memcached_11211-481665130730-ap-northeast-2-sg-079f24a1b34315c3c;aws;ec2_securitygroup_allow_ingress_from_internet_to_tcp_port_memcached_11211;Security group does not allow ingress from 0.0.0.0/0 or ::/0 to Memcached TCP port 11211;Software and Configuration Checks/AWS Security Best Practices/Network Reachability | Software and Configuration Checks/Industry and Regulatory Standards/AWS Foundational Security Best Practices | TTPs/Initial Access | Effects/Data Exposure;PASS;Security group acme-prod-db-sg (sg-079f24a1b34315c3c) does not have Memcached port 11211 open to the Internet.;False;ec2;;high;AwsEc2SecurityGroup;arn:aws:ec2:ap-northeast-2:481665130730:security-group/sg-079f24a1b34315c3c;sg-079f24a1b34315c3c;acme-prod-db-sg;ManagedBy=Terraform | Environment=prod | Project=acme | Repository=ACME/Assignment_2 | Name=acme-prod-db-sg | Owner=ACME-Team;aws;ap-northeast-2;**EC2 security groups** are evaluated for inbound rules that permit Internet-sourced access to `TCP 11211` (Memcached) from `0.0.0.0/0` or `::/0`.;"Exposed **Memcached** enables unauthenticated access, impacting CIA:
- **Confidentiality**: read cached data (sessions, secrets)
- **Integrity**: modify or poison entries
- **Availability**: flush or overload cache, degrading apps

Open `11211` is widely scanned, enabling unauthorized access and lateral movement.";;"Apply **least privilege** and **segmentation**:
- Restrict `TCP 11211` to trusted CIDRs or security groups
- Keep Memcached on private subnets; avoid public IPs
- Add **defense in depth** with NACLs/firewalls; disable unused protocols
- Use private connectivity (VPN/peering) and monitor access";https://hub.prowler.com/check/ec2_securitygroup_allow_ingress_from_internet_to_tcp_port_memcached_11211;"```yaml
# CloudFormation: restrict Memcached (11211) from Internet
Resources:
  <example_resource_name>:
    Type: AWS::EC2::SecurityGroup
    Properties:
      GroupDescription: Restrict Memcached access
      VpcId: <example_resource_id>
      SecurityGroupIngress:
        - IpProtocol: tcp
          FromPort: 11211
          ToPort: 11211
          CidrIp: 10.0.0.0/8  # FIX: Not 0.0.0.0/0; limits access so 11211 isn't open to the Internet
```";"```hcl
# Restrict Memcached (11211) from Internet
resource ""aws_security_group"" ""<example_resource_name>"" {
  vpc_id = ""<example_resource_id>""

  ingress {
    from_port   = 11211
    to_port     = 11211
    protocol    = ""tcp""
    cidr_blocks = [""10.0.0.0/8""] # FIX: avoid 0.0.0.0/0 to prevent Internet exposure
  }
}
```";;"1. In the AWS Console, go to EC2 > Security Groups
2. Select the affected security group and open the Inbound rules tab
3. Click Edit inbound rules
4. Delete any rule allowing TCP 11211 from 0.0.0.0/0 or ::/0, or change its Source to a specific trusted CIDR
5. Click Save rules";ProwlerThreatScore-1.0: 2.1.7 | KISA-ISMS-P-2023: 2.6.1, 2.6.4, 2.10.2 | KISA-ISMS-P-2023-korean: 2.6.1, 2.6.4, 2.10.2 | AWS-Foundational-Technical-Review: NETSEC-001 | SOC2: cc_6_6 | AWS-Well-Architected-Framework-Security-Pillar: SEC05-BP03 | C5-2025: PI-01.01AC | ISO27001-2022: A.8.20, A.8.21, A.8.22 | MITRE-ATTACK: T1199, T1048, T1499, T1498, T1046;internet-exposed;;;;5.27.0;https://docs.aws.amazon.com/vpc/latest/userguide/VPC_SecurityGroups.html | https://support.icompaas.com/support/solutions/articles/62000127021-ensure-security-groups-do-not-allow-unrestricted-ingress-access-to-memcached-port-11211;;
profile: default;2026-05-18 12:36:20.224133;481665130730;;;;;;prowler-aws-ec2_securitygroup_allow_ingress_from_internet_to_tcp_port_memcached_11211-481665130730-ap-northeast-2-sg-0af8ef2d6e3dba258;aws;ec2_securitygroup_allow_ingress_from_internet_to_tcp_port_memcached_11211;Security group does not allow ingress from 0.0.0.0/0 or ::/0 to Memcached TCP port 11211;Software and Configuration Checks/AWS Security Best Practices/Network Reachability | Software and Configuration Checks/Industry and Regulatory Standards/AWS Foundational Security Best Practices | TTPs/Initial Access | Effects/Data Exposure;PASS;Security group acme-prod-web-sg (sg-0af8ef2d6e3dba258) does not have Memcached port 11211 open to the Internet.;False;ec2;;high;AwsEc2SecurityGroup;arn:aws:ec2:ap-northeast-2:481665130730:security-group/sg-0af8ef2d6e3dba258;sg-0af8ef2d6e3dba258;acme-prod-web-sg;Environment=prod | Project=acme | Repository=ACME/Assignment_2 | Name=acme-prod-web-sg | ManagedBy=Terraform | Owner=ACME-Team;aws;ap-northeast-2;**EC2 security groups** are evaluated for inbound rules that permit Internet-sourced access to `TCP 11211` (Memcached) from `0.0.0.0/0` or `::/0`.;"Exposed **Memcached** enables unauthenticated access, impacting CIA:
- **Confidentiality**: read cached data (sessions, secrets)
- **Integrity**: modify or poison entries
- **Availability**: flush or overload cache, degrading apps

Open `11211` is widely scanned, enabling unauthorized access and lateral movement.";;"Apply **least privilege** and **segmentation**:
- Restrict `TCP 11211` to trusted CIDRs or security groups
- Keep Memcached on private subnets; avoid public IPs
- Add **defense in depth** with NACLs/firewalls; disable unused protocols
- Use private connectivity (VPN/peering) and monitor access";https://hub.prowler.com/check/ec2_securitygroup_allow_ingress_from_internet_to_tcp_port_memcached_11211;"```yaml
# CloudFormation: restrict Memcached (11211) from Internet
Resources:
  <example_resource_name>:
    Type: AWS::EC2::SecurityGroup
    Properties:
      GroupDescription: Restrict Memcached access
      VpcId: <example_resource_id>
      SecurityGroupIngress:
        - IpProtocol: tcp
          FromPort: 11211
          ToPort: 11211
          CidrIp: 10.0.0.0/8  # FIX: Not 0.0.0.0/0; limits access so 11211 isn't open to the Internet
```";"```hcl
# Restrict Memcached (11211) from Internet
resource ""aws_security_group"" ""<example_resource_name>"" {
  vpc_id = ""<example_resource_id>""

  ingress {
    from_port   = 11211
    to_port     = 11211
    protocol    = ""tcp""
    cidr_blocks = [""10.0.0.0/8""] # FIX: avoid 0.0.0.0/0 to prevent Internet exposure
  }
}
```";;"1. In the AWS Console, go to EC2 > Security Groups
2. Select the affected security group and open the Inbound rules tab
3. Click Edit inbound rules
4. Delete any rule allowing TCP 11211 from 0.0.0.0/0 or ::/0, or change its Source to a specific trusted CIDR
5. Click Save rules";ProwlerThreatScore-1.0: 2.1.7 | KISA-ISMS-P-2023: 2.6.1, 2.6.4, 2.10.2 | KISA-ISMS-P-2023-korean: 2.6.1, 2.6.4, 2.10.2 | AWS-Foundational-Technical-Review: NETSEC-001 | SOC2: cc_6_6 | AWS-Well-Architected-Framework-Security-Pillar: SEC05-BP03 | C5-2025: PI-01.01AC | ISO27001-2022: A.8.20, A.8.21, A.8.22 | MITRE-ATTACK: T1199, T1048, T1499, T1498, T1046;internet-exposed;;;;5.27.0;https://docs.aws.amazon.com/vpc/latest/userguide/VPC_SecurityGroups.html | https://support.icompaas.com/support/solutions/articles/62000127021-ensure-security-groups-do-not-allow-unrestricted-ingress-access-to-memcached-port-11211;;
profile: default;2026-05-18 12:36:20.224133;481665130730;;;;;;prowler-aws-ec2_securitygroup_allow_ingress_from_internet_to_tcp_port_memcached_11211-481665130730-ap-northeast-2-sg-018446cf6b80a5cea;aws;ec2_securitygroup_allow_ingress_from_internet_to_tcp_port_memcached_11211;Security group does not allow ingress from 0.0.0.0/0 or ::/0 to Memcached TCP port 11211;Software and Configuration Checks/AWS Security Best Practices/Network Reachability | Software and Configuration Checks/Industry and Regulatory Standards/AWS Foundational Security Best Practices | TTPs/Initial Access | Effects/Data Exposure;PASS;Security group acme-prod-alb-sg (sg-018446cf6b80a5cea) does not have Memcached port 11211 open to the Internet.;False;ec2;;high;AwsEc2SecurityGroup;arn:aws:ec2:ap-northeast-2:481665130730:security-group/sg-018446cf6b80a5cea;sg-018446cf6b80a5cea;acme-prod-alb-sg;Environment=prod | Project=acme | Repository=ACME/Assignment_2 | Name=acme-prod-alb-sg | ManagedBy=Terraform | Owner=ACME-Team;aws;ap-northeast-2;**EC2 security groups** are evaluated for inbound rules that permit Internet-sourced access to `TCP 11211` (Memcached) from `0.0.0.0/0` or `::/0`.;"Exposed **Memcached** enables unauthenticated access, impacting CIA:
- **Confidentiality**: read cached data (sessions, secrets)
- **Integrity**: modify or poison entries
- **Availability**: flush or overload cache, degrading apps

Open `11211` is widely scanned, enabling unauthorized access and lateral movement.";;"Apply **least privilege** and **segmentation**:
- Restrict `TCP 11211` to trusted CIDRs or security groups
- Keep Memcached on private subnets; avoid public IPs
- Add **defense in depth** with NACLs/firewalls; disable unused protocols
- Use private connectivity (VPN/peering) and monitor access";https://hub.prowler.com/check/ec2_securitygroup_allow_ingress_from_internet_to_tcp_port_memcached_11211;"```yaml
# CloudFormation: restrict Memcached (11211) from Internet
Resources:
  <example_resource_name>:
    Type: AWS::EC2::SecurityGroup
    Properties:
      GroupDescription: Restrict Memcached access
      VpcId: <example_resource_id>
      SecurityGroupIngress:
        - IpProtocol: tcp
          FromPort: 11211
          ToPort: 11211
          CidrIp: 10.0.0.0/8  # FIX: Not 0.0.0.0/0; limits access so 11211 isn't open to the Internet
```";"```hcl
# Restrict Memcached (11211) from Internet
resource ""aws_security_group"" ""<example_resource_name>"" {
  vpc_id = ""<example_resource_id>""

  ingress {
    from_port   = 11211
    to_port     = 11211
    protocol    = ""tcp""
    cidr_blocks = [""10.0.0.0/8""] # FIX: avoid 0.0.0.0/0 to prevent Internet exposure
  }
}
```";;"1. In the AWS Console, go to EC2 > Security Groups
2. Select the affected security group and open the Inbound rules tab
3. Click Edit inbound rules
4. Delete any rule allowing TCP 11211 from 0.0.0.0/0 or ::/0, or change its Source to a specific trusted CIDR
5. Click Save rules";ProwlerThreatScore-1.0: 2.1.7 | KISA-ISMS-P-2023: 2.6.1, 2.6.4, 2.10.2 | KISA-ISMS-P-2023-korean: 2.6.1, 2.6.4, 2.10.2 | AWS-Foundational-Technical-Review: NETSEC-001 | SOC2: cc_6_6 | AWS-Well-Architected-Framework-Security-Pillar: SEC05-BP03 | C5-2025: PI-01.01AC | ISO27001-2022: A.8.20, A.8.21, A.8.22 | MITRE-ATTACK: T1199, T1048, T1499, T1498, T1046;internet-exposed;;;;5.27.0;https://docs.aws.amazon.com/vpc/latest/userguide/VPC_SecurityGroups.html | https://support.icompaas.com/support/solutions/articles/62000127021-ensure-security-groups-do-not-allow-unrestricted-ingress-access-to-memcached-port-11211;;
profile: default;2026-05-18 12:36:20.224133;481665130730;;;;;;prowler-aws-ec2_securitygroup_allow_ingress_from_internet_to_tcp_port_mongodb_27017_27018-481665130730-ap-northeast-2-sg-079f24a1b34315c3c;aws;ec2_securitygroup_allow_ingress_from_internet_to_tcp_port_mongodb_27017_27018;Security group does not allow ingress from 0.0.0.0/0 or ::/0 to MongoDB TCP ports 27017 and 27018;Software and Configuration Checks/AWS Security Best Practices/Network Reachability | TTPs/Initial Access | Effects/Data Exposure;PASS;Security group acme-prod-db-sg (sg-079f24a1b34315c3c) does not have MongoDB ports 27017 and 27018 open to the Internet.;False;ec2;;high;AwsEc2SecurityGroup;arn:aws:ec2:ap-northeast-2:481665130730:security-group/sg-079f24a1b34315c3c;sg-079f24a1b34315c3c;acme-prod-db-sg;ManagedBy=Terraform | Environment=prod | Project=acme | Repository=ACME/Assignment_2 | Name=acme-prod-db-sg | Owner=ACME-Team;aws;ap-northeast-2;"**EC2 security groups** are inspected for inbound rules that expose **MongoDB** on `TCP 27017-27018` to the Internet via `0.0.0.0/0` or `::/0`.

It identifies groups where these ports are reachable from any address.";"Public **MongoDB** ports invite unauthenticated probing, brute force, and misuse of weak configs. Attackers can read/alter data, drop collections, or deploy ransomware, compromising **confidentiality** and **integrity**.

Exposure also enables enumeration and lateral movement, threatening **availability**.";;"Apply **least privilege** to MongoDB access:
- Block `0.0.0.0/0` and `::/0`
- Allow only trusted IPs or private networks
- Prefer private connectivity and SG-to-SG references
- Enforce authentication and TLS
- Segment east-west traffic and monitor access for **defense in depth**";https://hub.prowler.com/check/ec2_securitygroup_allow_ingress_from_internet_to_tcp_port_mongodb_27017_27018;"```yaml
# CloudFormation: restrict MongoDB ports from Internet
Resources:
  <example_resource_name>:
    Type: AWS::EC2::SecurityGroup
    Properties:
      GroupDescription: Restrict MongoDB ports
      VpcId: <example_resource_id>
      SecurityGroupIngress:
        - IpProtocol: tcp
          FromPort: 27017
          ToPort: 27018
          CidrIp: 10.0.0.0/8  # FIX: not 0.0.0.0/0 or ::/0; limits access to internal range
```";"```hcl
# Restrict MongoDB ports from Internet
resource ""aws_security_group"" ""secure"" {
  name   = ""<example_resource_name>""
  vpc_id = ""<example_resource_id>""

  ingress {
    from_port   = 27017
    to_port     = 27018
    protocol    = ""tcp""
    cidr_blocks = [""10.0.0.0/8""] # FIX: not 0.0.0.0/0 or ::/0; restricts Internet access
  }
}
```";"aws ec2 revoke-security-group-ingress --group-id <SECURITY_GROUP_ID> --ip-permissions '[{""IpProtocol"":""tcp"",""FromPort"":27017,""ToPort"":27018,""IpRanges"":[{""CidrIp"":""0.0.0.0/0""}],""Ipv6Ranges"":[{""CidrIpv6"":""::/0""}]}]'";"1. In the AWS Console, go to EC2 > Security Groups
2. Select the security group attached to your resource
3. Open the Inbound rules tab and click Edit inbound rules
4. Find rules for TCP ports 27017 or 27018 with Source 0.0.0.0/0 or ::/0
5. Delete those rules or change Source to a specific trusted CIDR (e.g., 10.0.0.0/8)
6. Click Save rules";ProwlerThreatScore-1.0: 2.1.7 | KISA-ISMS-P-2023: 2.6.1, 2.6.4, 2.10.2 | NIST-CSF-2.0: ac_5 | KISA-ISMS-P-2023-korean: 2.6.1, 2.6.4, 2.10.2 | AWS-Foundational-Technical-Review: NETSEC-001 | SOC2: cc_6_6 | AWS-Well-Architected-Framework-Security-Pillar: SEC05-BP03 | C5-2025: PI-01.01AC | ISO27001-2022: A.8.20, A.8.21, A.8.22 | MITRE-ATTACK: T1199, T1048, T1499, T1498, T1046;internet-exposed;;;;5.27.0;https://docs.aws.amazon.com/vpc/latest/userguide/VPC_SecurityGroups.html | https://support.icompaas.com/support/solutions/articles/62000127019-ensure-security-groups-do-not-allow-unrestricted-ingress-access-to-mongodb-ports-27017-and-27018;;
profile: default;2026-05-18 12:36:20.224133;481665130730;;;;;;prowler-aws-ec2_securitygroup_allow_ingress_from_internet_to_tcp_port_mongodb_27017_27018-481665130730-ap-northeast-2-sg-0af8ef2d6e3dba258;aws;ec2_securitygroup_allow_ingress_from_internet_to_tcp_port_mongodb_27017_27018;Security group does not allow ingress from 0.0.0.0/0 or ::/0 to MongoDB TCP ports 27017 and 27018;Software and Configuration Checks/AWS Security Best Practices/Network Reachability | TTPs/Initial Access | Effects/Data Exposure;PASS;Security group acme-prod-web-sg (sg-0af8ef2d6e3dba258) does not have MongoDB ports 27017 and 27018 open to the Internet.;False;ec2;;high;AwsEc2SecurityGroup;arn:aws:ec2:ap-northeast-2:481665130730:security-group/sg-0af8ef2d6e3dba258;sg-0af8ef2d6e3dba258;acme-prod-web-sg;Environment=prod | Project=acme | Repository=ACME/Assignment_2 | Name=acme-prod-web-sg | ManagedBy=Terraform | Owner=ACME-Team;aws;ap-northeast-2;"**EC2 security groups** are inspected for inbound rules that expose **MongoDB** on `TCP 27017-27018` to the Internet via `0.0.0.0/0` or `::/0`.

It identifies groups where these ports are reachable from any address.";"Public **MongoDB** ports invite unauthenticated probing, brute force, and misuse of weak configs. Attackers can read/alter data, drop collections, or deploy ransomware, compromising **confidentiality** and **integrity**.

Exposure also enables enumeration and lateral movement, threatening **availability**.";;"Apply **least privilege** to MongoDB access:
- Block `0.0.0.0/0` and `::/0`
- Allow only trusted IPs or private networks
- Prefer private connectivity and SG-to-SG references
- Enforce authentication and TLS
- Segment east-west traffic and monitor access for **defense in depth**";https://hub.prowler.com/check/ec2_securitygroup_allow_ingress_from_internet_to_tcp_port_mongodb_27017_27018;"```yaml
# CloudFormation: restrict MongoDB ports from Internet
Resources:
  <example_resource_name>:
    Type: AWS::EC2::SecurityGroup
    Properties:
      GroupDescription: Restrict MongoDB ports
      VpcId: <example_resource_id>
      SecurityGroupIngress:
        - IpProtocol: tcp
          FromPort: 27017
          ToPort: 27018
          CidrIp: 10.0.0.0/8  # FIX: not 0.0.0.0/0 or ::/0; limits access to internal range
```";"```hcl
# Restrict MongoDB ports from Internet
resource ""aws_security_group"" ""secure"" {
  name   = ""<example_resource_name>""
  vpc_id = ""<example_resource_id>""

  ingress {
    from_port   = 27017
    to_port     = 27018
    protocol    = ""tcp""
    cidr_blocks = [""10.0.0.0/8""] # FIX: not 0.0.0.0/0 or ::/0; restricts Internet access
  }
}
```";"aws ec2 revoke-security-group-ingress --group-id <SECURITY_GROUP_ID> --ip-permissions '[{""IpProtocol"":""tcp"",""FromPort"":27017,""ToPort"":27018,""IpRanges"":[{""CidrIp"":""0.0.0.0/0""}],""Ipv6Ranges"":[{""CidrIpv6"":""::/0""}]}]'";"1. In the AWS Console, go to EC2 > Security Groups
2. Select the security group attached to your resource
3. Open the Inbound rules tab and click Edit inbound rules
4. Find rules for TCP ports 27017 or 27018 with Source 0.0.0.0/0 or ::/0
5. Delete those rules or change Source to a specific trusted CIDR (e.g., 10.0.0.0/8)
6. Click Save rules";ProwlerThreatScore-1.0: 2.1.7 | KISA-ISMS-P-2023: 2.6.1, 2.6.4, 2.10.2 | NIST-CSF-2.0: ac_5 | KISA-ISMS-P-2023-korean: 2.6.1, 2.6.4, 2.10.2 | AWS-Foundational-Technical-Review: NETSEC-001 | SOC2: cc_6_6 | AWS-Well-Architected-Framework-Security-Pillar: SEC05-BP03 | C5-2025: PI-01.01AC | ISO27001-2022: A.8.20, A.8.21, A.8.22 | MITRE-ATTACK: T1199, T1048, T1499, T1498, T1046;internet-exposed;;;;5.27.0;https://docs.aws.amazon.com/vpc/latest/userguide/VPC_SecurityGroups.html | https://support.icompaas.com/support/solutions/articles/62000127019-ensure-security-groups-do-not-allow-unrestricted-ingress-access-to-mongodb-ports-27017-and-27018;;
profile: default;2026-05-18 12:36:20.224133;481665130730;;;;;;prowler-aws-ec2_securitygroup_allow_ingress_from_internet_to_tcp_port_mongodb_27017_27018-481665130730-ap-northeast-2-sg-018446cf6b80a5cea;aws;ec2_securitygroup_allow_ingress_from_internet_to_tcp_port_mongodb_27017_27018;Security group does not allow ingress from 0.0.0.0/0 or ::/0 to MongoDB TCP ports 27017 and 27018;Software and Configuration Checks/AWS Security Best Practices/Network Reachability | TTPs/Initial Access | Effects/Data Exposure;PASS;Security group acme-prod-alb-sg (sg-018446cf6b80a5cea) does not have MongoDB ports 27017 and 27018 open to the Internet.;False;ec2;;high;AwsEc2SecurityGroup;arn:aws:ec2:ap-northeast-2:481665130730:security-group/sg-018446cf6b80a5cea;sg-018446cf6b80a5cea;acme-prod-alb-sg;Environment=prod | Project=acme | Repository=ACME/Assignment_2 | Name=acme-prod-alb-sg | ManagedBy=Terraform | Owner=ACME-Team;aws;ap-northeast-2;"**EC2 security groups** are inspected for inbound rules that expose **MongoDB** on `TCP 27017-27018` to the Internet via `0.0.0.0/0` or `::/0`.

It identifies groups where these ports are reachable from any address.";"Public **MongoDB** ports invite unauthenticated probing, brute force, and misuse of weak configs. Attackers can read/alter data, drop collections, or deploy ransomware, compromising **confidentiality** and **integrity**.

Exposure also enables enumeration and lateral movement, threatening **availability**.";;"Apply **least privilege** to MongoDB access:
- Block `0.0.0.0/0` and `::/0`
- Allow only trusted IPs or private networks
- Prefer private connectivity and SG-to-SG references
- Enforce authentication and TLS
- Segment east-west traffic and monitor access for **defense in depth**";https://hub.prowler.com/check/ec2_securitygroup_allow_ingress_from_internet_to_tcp_port_mongodb_27017_27018;"```yaml
# CloudFormation: restrict MongoDB ports from Internet
Resources:
  <example_resource_name>:
    Type: AWS::EC2::SecurityGroup
    Properties:
      GroupDescription: Restrict MongoDB ports
      VpcId: <example_resource_id>
      SecurityGroupIngress:
        - IpProtocol: tcp
          FromPort: 27017
          ToPort: 27018
          CidrIp: 10.0.0.0/8  # FIX: not 0.0.0.0/0 or ::/0; limits access to internal range
```";"```hcl
# Restrict MongoDB ports from Internet
resource ""aws_security_group"" ""secure"" {
  name   = ""<example_resource_name>""
  vpc_id = ""<example_resource_id>""

  ingress {
    from_port   = 27017
    to_port     = 27018
    protocol    = ""tcp""
    cidr_blocks = [""10.0.0.0/8""] # FIX: not 0.0.0.0/0 or ::/0; restricts Internet access
  }
}
```";"aws ec2 revoke-security-group-ingress --group-id <SECURITY_GROUP_ID> --ip-permissions '[{""IpProtocol"":""tcp"",""FromPort"":27017,""ToPort"":27018,""IpRanges"":[{""CidrIp"":""0.0.0.0/0""}],""Ipv6Ranges"":[{""CidrIpv6"":""::/0""}]}]'";"1. In the AWS Console, go to EC2 > Security Groups
2. Select the security group attached to your resource
3. Open the Inbound rules tab and click Edit inbound rules
4. Find rules for TCP ports 27017 or 27018 with Source 0.0.0.0/0 or ::/0
5. Delete those rules or change Source to a specific trusted CIDR (e.g., 10.0.0.0/8)
6. Click Save rules";ProwlerThreatScore-1.0: 2.1.7 | KISA-ISMS-P-2023: 2.6.1, 2.6.4, 2.10.2 | NIST-CSF-2.0: ac_5 | KISA-ISMS-P-2023-korean: 2.6.1, 2.6.4, 2.10.2 | AWS-Foundational-Technical-Review: NETSEC-001 | SOC2: cc_6_6 | AWS-Well-Architected-Framework-Security-Pillar: SEC05-BP03 | C5-2025: PI-01.01AC | ISO27001-2022: A.8.20, A.8.21, A.8.22 | MITRE-ATTACK: T1199, T1048, T1499, T1498, T1046;internet-exposed;;;;5.27.0;https://docs.aws.amazon.com/vpc/latest/userguide/VPC_SecurityGroups.html | https://support.icompaas.com/support/solutions/articles/62000127019-ensure-security-groups-do-not-allow-unrestricted-ingress-access-to-mongodb-ports-27017-and-27018;;
profile: default;2026-05-18 12:36:20.224133;481665130730;;;;;;prowler-aws-ec2_securitygroup_allow_ingress_from_internet_to_tcp_port_mysql_3306-481665130730-ap-northeast-2-sg-079f24a1b34315c3c;aws;ec2_securitygroup_allow_ingress_from_internet_to_tcp_port_mysql_3306;Security group does not allow ingress from 0.0.0.0/0 or ::/0 to MySQL port 3306;Software and Configuration Checks/AWS Security Best Practices/Network Reachability | Software and Configuration Checks/Industry and Regulatory Standards/AWS Foundational Security Best Practices | Software and Configuration Checks/Industry and Regulatory Standards/CIS AWS Foundations Benchmark | TTPs/Initial Access;PASS;Security group acme-prod-db-sg (sg-079f24a1b34315c3c) does not have MySQL port 3306 open to the Internet.;False;ec2;;high;AwsEc2SecurityGroup;arn:aws:ec2:ap-northeast-2:481665130730:security-group/sg-079f24a1b34315c3c;sg-079f24a1b34315c3c;acme-prod-db-sg;ManagedBy=Terraform | Environment=prod | Project=acme | Repository=ACME/Assignment_2 | Name=acme-prod-db-sg | Owner=ACME-Team;aws;ap-northeast-2;"**EC2 security groups** are assessed for **inbound exposure** of **MySQL** on `TCP 3306` from `0.0.0.0/0` or `::/0`.

The finding reflects whether this port is reachable from any IPv4 or IPv6 address.";"**Public MySQL** access lets anyone reach the service, enabling credential brute force and vulnerability exploitation. This threatens:
- **Confidentiality**: data exfiltration
- **Integrity**: unauthorized writes or schema changes
- **Availability**: DoS from abuse or scans";;Apply **least privilege**: restrict `3306` to specific sources or peer security groups only. Keep databases in private subnets and use **VPN**, **bastion**, or application proxies for admin access. Enable **defense in depth** with TLS and strong auth. Never allow `0.0.0.0/0` or `::/0` ingress.;https://hub.prowler.com/check/ec2_securitygroup_allow_ingress_from_internet_to_tcp_port_mysql_3306;"```yaml
# CloudFormation: restrict MySQL (3306) from Internet
Resources:
  ExampleSecurityGroup:
    Type: AWS::EC2::SecurityGroup
    Properties:
      GroupDescription: Limit MySQL access
      VpcId: <example_resource_id>
      SecurityGroupIngress:
        - IpProtocol: tcp
          FromPort: 3306
          ToPort: 3306
          CidrIp: 10.0.0.0/8  # Critical: not 0.0.0.0/0 or ::/0; limits MySQL to internal range
```";"```hcl
# Restrict MySQL (3306) from Internet
resource ""aws_security_group"" ""example_resource_name"" {
  vpc_id = ""<example_resource_id>""

  ingress {
    from_port   = 3306
    to_port     = 3306
    protocol    = ""tcp""
    cidr_blocks = [""10.0.0.0/8""] # Critical: not 0.0.0.0/0 or ::/0; restricts MySQL access
  }
}
```";;"1. In AWS Console, go to EC2 > Security Groups
2. Select the security group in use by the instance
3. In Inbound rules, click Edit inbound rules
4. Remove any rule for TCP port 3306 with source 0.0.0.0/0 or ::/0
5. Add a rule for TCP 3306 only from a trusted source (e.g., specific IP/CIDR or a security group)
6. Click Save rules";ProwlerThreatScore-1.0: 2.1.7 | KISA-ISMS-P-2023: 2.6.1, 2.6.4, 2.10.2 | KISA-ISMS-P-2023-korean: 2.6.1, 2.6.4, 2.10.2 | SOC2: cc_6_6 | AWS-Well-Architected-Framework-Security-Pillar: SEC05-BP03 | C5-2025: PI-01.01AC | RBI-Cyber-Security-Framework: annex_i_1_3 | ISO27001-2022: A.8.20, A.8.21, A.8.22 | MITRE-ATTACK: T1199, T1048, T1499, T1498, T1046;internet-exposed;;;;5.27.0;https://docs.aws.amazon.com/vpc/latest/userguide/VPC_SecurityGroups.html | https://www.trendmicro.com/trendaivisiononecloudriskmanagement/knowledge-base/aws/EC2/unrestricted-mysql-access.html;;
profile: default;2026-05-18 12:36:20.224133;481665130730;;;;;;prowler-aws-ec2_securitygroup_allow_ingress_from_internet_to_tcp_port_mysql_3306-481665130730-ap-northeast-2-sg-0af8ef2d6e3dba258;aws;ec2_securitygroup_allow_ingress_from_internet_to_tcp_port_mysql_3306;Security group does not allow ingress from 0.0.0.0/0 or ::/0 to MySQL port 3306;Software and Configuration Checks/AWS Security Best Practices/Network Reachability | Software and Configuration Checks/Industry and Regulatory Standards/AWS Foundational Security Best Practices | Software and Configuration Checks/Industry and Regulatory Standards/CIS AWS Foundations Benchmark | TTPs/Initial Access;PASS;Security group acme-prod-web-sg (sg-0af8ef2d6e3dba258) does not have MySQL port 3306 open to the Internet.;False;ec2;;high;AwsEc2SecurityGroup;arn:aws:ec2:ap-northeast-2:481665130730:security-group/sg-0af8ef2d6e3dba258;sg-0af8ef2d6e3dba258;acme-prod-web-sg;Environment=prod | Project=acme | Repository=ACME/Assignment_2 | Name=acme-prod-web-sg | ManagedBy=Terraform | Owner=ACME-Team;aws;ap-northeast-2;"**EC2 security groups** are assessed for **inbound exposure** of **MySQL** on `TCP 3306` from `0.0.0.0/0` or `::/0`.

The finding reflects whether this port is reachable from any IPv4 or IPv6 address.";"**Public MySQL** access lets anyone reach the service, enabling credential brute force and vulnerability exploitation. This threatens:
- **Confidentiality**: data exfiltration
- **Integrity**: unauthorized writes or schema changes
- **Availability**: DoS from abuse or scans";;Apply **least privilege**: restrict `3306` to specific sources or peer security groups only. Keep databases in private subnets and use **VPN**, **bastion**, or application proxies for admin access. Enable **defense in depth** with TLS and strong auth. Never allow `0.0.0.0/0` or `::/0` ingress.;https://hub.prowler.com/check/ec2_securitygroup_allow_ingress_from_internet_to_tcp_port_mysql_3306;"```yaml
# CloudFormation: restrict MySQL (3306) from Internet
Resources:
  ExampleSecurityGroup:
    Type: AWS::EC2::SecurityGroup
    Properties:
      GroupDescription: Limit MySQL access
      VpcId: <example_resource_id>
      SecurityGroupIngress:
        - IpProtocol: tcp
          FromPort: 3306
          ToPort: 3306
          CidrIp: 10.0.0.0/8  # Critical: not 0.0.0.0/0 or ::/0; limits MySQL to internal range
```";"```hcl
# Restrict MySQL (3306) from Internet
resource ""aws_security_group"" ""example_resource_name"" {
  vpc_id = ""<example_resource_id>""

  ingress {
    from_port   = 3306
    to_port     = 3306
    protocol    = ""tcp""
    cidr_blocks = [""10.0.0.0/8""] # Critical: not 0.0.0.0/0 or ::/0; restricts MySQL access
  }
}
```";;"1. In AWS Console, go to EC2 > Security Groups
2. Select the security group in use by the instance
3. In Inbound rules, click Edit inbound rules
4. Remove any rule for TCP port 3306 with source 0.0.0.0/0 or ::/0
5. Add a rule for TCP 3306 only from a trusted source (e.g., specific IP/CIDR or a security group)
6. Click Save rules";ProwlerThreatScore-1.0: 2.1.7 | KISA-ISMS-P-2023: 2.6.1, 2.6.4, 2.10.2 | KISA-ISMS-P-2023-korean: 2.6.1, 2.6.4, 2.10.2 | SOC2: cc_6_6 | AWS-Well-Architected-Framework-Security-Pillar: SEC05-BP03 | C5-2025: PI-01.01AC | RBI-Cyber-Security-Framework: annex_i_1_3 | ISO27001-2022: A.8.20, A.8.21, A.8.22 | MITRE-ATTACK: T1199, T1048, T1499, T1498, T1046;internet-exposed;;;;5.27.0;https://docs.aws.amazon.com/vpc/latest/userguide/VPC_SecurityGroups.html | https://www.trendmicro.com/trendaivisiononecloudriskmanagement/knowledge-base/aws/EC2/unrestricted-mysql-access.html;;
profile: default;2026-05-18 12:36:20.224133;481665130730;;;;;;prowler-aws-ec2_securitygroup_allow_ingress_from_internet_to_tcp_port_mysql_3306-481665130730-ap-northeast-2-sg-018446cf6b80a5cea;aws;ec2_securitygroup_allow_ingress_from_internet_to_tcp_port_mysql_3306;Security group does not allow ingress from 0.0.0.0/0 or ::/0 to MySQL port 3306;Software and Configuration Checks/AWS Security Best Practices/Network Reachability | Software and Configuration Checks/Industry and Regulatory Standards/AWS Foundational Security Best Practices | Software and Configuration Checks/Industry and Regulatory Standards/CIS AWS Foundations Benchmark | TTPs/Initial Access;PASS;Security group acme-prod-alb-sg (sg-018446cf6b80a5cea) does not have MySQL port 3306 open to the Internet.;False;ec2;;high;AwsEc2SecurityGroup;arn:aws:ec2:ap-northeast-2:481665130730:security-group/sg-018446cf6b80a5cea;sg-018446cf6b80a5cea;acme-prod-alb-sg;Environment=prod | Project=acme | Repository=ACME/Assignment_2 | Name=acme-prod-alb-sg | ManagedBy=Terraform | Owner=ACME-Team;aws;ap-northeast-2;"**EC2 security groups** are assessed for **inbound exposure** of **MySQL** on `TCP 3306` from `0.0.0.0/0` or `::/0`.

The finding reflects whether this port is reachable from any IPv4 or IPv6 address.";"**Public MySQL** access lets anyone reach the service, enabling credential brute force and vulnerability exploitation. This threatens:
- **Confidentiality**: data exfiltration
- **Integrity**: unauthorized writes or schema changes
- **Availability**: DoS from abuse or scans";;Apply **least privilege**: restrict `3306` to specific sources or peer security groups only. Keep databases in private subnets and use **VPN**, **bastion**, or application proxies for admin access. Enable **defense in depth** with TLS and strong auth. Never allow `0.0.0.0/0` or `::/0` ingress.;https://hub.prowler.com/check/ec2_securitygroup_allow_ingress_from_internet_to_tcp_port_mysql_3306;"```yaml
# CloudFormation: restrict MySQL (3306) from Internet
Resources:
  ExampleSecurityGroup:
    Type: AWS::EC2::SecurityGroup
    Properties:
      GroupDescription: Limit MySQL access
      VpcId: <example_resource_id>
      SecurityGroupIngress:
        - IpProtocol: tcp
          FromPort: 3306
          ToPort: 3306
          CidrIp: 10.0.0.0/8  # Critical: not 0.0.0.0/0 or ::/0; limits MySQL to internal range
```";"```hcl
# Restrict MySQL (3306) from Internet
resource ""aws_security_group"" ""example_resource_name"" {
  vpc_id = ""<example_resource_id>""

  ingress {
    from_port   = 3306
    to_port     = 3306
    protocol    = ""tcp""
    cidr_blocks = [""10.0.0.0/8""] # Critical: not 0.0.0.0/0 or ::/0; restricts MySQL access
  }
}
```";;"1. In AWS Console, go to EC2 > Security Groups
2. Select the security group in use by the instance
3. In Inbound rules, click Edit inbound rules
4. Remove any rule for TCP port 3306 with source 0.0.0.0/0 or ::/0
5. Add a rule for TCP 3306 only from a trusted source (e.g., specific IP/CIDR or a security group)
6. Click Save rules";ProwlerThreatScore-1.0: 2.1.7 | KISA-ISMS-P-2023: 2.6.1, 2.6.4, 2.10.2 | KISA-ISMS-P-2023-korean: 2.6.1, 2.6.4, 2.10.2 | SOC2: cc_6_6 | AWS-Well-Architected-Framework-Security-Pillar: SEC05-BP03 | C5-2025: PI-01.01AC | RBI-Cyber-Security-Framework: annex_i_1_3 | ISO27001-2022: A.8.20, A.8.21, A.8.22 | MITRE-ATTACK: T1199, T1048, T1499, T1498, T1046;internet-exposed;;;;5.27.0;https://docs.aws.amazon.com/vpc/latest/userguide/VPC_SecurityGroups.html | https://www.trendmicro.com/trendaivisiononecloudriskmanagement/knowledge-base/aws/EC2/unrestricted-mysql-access.html;;
profile: default;2026-05-18 12:36:20.224133;481665130730;;;;;;prowler-aws-ec2_securitygroup_allow_ingress_from_internet_to_tcp_port_oracle_1521_2483-481665130730-ap-northeast-2-sg-079f24a1b34315c3c;aws;ec2_securitygroup_allow_ingress_from_internet_to_tcp_port_oracle_1521_2483;Security group does not allow ingress from 0.0.0.0/0 or ::/0 to Oracle TCP ports 1521 or 2483;Software and Configuration Checks/AWS Security Best Practices/Network Reachability | TTPs/Initial Access;PASS;Security group acme-prod-db-sg (sg-079f24a1b34315c3c) does not have Oracle ports 1521 and 2483 open to the Internet.;False;ec2;;high;AwsEc2SecurityGroup;arn:aws:ec2:ap-northeast-2:481665130730:security-group/sg-079f24a1b34315c3c;sg-079f24a1b34315c3c;acme-prod-db-sg;ManagedBy=Terraform | Environment=prod | Project=acme | Repository=ACME/Assignment_2 | Name=acme-prod-db-sg | Owner=ACME-Team;aws;ap-northeast-2;"**EC2 security groups** are evaluated for inbound rules that permit public sources (`0.0.0.0/0` or `::/0`) to `TCP 1521` or `TCP 2483`-Oracle listener ports.

The focus is on rules that make these ports reachable from the Internet over IPv4 or IPv6.";"Public Oracle listener exposure enables attackers to:
- **Brute force** credentials and enumerate services
- Exploit **listener flaws** for remote access
- Run unauthorized queries causing **data exfiltration**
- Launch **DoS** on the listener

This jeopardizes database confidentiality, integrity, and availability.";;"Apply **least privilege** and **defense in depth**: disallow public ingress to `TCP 1521` and `TCP 2483`.

Restrict access to trusted CIDRs or peer security groups, keep databases on private networks, and require **VPN**, **bastion**, or **proxy** access. Enforce **TLS** and segment east-west and north-south traffic.";https://hub.prowler.com/check/ec2_securitygroup_allow_ingress_from_internet_to_tcp_port_oracle_1521_2483;"```yaml
# CloudFormation: restrict Oracle ports 1521 and 2483 from Internet
Resources:
  <example_resource_name>:
    Type: AWS::EC2::SecurityGroup
    Properties:
      GroupDescription: Restrict Oracle ports from Internet
      VpcId: <example_resource_id>
      SecurityGroupIngress:
        - IpProtocol: tcp
          FromPort: 1521
          ToPort: 1521
          CidrIp: 10.0.0.0/8  # Critical: do not use 0.0.0.0/0; restrict source to internal range to block Internet
        - IpProtocol: tcp
          FromPort: 2483
          ToPort: 2483
          CidrIp: 10.0.0.0/8  # Critical: restrict Oracle port 2483 from Internet
```";"```hcl
# Restrict Oracle ports 1521 and 2483 from Internet
resource ""aws_security_group"" ""<example_resource_name>"" {
  name   = ""<example_resource_name>""
  vpc_id = ""<example_resource_id>""

  ingress {
    from_port   = 1521
    to_port     = 1521
    protocol    = ""tcp""
    cidr_blocks = [""10.0.0.0/8""] # Critical: do not use 0.0.0.0/0; restrict to internal range
  }

  ingress {
    from_port   = 2483
    to_port     = 2483
    protocol    = ""tcp""
    cidr_blocks = [""10.0.0.0/8""] # Critical: restrict Oracle port 2483 from Internet
  }
}
```";;"1. In the AWS Console, go to EC2 > Security Groups
2. Select the security group attached to the resource
3. Open the Inbound rules tab and click Edit inbound rules
4. For rules on TCP ports 1521 or 2483 with Source 0.0.0.0/0 or ::/0, delete them or change Source to a specific trusted CIDR (e.g., your internal range)
5. Click Save rules";ProwlerThreatScore-1.0: 2.1.7 | KISA-ISMS-P-2023: 2.6.1, 2.6.4, 2.10.2 | NIST-CSF-2.0: ac_5 | KISA-ISMS-P-2023-korean: 2.6.1, 2.6.4, 2.10.2 | AWS-Foundational-Technical-Review: NETSEC-001 | SOC2: cc_6_6 | AWS-Well-Architected-Framework-Security-Pillar: SEC05-BP03 | C5-2025: PI-01.01AC | ISO27001-2022: A.8.20, A.8.21, A.8.22 | MITRE-ATTACK: T1199, T1048, T1499, T1498, T1046;internet-exposed;;;;5.27.0;https://docs.aws.amazon.com/vpc/latest/userguide/VPC_SecurityGroups.html | https://support.icompaas.com/support/solutions/articles/62000236318-ensure-no-security-groups-allow-ingress-from-0-0-0-0-0-or-0-to-oracle-ports-1521-or-2483-;;
profile: default;2026-05-18 12:36:20.224133;481665130730;;;;;;prowler-aws-ec2_securitygroup_allow_ingress_from_internet_to_tcp_port_oracle_1521_2483-481665130730-ap-northeast-2-sg-0af8ef2d6e3dba258;aws;ec2_securitygroup_allow_ingress_from_internet_to_tcp_port_oracle_1521_2483;Security group does not allow ingress from 0.0.0.0/0 or ::/0 to Oracle TCP ports 1521 or 2483;Software and Configuration Checks/AWS Security Best Practices/Network Reachability | TTPs/Initial Access;PASS;Security group acme-prod-web-sg (sg-0af8ef2d6e3dba258) does not have Oracle ports 1521 and 2483 open to the Internet.;False;ec2;;high;AwsEc2SecurityGroup;arn:aws:ec2:ap-northeast-2:481665130730:security-group/sg-0af8ef2d6e3dba258;sg-0af8ef2d6e3dba258;acme-prod-web-sg;Environment=prod | Project=acme | Repository=ACME/Assignment_2 | Name=acme-prod-web-sg | ManagedBy=Terraform | Owner=ACME-Team;aws;ap-northeast-2;"**EC2 security groups** are evaluated for inbound rules that permit public sources (`0.0.0.0/0` or `::/0`) to `TCP 1521` or `TCP 2483`-Oracle listener ports.

The focus is on rules that make these ports reachable from the Internet over IPv4 or IPv6.";"Public Oracle listener exposure enables attackers to:
- **Brute force** credentials and enumerate services
- Exploit **listener flaws** for remote access
- Run unauthorized queries causing **data exfiltration**
- Launch **DoS** on the listener

This jeopardizes database confidentiality, integrity, and availability.";;"Apply **least privilege** and **defense in depth**: disallow public ingress to `TCP 1521` and `TCP 2483`.

Restrict access to trusted CIDRs or peer security groups, keep databases on private networks, and require **VPN**, **bastion**, or **proxy** access. Enforce **TLS** and segment east-west and north-south traffic.";https://hub.prowler.com/check/ec2_securitygroup_allow_ingress_from_internet_to_tcp_port_oracle_1521_2483;"```yaml
# CloudFormation: restrict Oracle ports 1521 and 2483 from Internet
Resources:
  <example_resource_name>:
    Type: AWS::EC2::SecurityGroup
    Properties:
      GroupDescription: Restrict Oracle ports from Internet
      VpcId: <example_resource_id>
      SecurityGroupIngress:
        - IpProtocol: tcp
          FromPort: 1521
          ToPort: 1521
          CidrIp: 10.0.0.0/8  # Critical: do not use 0.0.0.0/0; restrict source to internal range to block Internet
        - IpProtocol: tcp
          FromPort: 2483
          ToPort: 2483
          CidrIp: 10.0.0.0/8  # Critical: restrict Oracle port 2483 from Internet
```";"```hcl
# Restrict Oracle ports 1521 and 2483 from Internet
resource ""aws_security_group"" ""<example_resource_name>"" {
  name   = ""<example_resource_name>""
  vpc_id = ""<example_resource_id>""

  ingress {
    from_port   = 1521
    to_port     = 1521
    protocol    = ""tcp""
    cidr_blocks = [""10.0.0.0/8""] # Critical: do not use 0.0.0.0/0; restrict to internal range
  }

  ingress {
    from_port   = 2483
    to_port     = 2483
    protocol    = ""tcp""
    cidr_blocks = [""10.0.0.0/8""] # Critical: restrict Oracle port 2483 from Internet
  }
}
```";;"1. In the AWS Console, go to EC2 > Security Groups
2. Select the security group attached to the resource
3. Open the Inbound rules tab and click Edit inbound rules
4. For rules on TCP ports 1521 or 2483 with Source 0.0.0.0/0 or ::/0, delete them or change Source to a specific trusted CIDR (e.g., your internal range)
5. Click Save rules";ProwlerThreatScore-1.0: 2.1.7 | KISA-ISMS-P-2023: 2.6.1, 2.6.4, 2.10.2 | NIST-CSF-2.0: ac_5 | KISA-ISMS-P-2023-korean: 2.6.1, 2.6.4, 2.10.2 | AWS-Foundational-Technical-Review: NETSEC-001 | SOC2: cc_6_6 | AWS-Well-Architected-Framework-Security-Pillar: SEC05-BP03 | C5-2025: PI-01.01AC | ISO27001-2022: A.8.20, A.8.21, A.8.22 | MITRE-ATTACK: T1199, T1048, T1499, T1498, T1046;internet-exposed;;;;5.27.0;https://docs.aws.amazon.com/vpc/latest/userguide/VPC_SecurityGroups.html | https://support.icompaas.com/support/solutions/articles/62000236318-ensure-no-security-groups-allow-ingress-from-0-0-0-0-0-or-0-to-oracle-ports-1521-or-2483-;;
profile: default;2026-05-18 12:36:20.224133;481665130730;;;;;;prowler-aws-ec2_securitygroup_allow_ingress_from_internet_to_tcp_port_oracle_1521_2483-481665130730-ap-northeast-2-sg-018446cf6b80a5cea;aws;ec2_securitygroup_allow_ingress_from_internet_to_tcp_port_oracle_1521_2483;Security group does not allow ingress from 0.0.0.0/0 or ::/0 to Oracle TCP ports 1521 or 2483;Software and Configuration Checks/AWS Security Best Practices/Network Reachability | TTPs/Initial Access;PASS;Security group acme-prod-alb-sg (sg-018446cf6b80a5cea) does not have Oracle ports 1521 and 2483 open to the Internet.;False;ec2;;high;AwsEc2SecurityGroup;arn:aws:ec2:ap-northeast-2:481665130730:security-group/sg-018446cf6b80a5cea;sg-018446cf6b80a5cea;acme-prod-alb-sg;Environment=prod | Project=acme | Repository=ACME/Assignment_2 | Name=acme-prod-alb-sg | ManagedBy=Terraform | Owner=ACME-Team;aws;ap-northeast-2;"**EC2 security groups** are evaluated for inbound rules that permit public sources (`0.0.0.0/0` or `::/0`) to `TCP 1521` or `TCP 2483`-Oracle listener ports.

The focus is on rules that make these ports reachable from the Internet over IPv4 or IPv6.";"Public Oracle listener exposure enables attackers to:
- **Brute force** credentials and enumerate services
- Exploit **listener flaws** for remote access
- Run unauthorized queries causing **data exfiltration**
- Launch **DoS** on the listener

This jeopardizes database confidentiality, integrity, and availability.";;"Apply **least privilege** and **defense in depth**: disallow public ingress to `TCP 1521` and `TCP 2483`.

Restrict access to trusted CIDRs or peer security groups, keep databases on private networks, and require **VPN**, **bastion**, or **proxy** access. Enforce **TLS** and segment east-west and north-south traffic.";https://hub.prowler.com/check/ec2_securitygroup_allow_ingress_from_internet_to_tcp_port_oracle_1521_2483;"```yaml
# CloudFormation: restrict Oracle ports 1521 and 2483 from Internet
Resources:
  <example_resource_name>:
    Type: AWS::EC2::SecurityGroup
    Properties:
      GroupDescription: Restrict Oracle ports from Internet
      VpcId: <example_resource_id>
      SecurityGroupIngress:
        - IpProtocol: tcp
          FromPort: 1521
          ToPort: 1521
          CidrIp: 10.0.0.0/8  # Critical: do not use 0.0.0.0/0; restrict source to internal range to block Internet
        - IpProtocol: tcp
          FromPort: 2483
          ToPort: 2483
          CidrIp: 10.0.0.0/8  # Critical: restrict Oracle port 2483 from Internet
```";"```hcl
# Restrict Oracle ports 1521 and 2483 from Internet
resource ""aws_security_group"" ""<example_resource_name>"" {
  name   = ""<example_resource_name>""
  vpc_id = ""<example_resource_id>""

  ingress {
    from_port   = 1521
    to_port     = 1521
    protocol    = ""tcp""
    cidr_blocks = [""10.0.0.0/8""] # Critical: do not use 0.0.0.0/0; restrict to internal range
  }

  ingress {
    from_port   = 2483
    to_port     = 2483
    protocol    = ""tcp""
    cidr_blocks = [""10.0.0.0/8""] # Critical: restrict Oracle port 2483 from Internet
  }
}
```";;"1. In the AWS Console, go to EC2 > Security Groups
2. Select the security group attached to the resource
3. Open the Inbound rules tab and click Edit inbound rules
4. For rules on TCP ports 1521 or 2483 with Source 0.0.0.0/0 or ::/0, delete them or change Source to a specific trusted CIDR (e.g., your internal range)
5. Click Save rules";ProwlerThreatScore-1.0: 2.1.7 | KISA-ISMS-P-2023: 2.6.1, 2.6.4, 2.10.2 | NIST-CSF-2.0: ac_5 | KISA-ISMS-P-2023-korean: 2.6.1, 2.6.4, 2.10.2 | AWS-Foundational-Technical-Review: NETSEC-001 | SOC2: cc_6_6 | AWS-Well-Architected-Framework-Security-Pillar: SEC05-BP03 | C5-2025: PI-01.01AC | ISO27001-2022: A.8.20, A.8.21, A.8.22 | MITRE-ATTACK: T1199, T1048, T1499, T1498, T1046;internet-exposed;;;;5.27.0;https://docs.aws.amazon.com/vpc/latest/userguide/VPC_SecurityGroups.html | https://support.icompaas.com/support/solutions/articles/62000236318-ensure-no-security-groups-allow-ingress-from-0-0-0-0-0-or-0-to-oracle-ports-1521-or-2483-;;
profile: default;2026-05-18 12:36:20.224133;481665130730;;;;;;prowler-aws-ec2_securitygroup_allow_ingress_from_internet_to_tcp_port_postgres_5432-481665130730-ap-northeast-2-sg-079f24a1b34315c3c;aws;ec2_securitygroup_allow_ingress_from_internet_to_tcp_port_postgres_5432;Security group does not allow ingress from 0.0.0.0/0 or ::/0 to Postgres TCP port 5432;Software and Configuration Checks/AWS Security Best Practices/Network Reachability | Software and Configuration Checks/Industry and Regulatory Standards/AWS Foundational Security Best Practices | Software and Configuration Checks/Industry and Regulatory Standards/CIS AWS Foundations Benchmark | TTPs/Initial Access | Effects/Data Exposure;PASS;Security group acme-prod-db-sg (sg-079f24a1b34315c3c) does not have Postgres port 5432 open to the Internet.;False;ec2;;high;AwsEc2SecurityGroup;arn:aws:ec2:ap-northeast-2:481665130730:security-group/sg-079f24a1b34315c3c;sg-079f24a1b34315c3c;acme-prod-db-sg;ManagedBy=Terraform | Environment=prod | Project=acme | Repository=ACME/Assignment_2 | Name=acme-prod-db-sg | Owner=ACME-Team;aws;ap-northeast-2;**EC2 security groups** are evaluated for inbound rules that expose **Postgres** on `TCP 5432` to the Internet. Rules permitting `0.0.0.0/0` or `::/0` to this port, or policies that open all ports publicly, are identified.;Exposing `5432` to the Internet enables credential stuffing and Postgres exploits, risking data disclosure (**confidentiality**), unauthorized changes (**integrity**), and service disruption via brute force or DoS (**availability**).;;Apply **least privilege** on security groups: remove `0.0.0.0/0` and `::/0` for `5432`, allow only trusted CIDRs or private peers. Prefer **private access** (VPC-only) via VPN, bastion, or proxy. Add **defense in depth** with SG references and network ACLs, and enforce TLS and strong authentication.;https://hub.prowler.com/check/ec2_securitygroup_allow_ingress_from_internet_to_tcp_port_postgres_5432;"```yaml
# CloudFormation: restrict Postgres (5432) from the Internet
Resources:
  <example_resource_name>:
    Type: AWS::EC2::SecurityGroup
    Properties:
      GroupDescription: ""<example_resource_name>""
      VpcId: ""<example_resource_id>""
      SecurityGroupIngress:
        - IpProtocol: tcp
          FromPort: 5432
          ToPort: 5432
          CidrIp: 10.0.0.0/8  # Critical: not 0.0.0.0/0 or ::/0; limits access so 5432 is not open to the Internet
```";"```hcl
# Security group with Postgres (5432) not exposed to the Internet
resource ""aws_security_group"" ""<example_resource_name>"" {
  name   = ""<example_resource_name>""
  vpc_id = ""<example_resource_id>""

  ingress {
    from_port   = 5432
    to_port     = 5432
    protocol    = ""tcp""
    cidr_blocks = [""10.0.0.0/8""] # Critical: avoid 0.0.0.0/0 or ::/0 to prevent Internet exposure
  }
}
```";aws ec2 revoke-security-group-ingress --group-id <SECURITY_GROUP_ID> --protocol tcp --port 5432 --cidr 0.0.0.0/0;"1. In the AWS Console, go to VPC > Security Groups
2. Select the affected security group
3. Open the Inbound rules tab and click Edit inbound rules
4. Locate any rule for PostgreSQL (port 5432) with Source 0.0.0.0/0 or ::/0
5. Delete the rule or change Source to a specific CIDR or security group
6. Click Save rules";ProwlerThreatScore-1.0: 2.1.7 | KISA-ISMS-P-2023: 2.6.1, 2.6.4, 2.10.2 | NIST-CSF-2.0: ac_5 | KISA-ISMS-P-2023-korean: 2.6.1, 2.6.4, 2.10.2 | AWS-Foundational-Technical-Review: NETSEC-001 | SOC2: cc_6_6 | AWS-Well-Architected-Framework-Security-Pillar: SEC05-BP03 | C5-2025: PI-01.01AC | ISO27001-2022: A.8.20, A.8.21, A.8.22 | MITRE-ATTACK: T1199, T1048, T1499, T1498, T1046;internet-exposed;;;;5.27.0;https://docs.aws.amazon.com/vpc/latest/userguide/VPC_SecurityGroups.html | https://www.trendmicro.com/trendaivisiononecloudriskmanagement/knowledge-base/aws/EC2/unrestricted-postgresql-access.html;;
profile: default;2026-05-18 12:36:20.224133;481665130730;;;;;;prowler-aws-ec2_securitygroup_allow_ingress_from_internet_to_tcp_port_postgres_5432-481665130730-ap-northeast-2-sg-0af8ef2d6e3dba258;aws;ec2_securitygroup_allow_ingress_from_internet_to_tcp_port_postgres_5432;Security group does not allow ingress from 0.0.0.0/0 or ::/0 to Postgres TCP port 5432;Software and Configuration Checks/AWS Security Best Practices/Network Reachability | Software and Configuration Checks/Industry and Regulatory Standards/AWS Foundational Security Best Practices | Software and Configuration Checks/Industry and Regulatory Standards/CIS AWS Foundations Benchmark | TTPs/Initial Access | Effects/Data Exposure;PASS;Security group acme-prod-web-sg (sg-0af8ef2d6e3dba258) does not have Postgres port 5432 open to the Internet.;False;ec2;;high;AwsEc2SecurityGroup;arn:aws:ec2:ap-northeast-2:481665130730:security-group/sg-0af8ef2d6e3dba258;sg-0af8ef2d6e3dba258;acme-prod-web-sg;Environment=prod | Project=acme | Repository=ACME/Assignment_2 | Name=acme-prod-web-sg | ManagedBy=Terraform | Owner=ACME-Team;aws;ap-northeast-2;**EC2 security groups** are evaluated for inbound rules that expose **Postgres** on `TCP 5432` to the Internet. Rules permitting `0.0.0.0/0` or `::/0` to this port, or policies that open all ports publicly, are identified.;Exposing `5432` to the Internet enables credential stuffing and Postgres exploits, risking data disclosure (**confidentiality**), unauthorized changes (**integrity**), and service disruption via brute force or DoS (**availability**).;;Apply **least privilege** on security groups: remove `0.0.0.0/0` and `::/0` for `5432`, allow only trusted CIDRs or private peers. Prefer **private access** (VPC-only) via VPN, bastion, or proxy. Add **defense in depth** with SG references and network ACLs, and enforce TLS and strong authentication.;https://hub.prowler.com/check/ec2_securitygroup_allow_ingress_from_internet_to_tcp_port_postgres_5432;"```yaml
# CloudFormation: restrict Postgres (5432) from the Internet
Resources:
  <example_resource_name>:
    Type: AWS::EC2::SecurityGroup
    Properties:
      GroupDescription: ""<example_resource_name>""
      VpcId: ""<example_resource_id>""
      SecurityGroupIngress:
        - IpProtocol: tcp
          FromPort: 5432
          ToPort: 5432
          CidrIp: 10.0.0.0/8  # Critical: not 0.0.0.0/0 or ::/0; limits access so 5432 is not open to the Internet
```";"```hcl
# Security group with Postgres (5432) not exposed to the Internet
resource ""aws_security_group"" ""<example_resource_name>"" {
  name   = ""<example_resource_name>""
  vpc_id = ""<example_resource_id>""

  ingress {
    from_port   = 5432
    to_port     = 5432
    protocol    = ""tcp""
    cidr_blocks = [""10.0.0.0/8""] # Critical: avoid 0.0.0.0/0 or ::/0 to prevent Internet exposure
  }
}
```";aws ec2 revoke-security-group-ingress --group-id <SECURITY_GROUP_ID> --protocol tcp --port 5432 --cidr 0.0.0.0/0;"1. In the AWS Console, go to VPC > Security Groups
2. Select the affected security group
3. Open the Inbound rules tab and click Edit inbound rules
4. Locate any rule for PostgreSQL (port 5432) with Source 0.0.0.0/0 or ::/0
5. Delete the rule or change Source to a specific CIDR or security group
6. Click Save rules";ProwlerThreatScore-1.0: 2.1.7 | KISA-ISMS-P-2023: 2.6.1, 2.6.4, 2.10.2 | NIST-CSF-2.0: ac_5 | KISA-ISMS-P-2023-korean: 2.6.1, 2.6.4, 2.10.2 | AWS-Foundational-Technical-Review: NETSEC-001 | SOC2: cc_6_6 | AWS-Well-Architected-Framework-Security-Pillar: SEC05-BP03 | C5-2025: PI-01.01AC | ISO27001-2022: A.8.20, A.8.21, A.8.22 | MITRE-ATTACK: T1199, T1048, T1499, T1498, T1046;internet-exposed;;;;5.27.0;https://docs.aws.amazon.com/vpc/latest/userguide/VPC_SecurityGroups.html | https://www.trendmicro.com/trendaivisiononecloudriskmanagement/knowledge-base/aws/EC2/unrestricted-postgresql-access.html;;
profile: default;2026-05-18 12:36:20.224133;481665130730;;;;;;prowler-aws-ec2_securitygroup_allow_ingress_from_internet_to_tcp_port_postgres_5432-481665130730-ap-northeast-2-sg-018446cf6b80a5cea;aws;ec2_securitygroup_allow_ingress_from_internet_to_tcp_port_postgres_5432;Security group does not allow ingress from 0.0.0.0/0 or ::/0 to Postgres TCP port 5432;Software and Configuration Checks/AWS Security Best Practices/Network Reachability | Software and Configuration Checks/Industry and Regulatory Standards/AWS Foundational Security Best Practices | Software and Configuration Checks/Industry and Regulatory Standards/CIS AWS Foundations Benchmark | TTPs/Initial Access | Effects/Data Exposure;PASS;Security group acme-prod-alb-sg (sg-018446cf6b80a5cea) does not have Postgres port 5432 open to the Internet.;False;ec2;;high;AwsEc2SecurityGroup;arn:aws:ec2:ap-northeast-2:481665130730:security-group/sg-018446cf6b80a5cea;sg-018446cf6b80a5cea;acme-prod-alb-sg;Environment=prod | Project=acme | Repository=ACME/Assignment_2 | Name=acme-prod-alb-sg | ManagedBy=Terraform | Owner=ACME-Team;aws;ap-northeast-2;**EC2 security groups** are evaluated for inbound rules that expose **Postgres** on `TCP 5432` to the Internet. Rules permitting `0.0.0.0/0` or `::/0` to this port, or policies that open all ports publicly, are identified.;Exposing `5432` to the Internet enables credential stuffing and Postgres exploits, risking data disclosure (**confidentiality**), unauthorized changes (**integrity**), and service disruption via brute force or DoS (**availability**).;;Apply **least privilege** on security groups: remove `0.0.0.0/0` and `::/0` for `5432`, allow only trusted CIDRs or private peers. Prefer **private access** (VPC-only) via VPN, bastion, or proxy. Add **defense in depth** with SG references and network ACLs, and enforce TLS and strong authentication.;https://hub.prowler.com/check/ec2_securitygroup_allow_ingress_from_internet_to_tcp_port_postgres_5432;"```yaml
# CloudFormation: restrict Postgres (5432) from the Internet
Resources:
  <example_resource_name>:
    Type: AWS::EC2::SecurityGroup
    Properties:
      GroupDescription: ""<example_resource_name>""
      VpcId: ""<example_resource_id>""
      SecurityGroupIngress:
        - IpProtocol: tcp
          FromPort: 5432
          ToPort: 5432
          CidrIp: 10.0.0.0/8  # Critical: not 0.0.0.0/0 or ::/0; limits access so 5432 is not open to the Internet
```";"```hcl
# Security group with Postgres (5432) not exposed to the Internet
resource ""aws_security_group"" ""<example_resource_name>"" {
  name   = ""<example_resource_name>""
  vpc_id = ""<example_resource_id>""

  ingress {
    from_port   = 5432
    to_port     = 5432
    protocol    = ""tcp""
    cidr_blocks = [""10.0.0.0/8""] # Critical: avoid 0.0.0.0/0 or ::/0 to prevent Internet exposure
  }
}
```";aws ec2 revoke-security-group-ingress --group-id <SECURITY_GROUP_ID> --protocol tcp --port 5432 --cidr 0.0.0.0/0;"1. In the AWS Console, go to VPC > Security Groups
2. Select the affected security group
3. Open the Inbound rules tab and click Edit inbound rules
4. Locate any rule for PostgreSQL (port 5432) with Source 0.0.0.0/0 or ::/0
5. Delete the rule or change Source to a specific CIDR or security group
6. Click Save rules";ProwlerThreatScore-1.0: 2.1.7 | KISA-ISMS-P-2023: 2.6.1, 2.6.4, 2.10.2 | NIST-CSF-2.0: ac_5 | KISA-ISMS-P-2023-korean: 2.6.1, 2.6.4, 2.10.2 | AWS-Foundational-Technical-Review: NETSEC-001 | SOC2: cc_6_6 | AWS-Well-Architected-Framework-Security-Pillar: SEC05-BP03 | C5-2025: PI-01.01AC | ISO27001-2022: A.8.20, A.8.21, A.8.22 | MITRE-ATTACK: T1199, T1048, T1499, T1498, T1046;internet-exposed;;;;5.27.0;https://docs.aws.amazon.com/vpc/latest/userguide/VPC_SecurityGroups.html | https://www.trendmicro.com/trendaivisiononecloudriskmanagement/knowledge-base/aws/EC2/unrestricted-postgresql-access.html;;
profile: default;2026-05-18 12:36:20.224133;481665130730;;;;;;prowler-aws-ec2_securitygroup_allow_ingress_from_internet_to_tcp_port_redis_6379-481665130730-ap-northeast-2-sg-079f24a1b34315c3c;aws;ec2_securitygroup_allow_ingress_from_internet_to_tcp_port_redis_6379;Security group does not allow ingress from 0.0.0.0/0 or ::/0 to Redis TCP port 6379;Software and Configuration Checks/AWS Security Best Practices/Network Reachability | Software and Configuration Checks/Industry and Regulatory Standards/AWS Foundational Security Best Practices | Software and Configuration Checks/Industry and Regulatory Standards/CIS AWS Foundations Benchmark | TTPs/Initial Access | Effects/Data Exposure;PASS;Security group acme-prod-db-sg (sg-079f24a1b34315c3c) does not have Redis port 6379 open to the Internet.;False;ec2;;high;AwsEc2SecurityGroup;arn:aws:ec2:ap-northeast-2:481665130730:security-group/sg-079f24a1b34315c3c;sg-079f24a1b34315c3c;acme-prod-db-sg;ManagedBy=Terraform | Environment=prod | Project=acme | Repository=ACME/Assignment_2 | Name=acme-prod-db-sg | Owner=ACME-Team;aws;ap-northeast-2;**EC2 security groups** permitting Internet sources (`0.0.0.0/0` or `::/0`) to `TCP 6379` are identified, indicating Redis is reachable from public networks;"Public Redis access undermines **confidentiality, integrity, and availability**:
- Read keys and secrets
- Modify or flush data and configs
- Exhaust memory for DoS
Attackers can brute-force `AUTH`, exploit replication or modules for code execution, and pivot within the VPC.";;"Restrict Redis to **private connectivity** and apply **least privilege**:
- Allow `6379` only from required app hosts, security groups, or CIDRs
- Prefer VPC/private networks or VPN over public IPs
- Enforce Redis `AUTH` and TLS, bind to private interfaces
- Use segmentation and monitoring for **defense in depth**";https://hub.prowler.com/check/ec2_securitygroup_allow_ingress_from_internet_to_tcp_port_redis_6379;"```yaml
# CloudFormation: restrict Redis (6379) from Internet
Resources:
  SecureSecurityGroup:
    Type: AWS::EC2::SecurityGroup
    Properties:
      GroupDescription: Restrict Redis access
      VpcId: <example_resource_id>
      SecurityGroupIngress:
        - IpProtocol: tcp
          FromPort: 6379
          ToPort: 6379
          CidrIp: 10.0.0.0/8  # Critical: do NOT use 0.0.0.0/0 or ::/0; restrict to trusted CIDR
```";"```hcl
# Security group with Redis limited to trusted sources
resource ""aws_security_group"" ""secure"" {
  vpc_id = ""<example_resource_id>""

  ingress {
    from_port   = 6379
    to_port     = 6379
    protocol    = ""tcp""
    cidr_blocks = [""10.0.0.0/8""] # Critical: do NOT use 0.0.0.0/0 or ::/0; restrict to trusted CIDR
  }
}
```";aws ec2 revoke-security-group-ingress --group-id <SECURITY_GROUP_ID> --protocol tcp --port 6379 --cidr 0.0.0.0/0;"1. In the AWS Console, go to EC2 > Security Groups
2. Select the affected security group
3. Open the Inbound rules tab and click Edit inbound rules
4. Find any rule allowing TCP port 6379 with Source 0.0.0.0/0 or ::/0
5. Delete that rule (or change Source to a trusted CIDR or security group)
6. Click Save rules";ProwlerThreatScore-1.0: 2.1.7 | KISA-ISMS-P-2023: 2.6.1, 2.6.4, 2.10.2 | KISA-ISMS-P-2023-korean: 2.6.1, 2.6.4, 2.10.2 | AWS-Foundational-Technical-Review: NETSEC-001 | SOC2: cc_6_6 | AWS-Well-Architected-Framework-Security-Pillar: SEC05-BP03 | C5-2025: PI-01.01AC | ISO27001-2022: A.8.20, A.8.21, A.8.22 | MITRE-ATTACK: T1199, T1048, T1499, T1498, T1046;internet-exposed;;;;5.27.0;https://docs.aws.amazon.com/vpc/latest/userguide/VPC_SecurityGroups.html | https://support.icompaas.com/support/solutions/articles/62000233806-ensure-no-ec2-instances-allow-ingress-from-the-internet-to-tcp-port-6379-redis-;;
profile: default;2026-05-18 12:36:20.224133;481665130730;;;;;;prowler-aws-ec2_securitygroup_allow_ingress_from_internet_to_tcp_port_redis_6379-481665130730-ap-northeast-2-sg-0af8ef2d6e3dba258;aws;ec2_securitygroup_allow_ingress_from_internet_to_tcp_port_redis_6379;Security group does not allow ingress from 0.0.0.0/0 or ::/0 to Redis TCP port 6379;Software and Configuration Checks/AWS Security Best Practices/Network Reachability | Software and Configuration Checks/Industry and Regulatory Standards/AWS Foundational Security Best Practices | Software and Configuration Checks/Industry and Regulatory Standards/CIS AWS Foundations Benchmark | TTPs/Initial Access | Effects/Data Exposure;PASS;Security group acme-prod-web-sg (sg-0af8ef2d6e3dba258) does not have Redis port 6379 open to the Internet.;False;ec2;;high;AwsEc2SecurityGroup;arn:aws:ec2:ap-northeast-2:481665130730:security-group/sg-0af8ef2d6e3dba258;sg-0af8ef2d6e3dba258;acme-prod-web-sg;Environment=prod | Project=acme | Repository=ACME/Assignment_2 | Name=acme-prod-web-sg | ManagedBy=Terraform | Owner=ACME-Team;aws;ap-northeast-2;**EC2 security groups** permitting Internet sources (`0.0.0.0/0` or `::/0`) to `TCP 6379` are identified, indicating Redis is reachable from public networks;"Public Redis access undermines **confidentiality, integrity, and availability**:
- Read keys and secrets
- Modify or flush data and configs
- Exhaust memory for DoS
Attackers can brute-force `AUTH`, exploit replication or modules for code execution, and pivot within the VPC.";;"Restrict Redis to **private connectivity** and apply **least privilege**:
- Allow `6379` only from required app hosts, security groups, or CIDRs
- Prefer VPC/private networks or VPN over public IPs
- Enforce Redis `AUTH` and TLS, bind to private interfaces
- Use segmentation and monitoring for **defense in depth**";https://hub.prowler.com/check/ec2_securitygroup_allow_ingress_from_internet_to_tcp_port_redis_6379;"```yaml
# CloudFormation: restrict Redis (6379) from Internet
Resources:
  SecureSecurityGroup:
    Type: AWS::EC2::SecurityGroup
    Properties:
      GroupDescription: Restrict Redis access
      VpcId: <example_resource_id>
      SecurityGroupIngress:
        - IpProtocol: tcp
          FromPort: 6379
          ToPort: 6379
          CidrIp: 10.0.0.0/8  # Critical: do NOT use 0.0.0.0/0 or ::/0; restrict to trusted CIDR
```";"```hcl
# Security group with Redis limited to trusted sources
resource ""aws_security_group"" ""secure"" {
  vpc_id = ""<example_resource_id>""

  ingress {
    from_port   = 6379
    to_port     = 6379
    protocol    = ""tcp""
    cidr_blocks = [""10.0.0.0/8""] # Critical: do NOT use 0.0.0.0/0 or ::/0; restrict to trusted CIDR
  }
}
```";aws ec2 revoke-security-group-ingress --group-id <SECURITY_GROUP_ID> --protocol tcp --port 6379 --cidr 0.0.0.0/0;"1. In the AWS Console, go to EC2 > Security Groups
2. Select the affected security group
3. Open the Inbound rules tab and click Edit inbound rules
4. Find any rule allowing TCP port 6379 with Source 0.0.0.0/0 or ::/0
5. Delete that rule (or change Source to a trusted CIDR or security group)
6. Click Save rules";ProwlerThreatScore-1.0: 2.1.7 | KISA-ISMS-P-2023: 2.6.1, 2.6.4, 2.10.2 | KISA-ISMS-P-2023-korean: 2.6.1, 2.6.4, 2.10.2 | AWS-Foundational-Technical-Review: NETSEC-001 | SOC2: cc_6_6 | AWS-Well-Architected-Framework-Security-Pillar: SEC05-BP03 | C5-2025: PI-01.01AC | ISO27001-2022: A.8.20, A.8.21, A.8.22 | MITRE-ATTACK: T1199, T1048, T1499, T1498, T1046;internet-exposed;;;;5.27.0;https://docs.aws.amazon.com/vpc/latest/userguide/VPC_SecurityGroups.html | https://support.icompaas.com/support/solutions/articles/62000233806-ensure-no-ec2-instances-allow-ingress-from-the-internet-to-tcp-port-6379-redis-;;
profile: default;2026-05-18 12:36:20.224133;481665130730;;;;;;prowler-aws-ec2_securitygroup_allow_ingress_from_internet_to_tcp_port_redis_6379-481665130730-ap-northeast-2-sg-018446cf6b80a5cea;aws;ec2_securitygroup_allow_ingress_from_internet_to_tcp_port_redis_6379;Security group does not allow ingress from 0.0.0.0/0 or ::/0 to Redis TCP port 6379;Software and Configuration Checks/AWS Security Best Practices/Network Reachability | Software and Configuration Checks/Industry and Regulatory Standards/AWS Foundational Security Best Practices | Software and Configuration Checks/Industry and Regulatory Standards/CIS AWS Foundations Benchmark | TTPs/Initial Access | Effects/Data Exposure;PASS;Security group acme-prod-alb-sg (sg-018446cf6b80a5cea) does not have Redis port 6379 open to the Internet.;False;ec2;;high;AwsEc2SecurityGroup;arn:aws:ec2:ap-northeast-2:481665130730:security-group/sg-018446cf6b80a5cea;sg-018446cf6b80a5cea;acme-prod-alb-sg;Environment=prod | Project=acme | Repository=ACME/Assignment_2 | Name=acme-prod-alb-sg | ManagedBy=Terraform | Owner=ACME-Team;aws;ap-northeast-2;**EC2 security groups** permitting Internet sources (`0.0.0.0/0` or `::/0`) to `TCP 6379` are identified, indicating Redis is reachable from public networks;"Public Redis access undermines **confidentiality, integrity, and availability**:
- Read keys and secrets
- Modify or flush data and configs
- Exhaust memory for DoS
Attackers can brute-force `AUTH`, exploit replication or modules for code execution, and pivot within the VPC.";;"Restrict Redis to **private connectivity** and apply **least privilege**:
- Allow `6379` only from required app hosts, security groups, or CIDRs
- Prefer VPC/private networks or VPN over public IPs
- Enforce Redis `AUTH` and TLS, bind to private interfaces
- Use segmentation and monitoring for **defense in depth**";https://hub.prowler.com/check/ec2_securitygroup_allow_ingress_from_internet_to_tcp_port_redis_6379;"```yaml
# CloudFormation: restrict Redis (6379) from Internet
Resources:
  SecureSecurityGroup:
    Type: AWS::EC2::SecurityGroup
    Properties:
      GroupDescription: Restrict Redis access
      VpcId: <example_resource_id>
      SecurityGroupIngress:
        - IpProtocol: tcp
          FromPort: 6379
          ToPort: 6379
          CidrIp: 10.0.0.0/8  # Critical: do NOT use 0.0.0.0/0 or ::/0; restrict to trusted CIDR
```";"```hcl
# Security group with Redis limited to trusted sources
resource ""aws_security_group"" ""secure"" {
  vpc_id = ""<example_resource_id>""

  ingress {
    from_port   = 6379
    to_port     = 6379
    protocol    = ""tcp""
    cidr_blocks = [""10.0.0.0/8""] # Critical: do NOT use 0.0.0.0/0 or ::/0; restrict to trusted CIDR
  }
}
```";aws ec2 revoke-security-group-ingress --group-id <SECURITY_GROUP_ID> --protocol tcp --port 6379 --cidr 0.0.0.0/0;"1. In the AWS Console, go to EC2 > Security Groups
2. Select the affected security group
3. Open the Inbound rules tab and click Edit inbound rules
4. Find any rule allowing TCP port 6379 with Source 0.0.0.0/0 or ::/0
5. Delete that rule (or change Source to a trusted CIDR or security group)
6. Click Save rules";ProwlerThreatScore-1.0: 2.1.7 | KISA-ISMS-P-2023: 2.6.1, 2.6.4, 2.10.2 | KISA-ISMS-P-2023-korean: 2.6.1, 2.6.4, 2.10.2 | AWS-Foundational-Technical-Review: NETSEC-001 | SOC2: cc_6_6 | AWS-Well-Architected-Framework-Security-Pillar: SEC05-BP03 | C5-2025: PI-01.01AC | ISO27001-2022: A.8.20, A.8.21, A.8.22 | MITRE-ATTACK: T1199, T1048, T1499, T1498, T1046;internet-exposed;;;;5.27.0;https://docs.aws.amazon.com/vpc/latest/userguide/VPC_SecurityGroups.html | https://support.icompaas.com/support/solutions/articles/62000233806-ensure-no-ec2-instances-allow-ingress-from-the-internet-to-tcp-port-6379-redis-;;
profile: default;2026-05-18 12:36:20.224133;481665130730;;;;;;prowler-aws-ec2_securitygroup_allow_ingress_from_internet_to_tcp_port_sql_server_1433_1434-481665130730-ap-northeast-2-sg-079f24a1b34315c3c;aws;ec2_securitygroup_allow_ingress_from_internet_to_tcp_port_sql_server_1433_1434;Security group does not allow ingress from 0.0.0.0/0 or ::/0 to Microsoft SQL Server ports 1433 and 1434;Software and Configuration Checks/AWS Security Best Practices/Network Reachability | Software and Configuration Checks/Industry and Regulatory Standards/AWS Foundational Security Best Practices | Software and Configuration Checks/Industry and Regulatory Standards/CIS AWS Foundations Benchmark | TTPs/Initial Access/Unauthorized Access | Effects/Data Exposure;PASS;Security group acme-prod-db-sg (sg-079f24a1b34315c3c) does not have Microsoft SQL Server ports 1433 and 1434 open to the Internet.;False;ec2;;high;AwsEc2SecurityGroup;arn:aws:ec2:ap-northeast-2:481665130730:security-group/sg-079f24a1b34315c3c;sg-079f24a1b34315c3c;acme-prod-db-sg;ManagedBy=Terraform | Environment=prod | Project=acme | Repository=ACME/Assignment_2 | Name=acme-prod-db-sg | Owner=ACME-Team;aws;ap-northeast-2;**EC2 security groups** with inbound rules that allow Internet sources (`0.0.0.0/0`, `::/0`) to reach **Microsoft SQL Server** on `TCP 1433` or `TCP 1434`;**Internet-exposed SQL ports** enable credential brute force, service enumeration, and remote exploitation. Compromise can lead to unauthorized queries, data exfiltration or tampering, and outages via destructive commands, degrading **confidentiality**, **integrity**, and **availability**.;;"Apply **least privilege** on network access:
- Restrict SQL ingress to trusted IPs or via VPN/bastion
- Place databases in private subnets; allow only app-tier sources
- Avoid `0.0.0.0/0` and `::/0`
- Use **defense in depth** with network ACLs/firewalls
- Monitor auth failures and rate-limit repeated attempts";https://hub.prowler.com/check/ec2_securitygroup_allow_ingress_from_internet_to_tcp_port_sql_server_1433_1434;"```yaml
# CloudFormation: restrict SQL Server ports from Internet
Resources:
  <example_resource_name>:
    Type: AWS::EC2::SecurityGroup
    Properties:
      GroupDescription: Restrict SQL ports
      VpcId: <example_resource_id>
      SecurityGroupIngress:
        - IpProtocol: tcp
          FromPort: 1433
          ToPort: 1433
          CidrIp: 10.0.0.0/8  # CRITICAL: not 0.0.0.0/0; limits exposure to internal range
        - IpProtocol: tcp
          FromPort: 1434
          ToPort: 1434
          CidrIp: 10.0.0.0/8  # CRITICAL: not 0.0.0.0/0; blocks Internet access
```";"```hcl
# Restrict SQL Server ports from Internet
resource ""aws_security_group"" ""<example_resource_name>"" {
  name   = ""<example_resource_name>""
  vpc_id = ""<example_resource_id>""

  ingress {
    from_port   = 1433
    to_port     = 1433
    protocol    = ""tcp""
    cidr_blocks = [""10.0.0.0/8""]  # CRITICAL: not 0.0.0.0/0; restricts Internet access
  }

  ingress {
    from_port   = 1434
    to_port     = 1434
    protocol    = ""tcp""
    cidr_blocks = [""10.0.0.0/8""]  # CRITICAL: not 0.0.0.0/0; blocks Internet exposure
  }
}
```";"aws ec2 revoke-security-group-ingress --group-id <SECURITY_GROUP_ID> --ip-permissions '[{""IpProtocol"":""tcp"",""FromPort"":1433,""ToPort"":1433,""IpRanges"":[{""CidrIp"":""0.0.0.0/0""}],""Ipv6Ranges"":[{""CidrIpv6"":""::/0""}]},{""IpProtocol"":""tcp"",""FromPort"":1434,""ToPort"":1434,""IpRanges"":[{""CidrIp"":""0.0.0.0/0""}],""Ipv6Ranges"":[{""CidrIpv6"":""::/0""}]]'";"1. Open the AWS Console > EC2 > Security Groups
2. Select the target security group and open Inbound rules
3. Find rules allowing TCP 1433 or 1434 from 0.0.0.0/0 or ::/0
4. Delete those rules (or change Source to a specific CIDR or security group)
5. Click Save rules";ProwlerThreatScore-1.0: 2.1.7 | KISA-ISMS-P-2023: 2.6.1, 2.6.4, 2.10.2 | KISA-ISMS-P-2023-korean: 2.6.1, 2.6.4, 2.10.2 | AWS-Foundational-Technical-Review: NETSEC-001 | SOC2: cc_6_6 | AWS-Well-Architected-Framework-Security-Pillar: SEC05-BP03 | C5-2025: PI-01.01AC | ISO27001-2022: A.8.20, A.8.21, A.8.22 | MITRE-ATTACK: T1199, T1048, T1499, T1498, T1046;internet-exposed;;;;5.27.0;https://docs.aws.amazon.com/vpc/latest/userguide/VPC_SecurityGroups.html | https://support.icompaas.com/support/solutions/articles/62000223371-ensure-no-security-groups-allow-ingress-from-0-0-0-0-0-or-0-to-windows-sql-server-ports-1433-or-14;;
profile: default;2026-05-18 12:36:20.224133;481665130730;;;;;;prowler-aws-ec2_securitygroup_allow_ingress_from_internet_to_tcp_port_sql_server_1433_1434-481665130730-ap-northeast-2-sg-0af8ef2d6e3dba258;aws;ec2_securitygroup_allow_ingress_from_internet_to_tcp_port_sql_server_1433_1434;Security group does not allow ingress from 0.0.0.0/0 or ::/0 to Microsoft SQL Server ports 1433 and 1434;Software and Configuration Checks/AWS Security Best Practices/Network Reachability | Software and Configuration Checks/Industry and Regulatory Standards/AWS Foundational Security Best Practices | Software and Configuration Checks/Industry and Regulatory Standards/CIS AWS Foundations Benchmark | TTPs/Initial Access/Unauthorized Access | Effects/Data Exposure;PASS;Security group acme-prod-web-sg (sg-0af8ef2d6e3dba258) does not have Microsoft SQL Server ports 1433 and 1434 open to the Internet.;False;ec2;;high;AwsEc2SecurityGroup;arn:aws:ec2:ap-northeast-2:481665130730:security-group/sg-0af8ef2d6e3dba258;sg-0af8ef2d6e3dba258;acme-prod-web-sg;Environment=prod | Project=acme | Repository=ACME/Assignment_2 | Name=acme-prod-web-sg | ManagedBy=Terraform | Owner=ACME-Team;aws;ap-northeast-2;**EC2 security groups** with inbound rules that allow Internet sources (`0.0.0.0/0`, `::/0`) to reach **Microsoft SQL Server** on `TCP 1433` or `TCP 1434`;**Internet-exposed SQL ports** enable credential brute force, service enumeration, and remote exploitation. Compromise can lead to unauthorized queries, data exfiltration or tampering, and outages via destructive commands, degrading **confidentiality**, **integrity**, and **availability**.;;"Apply **least privilege** on network access:
- Restrict SQL ingress to trusted IPs or via VPN/bastion
- Place databases in private subnets; allow only app-tier sources
- Avoid `0.0.0.0/0` and `::/0`
- Use **defense in depth** with network ACLs/firewalls
- Monitor auth failures and rate-limit repeated attempts";https://hub.prowler.com/check/ec2_securitygroup_allow_ingress_from_internet_to_tcp_port_sql_server_1433_1434;"```yaml
# CloudFormation: restrict SQL Server ports from Internet
Resources:
  <example_resource_name>:
    Type: AWS::EC2::SecurityGroup
    Properties:
      GroupDescription: Restrict SQL ports
      VpcId: <example_resource_id>
      SecurityGroupIngress:
        - IpProtocol: tcp
          FromPort: 1433
          ToPort: 1433
          CidrIp: 10.0.0.0/8  # CRITICAL: not 0.0.0.0/0; limits exposure to internal range
        - IpProtocol: tcp
          FromPort: 1434
          ToPort: 1434
          CidrIp: 10.0.0.0/8  # CRITICAL: not 0.0.0.0/0; blocks Internet access
```";"```hcl
# Restrict SQL Server ports from Internet
resource ""aws_security_group"" ""<example_resource_name>"" {
  name   = ""<example_resource_name>""
  vpc_id = ""<example_resource_id>""

  ingress {
    from_port   = 1433
    to_port     = 1433
    protocol    = ""tcp""
    cidr_blocks = [""10.0.0.0/8""]  # CRITICAL: not 0.0.0.0/0; restricts Internet access
  }

  ingress {
    from_port   = 1434
    to_port     = 1434
    protocol    = ""tcp""
    cidr_blocks = [""10.0.0.0/8""]  # CRITICAL: not 0.0.0.0/0; blocks Internet exposure
  }
}
```";"aws ec2 revoke-security-group-ingress --group-id <SECURITY_GROUP_ID> --ip-permissions '[{""IpProtocol"":""tcp"",""FromPort"":1433,""ToPort"":1433,""IpRanges"":[{""CidrIp"":""0.0.0.0/0""}],""Ipv6Ranges"":[{""CidrIpv6"":""::/0""}]},{""IpProtocol"":""tcp"",""FromPort"":1434,""ToPort"":1434,""IpRanges"":[{""CidrIp"":""0.0.0.0/0""}],""Ipv6Ranges"":[{""CidrIpv6"":""::/0""}]]'";"1. Open the AWS Console > EC2 > Security Groups
2. Select the target security group and open Inbound rules
3. Find rules allowing TCP 1433 or 1434 from 0.0.0.0/0 or ::/0
4. Delete those rules (or change Source to a specific CIDR or security group)
5. Click Save rules";ProwlerThreatScore-1.0: 2.1.7 | KISA-ISMS-P-2023: 2.6.1, 2.6.4, 2.10.2 | KISA-ISMS-P-2023-korean: 2.6.1, 2.6.4, 2.10.2 | AWS-Foundational-Technical-Review: NETSEC-001 | SOC2: cc_6_6 | AWS-Well-Architected-Framework-Security-Pillar: SEC05-BP03 | C5-2025: PI-01.01AC | ISO27001-2022: A.8.20, A.8.21, A.8.22 | MITRE-ATTACK: T1199, T1048, T1499, T1498, T1046;internet-exposed;;;;5.27.0;https://docs.aws.amazon.com/vpc/latest/userguide/VPC_SecurityGroups.html | https://support.icompaas.com/support/solutions/articles/62000223371-ensure-no-security-groups-allow-ingress-from-0-0-0-0-0-or-0-to-windows-sql-server-ports-1433-or-14;;
profile: default;2026-05-18 12:36:20.224133;481665130730;;;;;;prowler-aws-ec2_securitygroup_allow_ingress_from_internet_to_tcp_port_sql_server_1433_1434-481665130730-ap-northeast-2-sg-018446cf6b80a5cea;aws;ec2_securitygroup_allow_ingress_from_internet_to_tcp_port_sql_server_1433_1434;Security group does not allow ingress from 0.0.0.0/0 or ::/0 to Microsoft SQL Server ports 1433 and 1434;Software and Configuration Checks/AWS Security Best Practices/Network Reachability | Software and Configuration Checks/Industry and Regulatory Standards/AWS Foundational Security Best Practices | Software and Configuration Checks/Industry and Regulatory Standards/CIS AWS Foundations Benchmark | TTPs/Initial Access/Unauthorized Access | Effects/Data Exposure;PASS;Security group acme-prod-alb-sg (sg-018446cf6b80a5cea) does not have Microsoft SQL Server ports 1433 and 1434 open to the Internet.;False;ec2;;high;AwsEc2SecurityGroup;arn:aws:ec2:ap-northeast-2:481665130730:security-group/sg-018446cf6b80a5cea;sg-018446cf6b80a5cea;acme-prod-alb-sg;Environment=prod | Project=acme | Repository=ACME/Assignment_2 | Name=acme-prod-alb-sg | ManagedBy=Terraform | Owner=ACME-Team;aws;ap-northeast-2;**EC2 security groups** with inbound rules that allow Internet sources (`0.0.0.0/0`, `::/0`) to reach **Microsoft SQL Server** on `TCP 1433` or `TCP 1434`;**Internet-exposed SQL ports** enable credential brute force, service enumeration, and remote exploitation. Compromise can lead to unauthorized queries, data exfiltration or tampering, and outages via destructive commands, degrading **confidentiality**, **integrity**, and **availability**.;;"Apply **least privilege** on network access:
- Restrict SQL ingress to trusted IPs or via VPN/bastion
- Place databases in private subnets; allow only app-tier sources
- Avoid `0.0.0.0/0` and `::/0`
- Use **defense in depth** with network ACLs/firewalls
- Monitor auth failures and rate-limit repeated attempts";https://hub.prowler.com/check/ec2_securitygroup_allow_ingress_from_internet_to_tcp_port_sql_server_1433_1434;"```yaml
# CloudFormation: restrict SQL Server ports from Internet
Resources:
  <example_resource_name>:
    Type: AWS::EC2::SecurityGroup
    Properties:
      GroupDescription: Restrict SQL ports
      VpcId: <example_resource_id>
      SecurityGroupIngress:
        - IpProtocol: tcp
          FromPort: 1433
          ToPort: 1433
          CidrIp: 10.0.0.0/8  # CRITICAL: not 0.0.0.0/0; limits exposure to internal range
        - IpProtocol: tcp
          FromPort: 1434
          ToPort: 1434
          CidrIp: 10.0.0.0/8  # CRITICAL: not 0.0.0.0/0; blocks Internet access
```";"```hcl
# Restrict SQL Server ports from Internet
resource ""aws_security_group"" ""<example_resource_name>"" {
  name   = ""<example_resource_name>""
  vpc_id = ""<example_resource_id>""

  ingress {
    from_port   = 1433
    to_port     = 1433
    protocol    = ""tcp""
    cidr_blocks = [""10.0.0.0/8""]  # CRITICAL: not 0.0.0.0/0; restricts Internet access
  }

  ingress {
    from_port   = 1434
    to_port     = 1434
    protocol    = ""tcp""
    cidr_blocks = [""10.0.0.0/8""]  # CRITICAL: not 0.0.0.0/0; blocks Internet exposure
  }
}
```";"aws ec2 revoke-security-group-ingress --group-id <SECURITY_GROUP_ID> --ip-permissions '[{""IpProtocol"":""tcp"",""FromPort"":1433,""ToPort"":1433,""IpRanges"":[{""CidrIp"":""0.0.0.0/0""}],""Ipv6Ranges"":[{""CidrIpv6"":""::/0""}]},{""IpProtocol"":""tcp"",""FromPort"":1434,""ToPort"":1434,""IpRanges"":[{""CidrIp"":""0.0.0.0/0""}],""Ipv6Ranges"":[{""CidrIpv6"":""::/0""}]]'";"1. Open the AWS Console > EC2 > Security Groups
2. Select the target security group and open Inbound rules
3. Find rules allowing TCP 1433 or 1434 from 0.0.0.0/0 or ::/0
4. Delete those rules (or change Source to a specific CIDR or security group)
5. Click Save rules";ProwlerThreatScore-1.0: 2.1.7 | KISA-ISMS-P-2023: 2.6.1, 2.6.4, 2.10.2 | KISA-ISMS-P-2023-korean: 2.6.1, 2.6.4, 2.10.2 | AWS-Foundational-Technical-Review: NETSEC-001 | SOC2: cc_6_6 | AWS-Well-Architected-Framework-Security-Pillar: SEC05-BP03 | C5-2025: PI-01.01AC | ISO27001-2022: A.8.20, A.8.21, A.8.22 | MITRE-ATTACK: T1199, T1048, T1499, T1498, T1046;internet-exposed;;;;5.27.0;https://docs.aws.amazon.com/vpc/latest/userguide/VPC_SecurityGroups.html | https://support.icompaas.com/support/solutions/articles/62000223371-ensure-no-security-groups-allow-ingress-from-0-0-0-0-0-or-0-to-windows-sql-server-ports-1433-or-14;;
profile: default;2026-05-18 12:36:20.224133;481665130730;;;;;;prowler-aws-ec2_securitygroup_allow_ingress_from_internet_to_tcp_port_telnet_23-481665130730-ap-northeast-2-sg-079f24a1b34315c3c;aws;ec2_securitygroup_allow_ingress_from_internet_to_tcp_port_telnet_23;Security group does not allow ingress from the Internet to TCP port 23 (Telnet);Software and Configuration Checks/AWS Security Best Practices/Network Reachability | Software and Configuration Checks/Industry and Regulatory Standards/AWS Foundational Security Best Practices | Software and Configuration Checks/Industry and Regulatory Standards/CIS AWS Foundations Benchmark | TTPs/Initial Access;PASS;Security group acme-prod-db-sg (sg-079f24a1b34315c3c) does not have Telnet port 23 open to the Internet.;False;ec2;;high;AwsEc2SecurityGroup;arn:aws:ec2:ap-northeast-2:481665130730:security-group/sg-079f24a1b34315c3c;sg-079f24a1b34315c3c;acme-prod-db-sg;ManagedBy=Terraform | Environment=prod | Project=acme | Repository=ACME/Assignment_2 | Name=acme-prod-db-sg | Owner=ACME-Team;aws;ap-northeast-2;**EC2 security groups** are evaluated for rules that allow **inbound Telnet** on `TCP 23` from the Internet (`0.0.0.0/0` or `::/0`).;"Public **Telnet** exposes cleartext credentials and remote shell access.
- Brute-force and credential interception enable account takeover
- Command execution enables data theft and lateral movement

This threatens confidentiality and integrity and can degrade availability through misuse.";;Remove rules permitting Internet access to `TCP 23` from `0.0.0.0/0` or `::/0`. Disable **Telnet** on hosts. Prefer **SSH** or **SSM** and apply **least privilege** network rules. Restrict admin access to trusted IPs, VPN, or private endpoints, and use **defense in depth** with NACLs and logging.;https://hub.prowler.com/check/ec2_securitygroup_allow_ingress_from_internet_to_tcp_port_telnet_23;"```yaml
# CloudFormation: restrict Telnet (port 23) from Internet
Resources:
  <example_resource_name>:
    Type: AWS::EC2::SecurityGroup
    Properties:
      GroupDescription: Restrict Telnet
      VpcId: <example_resource_id>
      SecurityGroupIngress:
        - IpProtocol: tcp
          FromPort: 23
          ToPort: 23
          CidrIp: 10.0.0.0/8  # CRITICAL: Restricts Telnet (23) to internal range; removes Internet-wide (0.0.0.0/0) access
```";"```hcl
resource ""aws_security_group"" ""<example_resource_name>"" {
  vpc_id = ""<example_resource_id>""

  ingress {
    from_port   = 23
    to_port     = 23
    protocol    = ""tcp""
    cidr_blocks = [""10.0.0.0/8""] # CRITICAL: Restricts Telnet (23); do not use 0.0.0.0/0 or ::/0
  }
}
```";"aws ec2 revoke-security-group-ingress --group-id <SECURITY_GROUP_ID> --ip-permissions '[{""IpProtocol"":""tcp"",""FromPort"":23,""ToPort"":23,""IpRanges"":[{""CidrIp"":""0.0.0.0/0""}],""Ipv6Ranges"":[{""CidrIpv6"":""::/0""}]}]'";"1. In the AWS console, go to VPC > Security Groups
2. Select the affected security group and open Inbound rules
3. Click Edit inbound rules
4. Find any rule allowing TCP port 23 (Telnet) from 0.0.0.0/0 or ::/0
5. Delete the rule or change Source to a specific trusted CIDR
6. Save rules";ProwlerThreatScore-1.0: 2.1.7 | KISA-ISMS-P-2023: 2.6.1, 2.6.2, 2.6.6, 2.10.2 | KISA-ISMS-P-2023-korean: 2.6.1, 2.6.2, 2.6.6, 2.10.2 | AWS-Foundational-Technical-Review: NETSEC-001 | SOC2: cc_6_6 | CCC-v2025.10: CCC.Core.CN01.AR03 | AWS-Well-Architected-Framework-Security-Pillar: SEC05-BP03 | C5-2025: PI-01.01AC | ISO27001-2022: A.8.20, A.8.21, A.8.22 | MITRE-ATTACK: T1199, T1048, T1499, T1498, T1046;internet-exposed;;;;5.27.0;https://docs.aws.amazon.com/vpc/latest/userguide/VPC_SecurityGroups.html | https://support.icompaas.com/support/solutions/articles/62000233790-ensure-no-ec2-instances-allow-ingress-from-the-internet-to-tcp-port-23-telnet- | https://www.trendmicro.com/trendaivisiononecloudriskmanagement/knowledge-base/aws/EC2/unrestricted-telnet-access.html;;
profile: default;2026-05-18 12:36:20.224133;481665130730;;;;;;prowler-aws-ec2_securitygroup_allow_ingress_from_internet_to_tcp_port_telnet_23-481665130730-ap-northeast-2-sg-0af8ef2d6e3dba258;aws;ec2_securitygroup_allow_ingress_from_internet_to_tcp_port_telnet_23;Security group does not allow ingress from the Internet to TCP port 23 (Telnet);Software and Configuration Checks/AWS Security Best Practices/Network Reachability | Software and Configuration Checks/Industry and Regulatory Standards/AWS Foundational Security Best Practices | Software and Configuration Checks/Industry and Regulatory Standards/CIS AWS Foundations Benchmark | TTPs/Initial Access;PASS;Security group acme-prod-web-sg (sg-0af8ef2d6e3dba258) does not have Telnet port 23 open to the Internet.;False;ec2;;high;AwsEc2SecurityGroup;arn:aws:ec2:ap-northeast-2:481665130730:security-group/sg-0af8ef2d6e3dba258;sg-0af8ef2d6e3dba258;acme-prod-web-sg;Environment=prod | Project=acme | Repository=ACME/Assignment_2 | Name=acme-prod-web-sg | ManagedBy=Terraform | Owner=ACME-Team;aws;ap-northeast-2;**EC2 security groups** are evaluated for rules that allow **inbound Telnet** on `TCP 23` from the Internet (`0.0.0.0/0` or `::/0`).;"Public **Telnet** exposes cleartext credentials and remote shell access.
- Brute-force and credential interception enable account takeover
- Command execution enables data theft and lateral movement

This threatens confidentiality and integrity and can degrade availability through misuse.";;Remove rules permitting Internet access to `TCP 23` from `0.0.0.0/0` or `::/0`. Disable **Telnet** on hosts. Prefer **SSH** or **SSM** and apply **least privilege** network rules. Restrict admin access to trusted IPs, VPN, or private endpoints, and use **defense in depth** with NACLs and logging.;https://hub.prowler.com/check/ec2_securitygroup_allow_ingress_from_internet_to_tcp_port_telnet_23;"```yaml
# CloudFormation: restrict Telnet (port 23) from Internet
Resources:
  <example_resource_name>:
    Type: AWS::EC2::SecurityGroup
    Properties:
      GroupDescription: Restrict Telnet
      VpcId: <example_resource_id>
      SecurityGroupIngress:
        - IpProtocol: tcp
          FromPort: 23
          ToPort: 23
          CidrIp: 10.0.0.0/8  # CRITICAL: Restricts Telnet (23) to internal range; removes Internet-wide (0.0.0.0/0) access
```";"```hcl
resource ""aws_security_group"" ""<example_resource_name>"" {
  vpc_id = ""<example_resource_id>""

  ingress {
    from_port   = 23
    to_port     = 23
    protocol    = ""tcp""
    cidr_blocks = [""10.0.0.0/8""] # CRITICAL: Restricts Telnet (23); do not use 0.0.0.0/0 or ::/0
  }
}
```";"aws ec2 revoke-security-group-ingress --group-id <SECURITY_GROUP_ID> --ip-permissions '[{""IpProtocol"":""tcp"",""FromPort"":23,""ToPort"":23,""IpRanges"":[{""CidrIp"":""0.0.0.0/0""}],""Ipv6Ranges"":[{""CidrIpv6"":""::/0""}]}]'";"1. In the AWS console, go to VPC > Security Groups
2. Select the affected security group and open Inbound rules
3. Click Edit inbound rules
4. Find any rule allowing TCP port 23 (Telnet) from 0.0.0.0/0 or ::/0
5. Delete the rule or change Source to a specific trusted CIDR
6. Save rules";ProwlerThreatScore-1.0: 2.1.7 | KISA-ISMS-P-2023: 2.6.1, 2.6.2, 2.6.6, 2.10.2 | KISA-ISMS-P-2023-korean: 2.6.1, 2.6.2, 2.6.6, 2.10.2 | AWS-Foundational-Technical-Review: NETSEC-001 | SOC2: cc_6_6 | CCC-v2025.10: CCC.Core.CN01.AR03 | AWS-Well-Architected-Framework-Security-Pillar: SEC05-BP03 | C5-2025: PI-01.01AC | ISO27001-2022: A.8.20, A.8.21, A.8.22 | MITRE-ATTACK: T1199, T1048, T1499, T1498, T1046;internet-exposed;;;;5.27.0;https://docs.aws.amazon.com/vpc/latest/userguide/VPC_SecurityGroups.html | https://support.icompaas.com/support/solutions/articles/62000233790-ensure-no-ec2-instances-allow-ingress-from-the-internet-to-tcp-port-23-telnet- | https://www.trendmicro.com/trendaivisiononecloudriskmanagement/knowledge-base/aws/EC2/unrestricted-telnet-access.html;;
profile: default;2026-05-18 12:36:20.224133;481665130730;;;;;;prowler-aws-ec2_securitygroup_allow_ingress_from_internet_to_tcp_port_telnet_23-481665130730-ap-northeast-2-sg-018446cf6b80a5cea;aws;ec2_securitygroup_allow_ingress_from_internet_to_tcp_port_telnet_23;Security group does not allow ingress from the Internet to TCP port 23 (Telnet);Software and Configuration Checks/AWS Security Best Practices/Network Reachability | Software and Configuration Checks/Industry and Regulatory Standards/AWS Foundational Security Best Practices | Software and Configuration Checks/Industry and Regulatory Standards/CIS AWS Foundations Benchmark | TTPs/Initial Access;PASS;Security group acme-prod-alb-sg (sg-018446cf6b80a5cea) does not have Telnet port 23 open to the Internet.;False;ec2;;high;AwsEc2SecurityGroup;arn:aws:ec2:ap-northeast-2:481665130730:security-group/sg-018446cf6b80a5cea;sg-018446cf6b80a5cea;acme-prod-alb-sg;Environment=prod | Project=acme | Repository=ACME/Assignment_2 | Name=acme-prod-alb-sg | ManagedBy=Terraform | Owner=ACME-Team;aws;ap-northeast-2;**EC2 security groups** are evaluated for rules that allow **inbound Telnet** on `TCP 23` from the Internet (`0.0.0.0/0` or `::/0`).;"Public **Telnet** exposes cleartext credentials and remote shell access.
- Brute-force and credential interception enable account takeover
- Command execution enables data theft and lateral movement

This threatens confidentiality and integrity and can degrade availability through misuse.";;Remove rules permitting Internet access to `TCP 23` from `0.0.0.0/0` or `::/0`. Disable **Telnet** on hosts. Prefer **SSH** or **SSM** and apply **least privilege** network rules. Restrict admin access to trusted IPs, VPN, or private endpoints, and use **defense in depth** with NACLs and logging.;https://hub.prowler.com/check/ec2_securitygroup_allow_ingress_from_internet_to_tcp_port_telnet_23;"```yaml
# CloudFormation: restrict Telnet (port 23) from Internet
Resources:
  <example_resource_name>:
    Type: AWS::EC2::SecurityGroup
    Properties:
      GroupDescription: Restrict Telnet
      VpcId: <example_resource_id>
      SecurityGroupIngress:
        - IpProtocol: tcp
          FromPort: 23
          ToPort: 23
          CidrIp: 10.0.0.0/8  # CRITICAL: Restricts Telnet (23) to internal range; removes Internet-wide (0.0.0.0/0) access
```";"```hcl
resource ""aws_security_group"" ""<example_resource_name>"" {
  vpc_id = ""<example_resource_id>""

  ingress {
    from_port   = 23
    to_port     = 23
    protocol    = ""tcp""
    cidr_blocks = [""10.0.0.0/8""] # CRITICAL: Restricts Telnet (23); do not use 0.0.0.0/0 or ::/0
  }
}
```";"aws ec2 revoke-security-group-ingress --group-id <SECURITY_GROUP_ID> --ip-permissions '[{""IpProtocol"":""tcp"",""FromPort"":23,""ToPort"":23,""IpRanges"":[{""CidrIp"":""0.0.0.0/0""}],""Ipv6Ranges"":[{""CidrIpv6"":""::/0""}]}]'";"1. In the AWS console, go to VPC > Security Groups
2. Select the affected security group and open Inbound rules
3. Click Edit inbound rules
4. Find any rule allowing TCP port 23 (Telnet) from 0.0.0.0/0 or ::/0
5. Delete the rule or change Source to a specific trusted CIDR
6. Save rules";ProwlerThreatScore-1.0: 2.1.7 | KISA-ISMS-P-2023: 2.6.1, 2.6.2, 2.6.6, 2.10.2 | KISA-ISMS-P-2023-korean: 2.6.1, 2.6.2, 2.6.6, 2.10.2 | AWS-Foundational-Technical-Review: NETSEC-001 | SOC2: cc_6_6 | CCC-v2025.10: CCC.Core.CN01.AR03 | AWS-Well-Architected-Framework-Security-Pillar: SEC05-BP03 | C5-2025: PI-01.01AC | ISO27001-2022: A.8.20, A.8.21, A.8.22 | MITRE-ATTACK: T1199, T1048, T1499, T1498, T1046;internet-exposed;;;;5.27.0;https://docs.aws.amazon.com/vpc/latest/userguide/VPC_SecurityGroups.html | https://support.icompaas.com/support/solutions/articles/62000233790-ensure-no-ec2-instances-allow-ingress-from-the-internet-to-tcp-port-23-telnet- | https://www.trendmicro.com/trendaivisiononecloudriskmanagement/knowledge-base/aws/EC2/unrestricted-telnet-access.html;;
profile: default;2026-05-18 12:36:20.224133;481665130730;;;;;;prowler-aws-ec2_securitygroup_allow_wide_open_public_ipv4-481665130730-ap-northeast-2-sg-079f24a1b34315c3c;aws;ec2_securitygroup_allow_wide_open_public_ipv4;Security group has no ingress or egress rules with public IPv4 CIDR ranges from /1 to /23;Software and Configuration Checks/AWS Security Best Practices/Network Reachability | Software and Configuration Checks/Industry and Regulatory Standards/AWS Foundational Security Best Practices | Software and Configuration Checks/Industry and Regulatory Standards/CIS AWS Foundations Benchmark | TTPs/Initial Access/Unauthorized Access;PASS;Security group acme-prod-db-sg (sg-079f24a1b34315c3c) has no potential wide-open non-RFC1918 address.;False;ec2;;high;AwsEc2SecurityGroup;arn:aws:ec2:ap-northeast-2:481665130730:security-group/sg-079f24a1b34315c3c;sg-079f24a1b34315c3c;acme-prod-db-sg;ManagedBy=Terraform | Environment=prod | Project=acme | Repository=ACME/Assignment_2 | Name=acme-prod-db-sg | Owner=ACME-Team;aws;ap-northeast-2;"**EC2 security groups** with rules that permit non-RFC1918 IPv4 ranges wider than `/24` are identified across both **ingress** and **egress**.

The focus is on public CIDRs (`/1`-`/23`) that broadly expose sources or destinations, not on private networks.";"Over-broad public CIDRs expand exposure and enable:
- **Confidentiality** loss via unauthorized access and exfiltration
- **Integrity** compromise by exploiting exposed services
- **Availability** impact from scanning and abuse

Open egress further allows **C2** beacons and bulk data exfiltration to untrusted IPs.";;"Apply **least privilege** on security groups:
- Allow only known IPs (prefer `/32` or tight CIDRs)
- Use **private connectivity** (VPN, Direct Connect, private endpoints)
- Restrict and log **egress**; deny by default
- Segment with security group references and **network ACLs** for **defense-in-depth**";https://hub.prowler.com/check/ec2_securitygroup_allow_wide_open_public_ipv4;"```yaml
# CloudFormation: ensure no public IPv4 CIDR wider than /24
Resources:
  ""<example_resource_name>"":
    Type: AWS::EC2::SecurityGroup
    Properties:
      GroupDescription: ""sg""
      VpcId: ""<example_resource_id>""
      SecurityGroupIngress:
        - IpProtocol: tcp
          FromPort: 443
          ToPort: 443
          CidrIp: 203.0.113.0/24  # Critical: /24 (or private RFC1918) avoids wide-open public /1-/23
```";"```hcl
# Terraform: ensure no public IPv4 CIDR wider than /24
resource ""aws_security_group"" ""<example_resource_name>"" {
  name   = ""<example_resource_name>""
  vpc_id = ""<example_resource_id>""

  ingress {
    from_port   = 443
    to_port     = 443
    protocol    = ""tcp""
    cidr_blocks = [""203.0.113.0/24""] # Critical: /24 (or private RFC1918) avoids wide-open public /1-/23
  }
}
```";;"1. In the AWS Console, go to VPC > Security Groups
2. Select the security group with the finding
3. Click Edit inbound rules (and Edit outbound rules if needed)
4. For any rule with a public IPv4 CIDR mask /1-/23, delete it or change the CIDR to a private RFC1918 range or to /24 or more specific (e.g., 203.0.113.0/24)
5. Save rules";KISA-ISMS-P-2023: 2.6.1, 2.10.2 | KISA-ISMS-P-2023-korean: 2.6.1, 2.10.2 | AWS-Foundational-Technical-Review: NETSEC-001 | SOC2: cc_6_6 | AWS-Well-Architected-Framework-Security-Pillar: SEC03-BP07 | SecNumCloud-3.2: 12.14 | C5-2025: PS-03.02B | ISO27001-2022: A.8.1, A.8.20, A.8.21, A.8.22 | CSA-CCM-4.0: IVS-03;internet-exposed;;;;5.27.0;https://support.icompaas.com/support/solutions/articles/62000229600-ensure-vpc-security-groups-not-wide-open-public-ipv4-cidr-ranges-non-rfc1918- | https://docs.aws.amazon.com/vpc/latest/userguide/VPC_SecurityGroups.html;;
profile: default;2026-05-18 12:36:20.224133;481665130730;;;;;;prowler-aws-ec2_securitygroup_allow_wide_open_public_ipv4-481665130730-ap-northeast-2-sg-0af8ef2d6e3dba258;aws;ec2_securitygroup_allow_wide_open_public_ipv4;Security group has no ingress or egress rules with public IPv4 CIDR ranges from /1 to /23;Software and Configuration Checks/AWS Security Best Practices/Network Reachability | Software and Configuration Checks/Industry and Regulatory Standards/AWS Foundational Security Best Practices | Software and Configuration Checks/Industry and Regulatory Standards/CIS AWS Foundations Benchmark | TTPs/Initial Access/Unauthorized Access;PASS;Security group acme-prod-web-sg (sg-0af8ef2d6e3dba258) has no potential wide-open non-RFC1918 address.;False;ec2;;high;AwsEc2SecurityGroup;arn:aws:ec2:ap-northeast-2:481665130730:security-group/sg-0af8ef2d6e3dba258;sg-0af8ef2d6e3dba258;acme-prod-web-sg;Environment=prod | Project=acme | Repository=ACME/Assignment_2 | Name=acme-prod-web-sg | ManagedBy=Terraform | Owner=ACME-Team;aws;ap-northeast-2;"**EC2 security groups** with rules that permit non-RFC1918 IPv4 ranges wider than `/24` are identified across both **ingress** and **egress**.

The focus is on public CIDRs (`/1`-`/23`) that broadly expose sources or destinations, not on private networks.";"Over-broad public CIDRs expand exposure and enable:
- **Confidentiality** loss via unauthorized access and exfiltration
- **Integrity** compromise by exploiting exposed services
- **Availability** impact from scanning and abuse

Open egress further allows **C2** beacons and bulk data exfiltration to untrusted IPs.";;"Apply **least privilege** on security groups:
- Allow only known IPs (prefer `/32` or tight CIDRs)
- Use **private connectivity** (VPN, Direct Connect, private endpoints)
- Restrict and log **egress**; deny by default
- Segment with security group references and **network ACLs** for **defense-in-depth**";https://hub.prowler.com/check/ec2_securitygroup_allow_wide_open_public_ipv4;"```yaml
# CloudFormation: ensure no public IPv4 CIDR wider than /24
Resources:
  ""<example_resource_name>"":
    Type: AWS::EC2::SecurityGroup
    Properties:
      GroupDescription: ""sg""
      VpcId: ""<example_resource_id>""
      SecurityGroupIngress:
        - IpProtocol: tcp
          FromPort: 443
          ToPort: 443
          CidrIp: 203.0.113.0/24  # Critical: /24 (or private RFC1918) avoids wide-open public /1-/23
```";"```hcl
# Terraform: ensure no public IPv4 CIDR wider than /24
resource ""aws_security_group"" ""<example_resource_name>"" {
  name   = ""<example_resource_name>""
  vpc_id = ""<example_resource_id>""

  ingress {
    from_port   = 443
    to_port     = 443
    protocol    = ""tcp""
    cidr_blocks = [""203.0.113.0/24""] # Critical: /24 (or private RFC1918) avoids wide-open public /1-/23
  }
}
```";;"1. In the AWS Console, go to VPC > Security Groups
2. Select the security group with the finding
3. Click Edit inbound rules (and Edit outbound rules if needed)
4. For any rule with a public IPv4 CIDR mask /1-/23, delete it or change the CIDR to a private RFC1918 range or to /24 or more specific (e.g., 203.0.113.0/24)
5. Save rules";KISA-ISMS-P-2023: 2.6.1, 2.10.2 | KISA-ISMS-P-2023-korean: 2.6.1, 2.10.2 | AWS-Foundational-Technical-Review: NETSEC-001 | SOC2: cc_6_6 | AWS-Well-Architected-Framework-Security-Pillar: SEC03-BP07 | SecNumCloud-3.2: 12.14 | C5-2025: PS-03.02B | ISO27001-2022: A.8.1, A.8.20, A.8.21, A.8.22 | CSA-CCM-4.0: IVS-03;internet-exposed;;;;5.27.0;https://support.icompaas.com/support/solutions/articles/62000229600-ensure-vpc-security-groups-not-wide-open-public-ipv4-cidr-ranges-non-rfc1918- | https://docs.aws.amazon.com/vpc/latest/userguide/VPC_SecurityGroups.html;;
profile: default;2026-05-18 12:36:20.224133;481665130730;;;;;;prowler-aws-ec2_securitygroup_allow_wide_open_public_ipv4-481665130730-ap-northeast-2-sg-018446cf6b80a5cea;aws;ec2_securitygroup_allow_wide_open_public_ipv4;Security group has no ingress or egress rules with public IPv4 CIDR ranges from /1 to /23;Software and Configuration Checks/AWS Security Best Practices/Network Reachability | Software and Configuration Checks/Industry and Regulatory Standards/AWS Foundational Security Best Practices | Software and Configuration Checks/Industry and Regulatory Standards/CIS AWS Foundations Benchmark | TTPs/Initial Access/Unauthorized Access;PASS;Security group acme-prod-alb-sg (sg-018446cf6b80a5cea) has no potential wide-open non-RFC1918 address.;False;ec2;;high;AwsEc2SecurityGroup;arn:aws:ec2:ap-northeast-2:481665130730:security-group/sg-018446cf6b80a5cea;sg-018446cf6b80a5cea;acme-prod-alb-sg;Environment=prod | Project=acme | Repository=ACME/Assignment_2 | Name=acme-prod-alb-sg | ManagedBy=Terraform | Owner=ACME-Team;aws;ap-northeast-2;"**EC2 security groups** with rules that permit non-RFC1918 IPv4 ranges wider than `/24` are identified across both **ingress** and **egress**.

The focus is on public CIDRs (`/1`-`/23`) that broadly expose sources or destinations, not on private networks.";"Over-broad public CIDRs expand exposure and enable:
- **Confidentiality** loss via unauthorized access and exfiltration
- **Integrity** compromise by exploiting exposed services
- **Availability** impact from scanning and abuse

Open egress further allows **C2** beacons and bulk data exfiltration to untrusted IPs.";;"Apply **least privilege** on security groups:
- Allow only known IPs (prefer `/32` or tight CIDRs)
- Use **private connectivity** (VPN, Direct Connect, private endpoints)
- Restrict and log **egress**; deny by default
- Segment with security group references and **network ACLs** for **defense-in-depth**";https://hub.prowler.com/check/ec2_securitygroup_allow_wide_open_public_ipv4;"```yaml
# CloudFormation: ensure no public IPv4 CIDR wider than /24
Resources:
  ""<example_resource_name>"":
    Type: AWS::EC2::SecurityGroup
    Properties:
      GroupDescription: ""sg""
      VpcId: ""<example_resource_id>""
      SecurityGroupIngress:
        - IpProtocol: tcp
          FromPort: 443
          ToPort: 443
          CidrIp: 203.0.113.0/24  # Critical: /24 (or private RFC1918) avoids wide-open public /1-/23
```";"```hcl
# Terraform: ensure no public IPv4 CIDR wider than /24
resource ""aws_security_group"" ""<example_resource_name>"" {
  name   = ""<example_resource_name>""
  vpc_id = ""<example_resource_id>""

  ingress {
    from_port   = 443
    to_port     = 443
    protocol    = ""tcp""
    cidr_blocks = [""203.0.113.0/24""] # Critical: /24 (or private RFC1918) avoids wide-open public /1-/23
  }
}
```";;"1. In the AWS Console, go to VPC > Security Groups
2. Select the security group with the finding
3. Click Edit inbound rules (and Edit outbound rules if needed)
4. For any rule with a public IPv4 CIDR mask /1-/23, delete it or change the CIDR to a private RFC1918 range or to /24 or more specific (e.g., 203.0.113.0/24)
5. Save rules";KISA-ISMS-P-2023: 2.6.1, 2.10.2 | KISA-ISMS-P-2023-korean: 2.6.1, 2.10.2 | AWS-Foundational-Technical-Review: NETSEC-001 | SOC2: cc_6_6 | AWS-Well-Architected-Framework-Security-Pillar: SEC03-BP07 | SecNumCloud-3.2: 12.14 | C5-2025: PS-03.02B | ISO27001-2022: A.8.1, A.8.20, A.8.21, A.8.22 | CSA-CCM-4.0: IVS-03;internet-exposed;;;;5.27.0;https://support.icompaas.com/support/solutions/articles/62000229600-ensure-vpc-security-groups-not-wide-open-public-ipv4-cidr-ranges-non-rfc1918- | https://docs.aws.amazon.com/vpc/latest/userguide/VPC_SecurityGroups.html;;
profile: default;2026-05-18 12:36:20.224133;481665130730;;;;;;prowler-aws-ec2_securitygroup_from_launch_wizard-481665130730-ap-northeast-2-sg-079f24a1b34315c3c;aws;ec2_securitygroup_from_launch_wizard;Security group not created using the EC2 Launch Wizard;Software and Configuration Checks/AWS Security Best Practices/Network Reachability;PASS;Security group acme-prod-db-sg (sg-079f24a1b34315c3c) was not created using the EC2 Launch Wizard.;False;ec2;;medium;AwsEc2SecurityGroup;arn:aws:ec2:ap-northeast-2:481665130730:security-group/sg-079f24a1b34315c3c;sg-079f24a1b34315c3c;acme-prod-db-sg;ManagedBy=Terraform | Environment=prod | Project=acme | Repository=ACME/Assignment_2 | Name=acme-prod-db-sg | Owner=ACME-Team;aws;ap-northeast-2;**EC2 security groups** whose names include `launch-wizard` are identified as created by the **EC2 Launch Wizard**, distinguishing auto-generated groups from curated, baseline-controlled groups.;"Wizard-generated groups often include **overly permissive rules** (e.g., `0.0.0.0/0` to admin ports), expanding exposure. Attackers can run **port scans** and **brute-force** to gain entry, then **lateral movement** and **data exfiltration**, impacting **confidentiality** and **integrity**; broad egress aids command-and-control.";;Replace or harden these groups. Apply **least privilege**: restrict inbound to required sources, avoid public admin ports, and minimize egress. Use approved baseline security groups, enforce change control with IaC and guardrails, prefer private administration (bastion or Session Manager), and remove unused rules.;https://hub.prowler.com/check/ec2_securitygroup_from_launch_wizard;"```yaml
# CloudFormation: create a security group not named by Launch Wizard
Resources:
  <example_resource_name>:
    Type: AWS::EC2::SecurityGroup
    Properties:
      GroupDescription: SG not created by Launch Wizard
      VpcId: <example_resource_id>
      GroupName: <example_resource_name>  # Critical: name does NOT contain ""launch-wizard"" to avoid FAIL
```";"```hcl
# Create a security group not named by Launch Wizard
resource ""aws_security_group"" ""<example_resource_name>"" {
  name   = ""<example_resource_name>""  # Critical: name does NOT contain ""launch-wizard"" to avoid FAIL
  vpc_id = ""<example_resource_id>""
}
```";aws ec2 delete-security-group --group-id <SECURITY_GROUP_ID>;"1. In the AWS console, go to EC2 > Network & Security > Security Groups
2. In the search box, filter by Name contains ""launch-wizard""
3. For each matching group, open the References tab and remove it from any ENIs/instances by replacing it with a different security group
4. Select the launch-wizard security group and choose Actions > Delete security group > Delete
5. Verify no security groups remain with names containing ""launch-wizard""";KISA-ISMS-P-2023: 2.10.2 | KISA-ISMS-P-2023-korean: 2.10.2 | AWS-Well-Architected-Framework-Security-Pillar: SEC05-BP03 | ENS-RD2022: mp.com.1.aws.sg.1 | ISO27001-2022: A.8.20, A.8.21, A.8.22;;;;;5.27.0;https://www.trendmicro.com/trendaivisiononecloudriskmanagement/knowledge-base/aws/EC2/security-group-prefixed-with-launch-wizard.html | https://docs.aws.amazon.com/eks/latest/userguide/sec-group-reqs.html;;
profile: default;2026-05-18 12:36:20.224133;481665130730;;;;;;prowler-aws-ec2_securitygroup_from_launch_wizard-481665130730-ap-northeast-2-sg-0af8ef2d6e3dba258;aws;ec2_securitygroup_from_launch_wizard;Security group not created using the EC2 Launch Wizard;Software and Configuration Checks/AWS Security Best Practices/Network Reachability;PASS;Security group acme-prod-web-sg (sg-0af8ef2d6e3dba258) was not created using the EC2 Launch Wizard.;False;ec2;;medium;AwsEc2SecurityGroup;arn:aws:ec2:ap-northeast-2:481665130730:security-group/sg-0af8ef2d6e3dba258;sg-0af8ef2d6e3dba258;acme-prod-web-sg;Environment=prod | Project=acme | Repository=ACME/Assignment_2 | Name=acme-prod-web-sg | ManagedBy=Terraform | Owner=ACME-Team;aws;ap-northeast-2;**EC2 security groups** whose names include `launch-wizard` are identified as created by the **EC2 Launch Wizard**, distinguishing auto-generated groups from curated, baseline-controlled groups.;"Wizard-generated groups often include **overly permissive rules** (e.g., `0.0.0.0/0` to admin ports), expanding exposure. Attackers can run **port scans** and **brute-force** to gain entry, then **lateral movement** and **data exfiltration**, impacting **confidentiality** and **integrity**; broad egress aids command-and-control.";;Replace or harden these groups. Apply **least privilege**: restrict inbound to required sources, avoid public admin ports, and minimize egress. Use approved baseline security groups, enforce change control with IaC and guardrails, prefer private administration (bastion or Session Manager), and remove unused rules.;https://hub.prowler.com/check/ec2_securitygroup_from_launch_wizard;"```yaml
# CloudFormation: create a security group not named by Launch Wizard
Resources:
  <example_resource_name>:
    Type: AWS::EC2::SecurityGroup
    Properties:
      GroupDescription: SG not created by Launch Wizard
      VpcId: <example_resource_id>
      GroupName: <example_resource_name>  # Critical: name does NOT contain ""launch-wizard"" to avoid FAIL
```";"```hcl
# Create a security group not named by Launch Wizard
resource ""aws_security_group"" ""<example_resource_name>"" {
  name   = ""<example_resource_name>""  # Critical: name does NOT contain ""launch-wizard"" to avoid FAIL
  vpc_id = ""<example_resource_id>""
}
```";aws ec2 delete-security-group --group-id <SECURITY_GROUP_ID>;"1. In the AWS console, go to EC2 > Network & Security > Security Groups
2. In the search box, filter by Name contains ""launch-wizard""
3. For each matching group, open the References tab and remove it from any ENIs/instances by replacing it with a different security group
4. Select the launch-wizard security group and choose Actions > Delete security group > Delete
5. Verify no security groups remain with names containing ""launch-wizard""";KISA-ISMS-P-2023: 2.10.2 | KISA-ISMS-P-2023-korean: 2.10.2 | AWS-Well-Architected-Framework-Security-Pillar: SEC05-BP03 | ENS-RD2022: mp.com.1.aws.sg.1 | ISO27001-2022: A.8.20, A.8.21, A.8.22;;;;;5.27.0;https://www.trendmicro.com/trendaivisiononecloudriskmanagement/knowledge-base/aws/EC2/security-group-prefixed-with-launch-wizard.html | https://docs.aws.amazon.com/eks/latest/userguide/sec-group-reqs.html;;
profile: default;2026-05-18 12:36:20.224133;481665130730;;;;;;prowler-aws-ec2_securitygroup_from_launch_wizard-481665130730-ap-northeast-2-sg-018446cf6b80a5cea;aws;ec2_securitygroup_from_launch_wizard;Security group not created using the EC2 Launch Wizard;Software and Configuration Checks/AWS Security Best Practices/Network Reachability;PASS;Security group acme-prod-alb-sg (sg-018446cf6b80a5cea) was not created using the EC2 Launch Wizard.;False;ec2;;medium;AwsEc2SecurityGroup;arn:aws:ec2:ap-northeast-2:481665130730:security-group/sg-018446cf6b80a5cea;sg-018446cf6b80a5cea;acme-prod-alb-sg;Environment=prod | Project=acme | Repository=ACME/Assignment_2 | Name=acme-prod-alb-sg | ManagedBy=Terraform | Owner=ACME-Team;aws;ap-northeast-2;**EC2 security groups** whose names include `launch-wizard` are identified as created by the **EC2 Launch Wizard**, distinguishing auto-generated groups from curated, baseline-controlled groups.;"Wizard-generated groups often include **overly permissive rules** (e.g., `0.0.0.0/0` to admin ports), expanding exposure. Attackers can run **port scans** and **brute-force** to gain entry, then **lateral movement** and **data exfiltration**, impacting **confidentiality** and **integrity**; broad egress aids command-and-control.";;Replace or harden these groups. Apply **least privilege**: restrict inbound to required sources, avoid public admin ports, and minimize egress. Use approved baseline security groups, enforce change control with IaC and guardrails, prefer private administration (bastion or Session Manager), and remove unused rules.;https://hub.prowler.com/check/ec2_securitygroup_from_launch_wizard;"```yaml
# CloudFormation: create a security group not named by Launch Wizard
Resources:
  <example_resource_name>:
    Type: AWS::EC2::SecurityGroup
    Properties:
      GroupDescription: SG not created by Launch Wizard
      VpcId: <example_resource_id>
      GroupName: <example_resource_name>  # Critical: name does NOT contain ""launch-wizard"" to avoid FAIL
```";"```hcl
# Create a security group not named by Launch Wizard
resource ""aws_security_group"" ""<example_resource_name>"" {
  name   = ""<example_resource_name>""  # Critical: name does NOT contain ""launch-wizard"" to avoid FAIL
  vpc_id = ""<example_resource_id>""
}
```";aws ec2 delete-security-group --group-id <SECURITY_GROUP_ID>;"1. In the AWS console, go to EC2 > Network & Security > Security Groups
2. In the search box, filter by Name contains ""launch-wizard""
3. For each matching group, open the References tab and remove it from any ENIs/instances by replacing it with a different security group
4. Select the launch-wizard security group and choose Actions > Delete security group > Delete
5. Verify no security groups remain with names containing ""launch-wizard""";KISA-ISMS-P-2023: 2.10.2 | KISA-ISMS-P-2023-korean: 2.10.2 | AWS-Well-Architected-Framework-Security-Pillar: SEC05-BP03 | ENS-RD2022: mp.com.1.aws.sg.1 | ISO27001-2022: A.8.20, A.8.21, A.8.22;;;;;5.27.0;https://www.trendmicro.com/trendaivisiononecloudriskmanagement/knowledge-base/aws/EC2/security-group-prefixed-with-launch-wizard.html | https://docs.aws.amazon.com/eks/latest/userguide/sec-group-reqs.html;;
profile: default;2026-05-18 12:36:20.224133;481665130730;;;;;;prowler-aws-ec2_securitygroup_not_used-481665130730-ap-northeast-2-sg-079f24a1b34315c3c;aws;ec2_securitygroup_not_used;Non-default EC2 security group is in use;Software and Configuration Checks/AWS Security Best Practices;PASS;Security group acme-prod-db-sg (sg-079f24a1b34315c3c) it is being used.;False;ec2;;low;AwsEc2SecurityGroup;arn:aws:ec2:ap-northeast-2:481665130730:security-group/sg-079f24a1b34315c3c;sg-079f24a1b34315c3c;acme-prod-db-sg;ManagedBy=Terraform | Environment=prod | Project=acme | Repository=ACME/Assignment_2 | Name=acme-prod-db-sg | Owner=ACME-Team;aws;ap-northeast-2;EC2 security groups, except `default`, are assessed for **unused** status: zero attached network interfaces, no AWS Lambda associations, and no references from other security groups.;Orphaned security groups may later be attached with **overly permissive rules** without review, enabling unintended inbound or lateral access that compromises **confidentiality** and **integrity**. They also create **configuration drift**, increasing the chance of misapplied access controls.;;Apply **least privilege** and strong lifecycle management: delete or quarantine **unused security groups**, enforce ownership tags and retention policies, review regularly, and manage changes via IaC with approvals. Restrict who can attach groups and use guardrails to prevent reuse of stale or permissive groups.;https://hub.prowler.com/check/ec2_securitygroup_not_used;;"```hcl
# Destroy the unused non-default security group
resource ""aws_security_group"" ""<example_resource_name>"" {
  count = 0 # Critical: setting count=0 removes/destroys this unused SG
}
```";aws ec2 delete-security-group --group-id <SECURITY_GROUP_ID>;"1. In the AWS Console, go to EC2 > Security Groups
2. Select the non-default security group that shows Used by = 0 (no network interfaces or resources)
3. Click Actions > Delete security group > Delete";KISA-ISMS-P-2023: 2.10.2 | NIST-CSF-2.0: ac_5, ip_1 | KISA-ISMS-P-2023-korean: 2.10.2 | AWS-Foundational-Technical-Review: NETSEC-001 | AWS-Well-Architected-Framework-Security-Pillar: SEC05-BP03 | ENS-RD2022: mp.com.1.aws.sg.3 | ISO27001-2022: A.8.20, A.8.21, A.8.22 | AWS-Foundational-Security-Best-Practices: EC2.22;trust-boundaries;;;;5.27.0;https://www.trendmicro.com/trendaivisiononecloudriskmanagement/knowledge-base/aws/EC2/default-security-group-unrestricted.html | https://docs.aws.amazon.com/AWSEC2/latest/UserGuide/ec2-security-groups.html;;
profile: default;2026-05-18 12:36:20.224133;481665130730;;;;;;prowler-aws-ec2_securitygroup_not_used-481665130730-ap-northeast-2-sg-0af8ef2d6e3dba258;aws;ec2_securitygroup_not_used;Non-default EC2 security group is in use;Software and Configuration Checks/AWS Security Best Practices;PASS;Security group acme-prod-web-sg (sg-0af8ef2d6e3dba258) it is being used.;False;ec2;;low;AwsEc2SecurityGroup;arn:aws:ec2:ap-northeast-2:481665130730:security-group/sg-0af8ef2d6e3dba258;sg-0af8ef2d6e3dba258;acme-prod-web-sg;Environment=prod | Project=acme | Repository=ACME/Assignment_2 | Name=acme-prod-web-sg | ManagedBy=Terraform | Owner=ACME-Team;aws;ap-northeast-2;EC2 security groups, except `default`, are assessed for **unused** status: zero attached network interfaces, no AWS Lambda associations, and no references from other security groups.;Orphaned security groups may later be attached with **overly permissive rules** without review, enabling unintended inbound or lateral access that compromises **confidentiality** and **integrity**. They also create **configuration drift**, increasing the chance of misapplied access controls.;;Apply **least privilege** and strong lifecycle management: delete or quarantine **unused security groups**, enforce ownership tags and retention policies, review regularly, and manage changes via IaC with approvals. Restrict who can attach groups and use guardrails to prevent reuse of stale or permissive groups.;https://hub.prowler.com/check/ec2_securitygroup_not_used;;"```hcl
# Destroy the unused non-default security group
resource ""aws_security_group"" ""<example_resource_name>"" {
  count = 0 # Critical: setting count=0 removes/destroys this unused SG
}
```";aws ec2 delete-security-group --group-id <SECURITY_GROUP_ID>;"1. In the AWS Console, go to EC2 > Security Groups
2. Select the non-default security group that shows Used by = 0 (no network interfaces or resources)
3. Click Actions > Delete security group > Delete";KISA-ISMS-P-2023: 2.10.2 | NIST-CSF-2.0: ac_5, ip_1 | KISA-ISMS-P-2023-korean: 2.10.2 | AWS-Foundational-Technical-Review: NETSEC-001 | AWS-Well-Architected-Framework-Security-Pillar: SEC05-BP03 | ENS-RD2022: mp.com.1.aws.sg.3 | ISO27001-2022: A.8.20, A.8.21, A.8.22 | AWS-Foundational-Security-Best-Practices: EC2.22;trust-boundaries;;;;5.27.0;https://www.trendmicro.com/trendaivisiononecloudriskmanagement/knowledge-base/aws/EC2/default-security-group-unrestricted.html | https://docs.aws.amazon.com/AWSEC2/latest/UserGuide/ec2-security-groups.html;;
profile: default;2026-05-18 12:36:20.224133;481665130730;;;;;;prowler-aws-ec2_securitygroup_not_used-481665130730-ap-northeast-2-sg-018446cf6b80a5cea;aws;ec2_securitygroup_not_used;Non-default EC2 security group is in use;Software and Configuration Checks/AWS Security Best Practices;PASS;Security group acme-prod-alb-sg (sg-018446cf6b80a5cea) it is being used.;False;ec2;;low;AwsEc2SecurityGroup;arn:aws:ec2:ap-northeast-2:481665130730:security-group/sg-018446cf6b80a5cea;sg-018446cf6b80a5cea;acme-prod-alb-sg;Environment=prod | Project=acme | Repository=ACME/Assignment_2 | Name=acme-prod-alb-sg | ManagedBy=Terraform | Owner=ACME-Team;aws;ap-northeast-2;EC2 security groups, except `default`, are assessed for **unused** status: zero attached network interfaces, no AWS Lambda associations, and no references from other security groups.;Orphaned security groups may later be attached with **overly permissive rules** without review, enabling unintended inbound or lateral access that compromises **confidentiality** and **integrity**. They also create **configuration drift**, increasing the chance of misapplied access controls.;;Apply **least privilege** and strong lifecycle management: delete or quarantine **unused security groups**, enforce ownership tags and retention policies, review regularly, and manage changes via IaC with approvals. Restrict who can attach groups and use guardrails to prevent reuse of stale or permissive groups.;https://hub.prowler.com/check/ec2_securitygroup_not_used;;"```hcl
# Destroy the unused non-default security group
resource ""aws_security_group"" ""<example_resource_name>"" {
  count = 0 # Critical: setting count=0 removes/destroys this unused SG
}
```";aws ec2 delete-security-group --group-id <SECURITY_GROUP_ID>;"1. In the AWS Console, go to EC2 > Security Groups
2. Select the non-default security group that shows Used by = 0 (no network interfaces or resources)
3. Click Actions > Delete security group > Delete";KISA-ISMS-P-2023: 2.10.2 | NIST-CSF-2.0: ac_5, ip_1 | KISA-ISMS-P-2023-korean: 2.10.2 | AWS-Foundational-Technical-Review: NETSEC-001 | AWS-Well-Architected-Framework-Security-Pillar: SEC05-BP03 | ENS-RD2022: mp.com.1.aws.sg.3 | ISO27001-2022: A.8.20, A.8.21, A.8.22 | AWS-Foundational-Security-Best-Practices: EC2.22;trust-boundaries;;;;5.27.0;https://www.trendmicro.com/trendaivisiononecloudriskmanagement/knowledge-base/aws/EC2/default-security-group-unrestricted.html | https://docs.aws.amazon.com/AWSEC2/latest/UserGuide/ec2-security-groups.html;;
profile: default;2026-05-18 12:36:20.224133;481665130730;;;;;;prowler-aws-ec2_securitygroup_with_many_ingress_egress_rules-481665130730-ap-northeast-2-sg-079f24a1b34315c3c;aws;ec2_securitygroup_with_many_ingress_egress_rules;Security group has 50 or fewer inbound rules and 50 or fewer outbound rules;Software and Configuration Checks/AWS Security Best Practices/Network Reachability | Software and Configuration Checks/Industry and Regulatory Standards/AWS Foundational Security Best Practices | Software and Configuration Checks/Industry and Regulatory Standards/CIS AWS Foundations Benchmark;PASS;Security group acme-prod-db-sg (sg-079f24a1b34315c3c) has 1 inbound rules and 1 outbound rules.;False;ec2;;medium;AwsEc2SecurityGroup;arn:aws:ec2:ap-northeast-2:481665130730:security-group/sg-079f24a1b34315c3c;sg-079f24a1b34315c3c;acme-prod-db-sg;ManagedBy=Terraform | Environment=prod | Project=acme | Repository=ACME/Assignment_2 | Name=acme-prod-db-sg | Owner=ACME-Team;aws;ap-northeast-2;**EC2 security groups** are evaluated for excessive rule counts, flagging groups where `ingress` or `egress` entries exceed the configured threshold (default `50`). This targets groups with unusually large rule sets that complicate access control.;**Rule sprawl** weakens **least privilege**: large rule sets can hide overly permissive entries, exposing services to the Internet or unintended peers. This enables unauthorized access, data exfiltration, and lateral movement, impacting **confidentiality** and **integrity**, and can threaten **availability** via abuse of exposed services.;;"Apply **least privilege** and **segmentation**:
- Limit rules to required ports, protocols, and sources
- Split workloads into dedicated security groups per role
- Prefer SG-to-SG references over broad CIDRs
- Regularly review, deduplicate, and remove stale rules
- Layer controls (NACLs, private endpoints) for **defense in depth**";https://hub.prowler.com/check/ec2_securitygroup_with_many_ingress_egress_rules;"```yaml
# CloudFormation: Security group with limited number of rules
Resources:
  <example_resource_name>:
    Type: AWS::EC2::SecurityGroup
    Properties:
      GroupDescription: ""<example_resource_name>""
      VpcId: <example_resource_id>
      SecurityGroupIngress:
        - IpProtocol: tcp
          FromPort: 443
          ToPort: 443
          CidrIp: 10.0.0.0/8  # Critical: keep total inbound rules  50; this example defines only 1 rule to ensure compliance
```";"```hcl
# Terraform: Security group with limited number of rules
resource ""aws_security_group"" ""<example_resource_name>"" {
  name   = ""<example_resource_name>""
  vpc_id = ""<example_resource_id>""

  ingress {                      # Critical: keep total ingress/egress rules  50; single rule ensures PASS
    from_port   = 443
    to_port     = 443
    protocol    = ""tcp""
    cidr_blocks = [""10.0.0.0/8""]
  }
}
```";;"1. In the AWS console, go to EC2 > Security Groups
2. Select the security group that FAILED
3. In Inbound rules, click Edit inbound rules
4. Delete rules until the inbound rule count is 50 or fewer, then Save
5. In Outbound rules, click Edit outbound rules
6. Delete rules until the outbound rule count is 50 or fewer, then Save";KISA-ISMS-P-2023: 2.10.2 | KISA-ISMS-P-2023-korean: 2.10.2 | AWS-Foundational-Technical-Review: NETSEC-001 | AWS-Well-Architected-Framework-Security-Pillar: SEC05-BP03 | ISO27001-2022: A.8.20, A.8.21, A.8.22;trust-boundaries;;;;5.27.0;https://docs.aws.amazon.com/vpc/latest/userguide/VPC_SecurityGroups.html | https://www.trendmicro.com/trendaivisiononecloudriskmanagement/knowledge-base/aws/EC2/security-group-rules-counts.html;;
profile: default;2026-05-18 12:36:20.224133;481665130730;;;;;;prowler-aws-ec2_securitygroup_with_many_ingress_egress_rules-481665130730-ap-northeast-2-sg-0af8ef2d6e3dba258;aws;ec2_securitygroup_with_many_ingress_egress_rules;Security group has 50 or fewer inbound rules and 50 or fewer outbound rules;Software and Configuration Checks/AWS Security Best Practices/Network Reachability | Software and Configuration Checks/Industry and Regulatory Standards/AWS Foundational Security Best Practices | Software and Configuration Checks/Industry and Regulatory Standards/CIS AWS Foundations Benchmark;PASS;Security group acme-prod-web-sg (sg-0af8ef2d6e3dba258) has 2 inbound rules and 1 outbound rules.;False;ec2;;medium;AwsEc2SecurityGroup;arn:aws:ec2:ap-northeast-2:481665130730:security-group/sg-0af8ef2d6e3dba258;sg-0af8ef2d6e3dba258;acme-prod-web-sg;Environment=prod | Project=acme | Repository=ACME/Assignment_2 | Name=acme-prod-web-sg | ManagedBy=Terraform | Owner=ACME-Team;aws;ap-northeast-2;**EC2 security groups** are evaluated for excessive rule counts, flagging groups where `ingress` or `egress` entries exceed the configured threshold (default `50`). This targets groups with unusually large rule sets that complicate access control.;**Rule sprawl** weakens **least privilege**: large rule sets can hide overly permissive entries, exposing services to the Internet or unintended peers. This enables unauthorized access, data exfiltration, and lateral movement, impacting **confidentiality** and **integrity**, and can threaten **availability** via abuse of exposed services.;;"Apply **least privilege** and **segmentation**:
- Limit rules to required ports, protocols, and sources
- Split workloads into dedicated security groups per role
- Prefer SG-to-SG references over broad CIDRs
- Regularly review, deduplicate, and remove stale rules
- Layer controls (NACLs, private endpoints) for **defense in depth**";https://hub.prowler.com/check/ec2_securitygroup_with_many_ingress_egress_rules;"```yaml
# CloudFormation: Security group with limited number of rules
Resources:
  <example_resource_name>:
    Type: AWS::EC2::SecurityGroup
    Properties:
      GroupDescription: ""<example_resource_name>""
      VpcId: <example_resource_id>
      SecurityGroupIngress:
        - IpProtocol: tcp
          FromPort: 443
          ToPort: 443
          CidrIp: 10.0.0.0/8  # Critical: keep total inbound rules  50; this example defines only 1 rule to ensure compliance
```";"```hcl
# Terraform: Security group with limited number of rules
resource ""aws_security_group"" ""<example_resource_name>"" {
  name   = ""<example_resource_name>""
  vpc_id = ""<example_resource_id>""

  ingress {                      # Critical: keep total ingress/egress rules  50; single rule ensures PASS
    from_port   = 443
    to_port     = 443
    protocol    = ""tcp""
    cidr_blocks = [""10.0.0.0/8""]
  }
}
```";;"1. In the AWS console, go to EC2 > Security Groups
2. Select the security group that FAILED
3. In Inbound rules, click Edit inbound rules
4. Delete rules until the inbound rule count is 50 or fewer, then Save
5. In Outbound rules, click Edit outbound rules
6. Delete rules until the outbound rule count is 50 or fewer, then Save";KISA-ISMS-P-2023: 2.10.2 | KISA-ISMS-P-2023-korean: 2.10.2 | AWS-Foundational-Technical-Review: NETSEC-001 | AWS-Well-Architected-Framework-Security-Pillar: SEC05-BP03 | ISO27001-2022: A.8.20, A.8.21, A.8.22;trust-boundaries;;;;5.27.0;https://docs.aws.amazon.com/vpc/latest/userguide/VPC_SecurityGroups.html | https://www.trendmicro.com/trendaivisiononecloudriskmanagement/knowledge-base/aws/EC2/security-group-rules-counts.html;;
profile: default;2026-05-18 12:36:20.224133;481665130730;;;;;;prowler-aws-ec2_securitygroup_with_many_ingress_egress_rules-481665130730-ap-northeast-2-sg-018446cf6b80a5cea;aws;ec2_securitygroup_with_many_ingress_egress_rules;Security group has 50 or fewer inbound rules and 50 or fewer outbound rules;Software and Configuration Checks/AWS Security Best Practices/Network Reachability | Software and Configuration Checks/Industry and Regulatory Standards/AWS Foundational Security Best Practices | Software and Configuration Checks/Industry and Regulatory Standards/CIS AWS Foundations Benchmark;PASS;Security group acme-prod-alb-sg (sg-018446cf6b80a5cea) has 2 inbound rules and 1 outbound rules.;False;ec2;;medium;AwsEc2SecurityGroup;arn:aws:ec2:ap-northeast-2:481665130730:security-group/sg-018446cf6b80a5cea;sg-018446cf6b80a5cea;acme-prod-alb-sg;Environment=prod | Project=acme | Repository=ACME/Assignment_2 | Name=acme-prod-alb-sg | ManagedBy=Terraform | Owner=ACME-Team;aws;ap-northeast-2;**EC2 security groups** are evaluated for excessive rule counts, flagging groups where `ingress` or `egress` entries exceed the configured threshold (default `50`). This targets groups with unusually large rule sets that complicate access control.;**Rule sprawl** weakens **least privilege**: large rule sets can hide overly permissive entries, exposing services to the Internet or unintended peers. This enables unauthorized access, data exfiltration, and lateral movement, impacting **confidentiality** and **integrity**, and can threaten **availability** via abuse of exposed services.;;"Apply **least privilege** and **segmentation**:
- Limit rules to required ports, protocols, and sources
- Split workloads into dedicated security groups per role
- Prefer SG-to-SG references over broad CIDRs
- Regularly review, deduplicate, and remove stale rules
- Layer controls (NACLs, private endpoints) for **defense in depth**";https://hub.prowler.com/check/ec2_securitygroup_with_many_ingress_egress_rules;"```yaml
# CloudFormation: Security group with limited number of rules
Resources:
  <example_resource_name>:
    Type: AWS::EC2::SecurityGroup
    Properties:
      GroupDescription: ""<example_resource_name>""
      VpcId: <example_resource_id>
      SecurityGroupIngress:
        - IpProtocol: tcp
          FromPort: 443
          ToPort: 443
          CidrIp: 10.0.0.0/8  # Critical: keep total inbound rules  50; this example defines only 1 rule to ensure compliance
```";"```hcl
# Terraform: Security group with limited number of rules
resource ""aws_security_group"" ""<example_resource_name>"" {
  name   = ""<example_resource_name>""
  vpc_id = ""<example_resource_id>""

  ingress {                      # Critical: keep total ingress/egress rules  50; single rule ensures PASS
    from_port   = 443
    to_port     = 443
    protocol    = ""tcp""
    cidr_blocks = [""10.0.0.0/8""]
  }
}
```";;"1. In the AWS console, go to EC2 > Security Groups
2. Select the security group that FAILED
3. In Inbound rules, click Edit inbound rules
4. Delete rules until the inbound rule count is 50 or fewer, then Save
5. In Outbound rules, click Edit outbound rules
6. Delete rules until the outbound rule count is 50 or fewer, then Save";KISA-ISMS-P-2023: 2.10.2 | KISA-ISMS-P-2023-korean: 2.10.2 | AWS-Foundational-Technical-Review: NETSEC-001 | AWS-Well-Architected-Framework-Security-Pillar: SEC05-BP03 | ISO27001-2022: A.8.20, A.8.21, A.8.22;trust-boundaries;;;;5.27.0;https://docs.aws.amazon.com/vpc/latest/userguide/VPC_SecurityGroups.html | https://www.trendmicro.com/trendaivisiononecloudriskmanagement/knowledge-base/aws/EC2/security-group-rules-counts.html;;
